[0.000000] (-) TimerEvent: {}
[0.000771] (gazebo_ros_link_attacher) JobQueued: {'identifier': 'gazebo_ros_link_attacher', 'dependencies': OrderedDict()}
[0.000888] (multi_robot_coop) JobQueued: {'identifier': 'multi_robot_coop', 'dependencies': OrderedDict()}
[0.000969] (robotiq_85_description) JobQueued: {'identifier': 'robotiq_85_description', 'dependencies': OrderedDict()}
[0.001047] (robotiq_85_msgs) JobQueued: {'identifier': 'robotiq_85_msgs', 'dependencies': OrderedDict()}
[0.001123] (robotiq_85_driver) JobQueued: {'identifier': 'robotiq_85_driver', 'dependencies': OrderedDict([('robotiq_85_msgs', '/home/kishu/roboticslab-technical-project/ros2_ws/install/robotiq_85_msgs')])}
[0.001204] (robotiq_85_gripper) JobQueued: {'identifier': 'robotiq_85_gripper', 'dependencies': OrderedDict([('robotiq_85_description', '/home/kishu/roboticslab-technical-project/ros2_ws/install/robotiq_85_description'), ('robotiq_85_msgs', '/home/kishu/roboticslab-technical-project/ros2_ws/install/robotiq_85_msgs'), ('robotiq_85_driver', '/home/kishu/roboticslab-technical-project/ros2_ws/install/robotiq_85_driver')])}
[0.001285] (robotiq_85_msgs) JobStarted: {'identifier': 'robotiq_85_msgs'}
[0.010136] (robotiq_85_description) JobStarted: {'identifier': 'robotiq_85_description'}
[0.016725] (gazebo_ros_link_attacher) JobStarted: {'identifier': 'gazebo_ros_link_attacher'}
[0.022099] (multi_robot_coop) JobStarted: {'identifier': 'multi_robot_coop'}
[0.035013] (robotiq_85_msgs) JobProgress: {'identifier': 'robotiq_85_msgs', 'progress': 'cmake'}
[0.036360] (robotiq_85_msgs) JobProgress: {'identifier': 'robotiq_85_msgs', 'progress': 'build'}
[0.037822] (robotiq_85_msgs) Command: {'cmd': ['/usr/bin/cmake', '--build', '/home/kishu/roboticslab-technical-project/ros2_ws/build/robotiq_85_msgs', '--', '-j4', '-l4'], 'cwd': '/home/kishu/roboticslab-technical-project/ros2_ws/build/robotiq_85_msgs', 'env': OrderedDict([('LESSOPEN', '| /usr/bin/lesspipe %s'), ('USER', 'kishu'), ('SHLVL', '1'), ('LD_LIBRARY_PATH', '/usr/lib/x86_64-linux-gnu/gazebo-11/plugins:/opt/ros/humble/opt/rviz_ogre_vendor/lib:/opt/ros/humble/lib/x86_64-linux-gnu:/opt/ros/humble/lib'), ('HOME', '/home/kishu'), ('OLDPWD', '/home/kishu'), ('ROS_PYTHON_VERSION', '3'), ('DBUS_SESSION_BUS_ADDRESS', 'unix:path=/run/user/1000/bus'), ('WSL_DISTRO_NAME', 'Ubuntu-22.04'), ('WAYLAND_DISPLAY', 'wayland-0'), ('ROS_DISTRO', 'humble'), ('LOGNAME', 'kishu'), ('NAME', 'DESKTOP-07TM2Q3'), ('WSL_INTEROP', '/run/WSL/1395_interop'), ('PULSE_SERVER', 'unix:/mnt/wslg/PulseServer'), ('_', '/usr/bin/colcon'), ('ROS_VERSION', '2'), ('TERM', 'xterm-256color'), ('GAZEBO_MODEL_PATH', '/home/kishu/roboticslab-technical-project/models::/opt/ros/humble/share/turtlebot3_gazebo/models'), ('ROS_LOCALHOST_ONLY', '0'), ('PATH', '/home/kishu/.local/bin:/opt/ros/humble/bin:/usr/local/sbin:/usr/local/bin:/usr/sbin:/usr/bin:/sbin:/bin:/usr/games:/usr/local/games:/usr/lib/wsl/lib:/mnt/c/Program Files/WindowsApps/CanonicalGroupLimited.Ubuntu22.04LTS_2204.5.10021.0_x64__79rhkp1fndgsc:/mnt/c/Windows/system32:/mnt/c/Windows:/mnt/c/Windows/System32/Wbem:/mnt/c/Windows/System32/WindowsPowerShell/v1.0/:/mnt/c/Windows/System32/OpenSSH/:/mnt/c/Program Files/Git/cmd:/mnt/c/Users/Mohamad/AppData/Local/Microsoft/WindowsApps:/mnt/c/Users/Mohamad/AppData/Local/Programs/Microsoft VS Code/bin:/mnt/c/Users/Mohamad/AppData/Local/GitHubDesktop/bin:/snap/bin'), ('XDG_RUNTIME_DIR', '/run/user/1000/'), ('DISPLAY', ':0'), ('LANG', 'C.UTF-8'), ('LS_COLORS', 'rs=0:di=01;34:ln=01;36:mh=00:pi=40;33:so=01;35:do=01;35:bd=40;33;01:cd=40;33;01:or=40;31;01:mi=00:su=37;41:sg=30;43:ca=30;41:tw=30;42:ow=34;42:st=37;44:ex=01;32:*.tar=01;31:*.tgz=01;31:*.arc=01;31:*.arj=01;31:*.taz=01;31:*.lha=01;31:*.lz4=01;31:*.lzh=01;31:*.lzma=01;31:*.tlz=01;31:*.txz=01;31:*.tzo=01;31:*.t7z=01;31:*.zip=01;31:*.z=01;31:*.dz=01;31:*.gz=01;31:*.lrz=01;31:*.lz=01;31:*.lzo=01;31:*.xz=01;31:*.zst=01;31:*.tzst=01;31:*.bz2=01;31:*.bz=01;31:*.tbz=01;31:*.tbz2=01;31:*.tz=01;31:*.deb=01;31:*.rpm=01;31:*.jar=01;31:*.war=01;31:*.ear=01;31:*.sar=01;31:*.rar=01;31:*.alz=01;31:*.ace=01;31:*.zoo=01;31:*.cpio=01;31:*.7z=01;31:*.rz=01;31:*.cab=01;31:*.wim=01;31:*.swm=01;31:*.dwm=01;31:*.esd=01;31:*.jpg=01;35:*.jpeg=01;35:*.mjpg=01;35:*.mjpeg=01;35:*.gif=01;35:*.bmp=01;35:*.pbm=01;35:*.pgm=01;35:*.ppm=01;35:*.tga=01;35:*.xbm=01;35:*.xpm=01;35:*.tif=01;35:*.tiff=01;35:*.png=01;35:*.svg=01;35:*.svgz=01;35:*.mng=01;35:*.pcx=01;35:*.mov=01;35:*.mpg=01;35:*.mpeg=01;35:*.m2v=01;35:*.mkv=01;35:*.webm=01;35:*.webp=01;35:*.ogm=01;35:*.mp4=01;35:*.m4v=01;35:*.mp4v=01;35:*.vob=01;35:*.qt=01;35:*.nuv=01;35:*.wmv=01;35:*.asf=01;35:*.rm=01;35:*.rmvb=01;35:*.flc=01;35:*.avi=01;35:*.fli=01;35:*.flv=01;35:*.gl=01;35:*.dl=01;35:*.xcf=01;35:*.xwd=01;35:*.yuv=01;35:*.cgm=01;35:*.emf=01;35:*.ogv=01;35:*.ogx=01;35:*.aac=00;36:*.au=00;36:*.flac=00;36:*.m4a=00;36:*.mid=00;36:*.midi=00;36:*.mka=00;36:*.mp3=00;36:*.mpc=00;36:*.ogg=00;36:*.ra=00;36:*.wav=00;36:*.oga=00;36:*.opus=00;36:*.spx=00;36:*.xspf=00;36:'), ('AMENT_PREFIX_PATH', '/opt/ros/humble'), ('SHELL', '/bin/bash'), ('LESSCLOSE', '/usr/bin/lesspipe %s %s'), ('PWD', '/home/kishu/roboticslab-technical-project/ros2_ws/build/robotiq_85_msgs'), ('TURTLEBOT3_MODEL', 'waffle_pi'), ('XDG_DATA_DIRS', '/usr/local/share:/usr/share:/var/lib/snapd/desktop'), ('PYTHONPATH', '/opt/ros/humble/lib/python3.10/site-packages:/opt/ros/humble/local/lib/python3.10/dist-packages'), ('COLCON', '1'), ('WSL2_GUI_APPS_ENABLED', '1'), ('HOSTTYPE', 'x86_64'), ('WSLENV', ''), ('CMAKE_PREFIX_PATH', '/opt/ros/humble')]), 'shell': False}
[0.042462] (robotiq_85_description) JobProgress: {'identifier': 'robotiq_85_description', 'progress': 'cmake'}
[0.043281] (robotiq_85_description) JobProgress: {'identifier': 'robotiq_85_description', 'progress': 'build'}
[0.043760] (robotiq_85_description) Command: {'cmd': ['/usr/bin/cmake', '--build', '/home/kishu/roboticslab-technical-project/ros2_ws/build/robotiq_85_description', '--', '-j4', '-l4'], 'cwd': '/home/kishu/roboticslab-technical-project/ros2_ws/build/robotiq_85_description', 'env': OrderedDict([('LESSOPEN', '| /usr/bin/lesspipe %s'), ('USER', 'kishu'), ('SHLVL', '1'), ('LD_LIBRARY_PATH', '/usr/lib/x86_64-linux-gnu/gazebo-11/plugins:/opt/ros/humble/opt/rviz_ogre_vendor/lib:/opt/ros/humble/lib/x86_64-linux-gnu:/opt/ros/humble/lib'), ('HOME', '/home/kishu'), ('OLDPWD', '/home/kishu'), ('ROS_PYTHON_VERSION', '3'), ('DBUS_SESSION_BUS_ADDRESS', 'unix:path=/run/user/1000/bus'), ('WSL_DISTRO_NAME', 'Ubuntu-22.04'), ('WAYLAND_DISPLAY', 'wayland-0'), ('ROS_DISTRO', 'humble'), ('LOGNAME', 'kishu'), ('NAME', 'DESKTOP-07TM2Q3'), ('WSL_INTEROP', '/run/WSL/1395_interop'), ('PULSE_SERVER', 'unix:/mnt/wslg/PulseServer'), ('_', '/usr/bin/colcon'), ('ROS_VERSION', '2'), ('TERM', 'xterm-256color'), ('GAZEBO_MODEL_PATH', '/home/kishu/roboticslab-technical-project/models::/opt/ros/humble/share/turtlebot3_gazebo/models'), ('ROS_LOCALHOST_ONLY', '0'), ('PATH', '/home/kishu/.local/bin:/opt/ros/humble/bin:/usr/local/sbin:/usr/local/bin:/usr/sbin:/usr/bin:/sbin:/bin:/usr/games:/usr/local/games:/usr/lib/wsl/lib:/mnt/c/Program Files/WindowsApps/CanonicalGroupLimited.Ubuntu22.04LTS_2204.5.10021.0_x64__79rhkp1fndgsc:/mnt/c/Windows/system32:/mnt/c/Windows:/mnt/c/Windows/System32/Wbem:/mnt/c/Windows/System32/WindowsPowerShell/v1.0/:/mnt/c/Windows/System32/OpenSSH/:/mnt/c/Program Files/Git/cmd:/mnt/c/Users/Mohamad/AppData/Local/Microsoft/WindowsApps:/mnt/c/Users/Mohamad/AppData/Local/Programs/Microsoft VS Code/bin:/mnt/c/Users/Mohamad/AppData/Local/GitHubDesktop/bin:/snap/bin'), ('XDG_RUNTIME_DIR', '/run/user/1000/'), ('DISPLAY', ':0'), ('LANG', 'C.UTF-8'), ('LS_COLORS', 'rs=0:di=01;34:ln=01;36:mh=00:pi=40;33:so=01;35:do=01;35:bd=40;33;01:cd=40;33;01:or=40;31;01:mi=00:su=37;41:sg=30;43:ca=30;41:tw=30;42:ow=34;42:st=37;44:ex=01;32:*.tar=01;31:*.tgz=01;31:*.arc=01;31:*.arj=01;31:*.taz=01;31:*.lha=01;31:*.lz4=01;31:*.lzh=01;31:*.lzma=01;31:*.tlz=01;31:*.txz=01;31:*.tzo=01;31:*.t7z=01;31:*.zip=01;31:*.z=01;31:*.dz=01;31:*.gz=01;31:*.lrz=01;31:*.lz=01;31:*.lzo=01;31:*.xz=01;31:*.zst=01;31:*.tzst=01;31:*.bz2=01;31:*.bz=01;31:*.tbz=01;31:*.tbz2=01;31:*.tz=01;31:*.deb=01;31:*.rpm=01;31:*.jar=01;31:*.war=01;31:*.ear=01;31:*.sar=01;31:*.rar=01;31:*.alz=01;31:*.ace=01;31:*.zoo=01;31:*.cpio=01;31:*.7z=01;31:*.rz=01;31:*.cab=01;31:*.wim=01;31:*.swm=01;31:*.dwm=01;31:*.esd=01;31:*.jpg=01;35:*.jpeg=01;35:*.mjpg=01;35:*.mjpeg=01;35:*.gif=01;35:*.bmp=01;35:*.pbm=01;35:*.pgm=01;35:*.ppm=01;35:*.tga=01;35:*.xbm=01;35:*.xpm=01;35:*.tif=01;35:*.tiff=01;35:*.png=01;35:*.svg=01;35:*.svgz=01;35:*.mng=01;35:*.pcx=01;35:*.mov=01;35:*.mpg=01;35:*.mpeg=01;35:*.m2v=01;35:*.mkv=01;35:*.webm=01;35:*.webp=01;35:*.ogm=01;35:*.mp4=01;35:*.m4v=01;35:*.mp4v=01;35:*.vob=01;35:*.qt=01;35:*.nuv=01;35:*.wmv=01;35:*.asf=01;35:*.rm=01;35:*.rmvb=01;35:*.flc=01;35:*.avi=01;35:*.fli=01;35:*.flv=01;35:*.gl=01;35:*.dl=01;35:*.xcf=01;35:*.xwd=01;35:*.yuv=01;35:*.cgm=01;35:*.emf=01;35:*.ogv=01;35:*.ogx=01;35:*.aac=00;36:*.au=00;36:*.flac=00;36:*.m4a=00;36:*.mid=00;36:*.midi=00;36:*.mka=00;36:*.mp3=00;36:*.mpc=00;36:*.ogg=00;36:*.ra=00;36:*.wav=00;36:*.oga=00;36:*.opus=00;36:*.spx=00;36:*.xspf=00;36:'), ('AMENT_PREFIX_PATH', '/opt/ros/humble'), ('SHELL', '/bin/bash'), ('LESSCLOSE', '/usr/bin/lesspipe %s %s'), ('PWD', '/home/kishu/roboticslab-technical-project/ros2_ws/build/robotiq_85_description'), ('TURTLEBOT3_MODEL', 'waffle_pi'), ('XDG_DATA_DIRS', '/usr/local/share:/usr/share:/var/lib/snapd/desktop'), ('PYTHONPATH', '/opt/ros/humble/lib/python3.10/site-packages:/opt/ros/humble/local/lib/python3.10/dist-packages'), ('COLCON', '1'), ('WSL2_GUI_APPS_ENABLED', '1'), ('HOSTTYPE', 'x86_64'), ('WSLENV', ''), ('CMAKE_PREFIX_PATH', '/opt/ros/humble')]), 'shell': False}
[0.048915] (gazebo_ros_link_attacher) JobProgress: {'identifier': 'gazebo_ros_link_attacher', 'progress': 'cmake'}
[0.051266] (gazebo_ros_link_attacher) JobProgress: {'identifier': 'gazebo_ros_link_attacher', 'progress': 'build'}
[0.052583] (gazebo_ros_link_attacher) Command: {'cmd': ['/usr/bin/cmake', '--build', '/home/kishu/roboticslab-technical-project/ros2_ws/build/gazebo_ros_link_attacher', '--', '-j4', '-l4'], 'cwd': '/home/kishu/roboticslab-technical-project/ros2_ws/build/gazebo_ros_link_attacher', 'env': OrderedDict([('LESSOPEN', '| /usr/bin/lesspipe %s'), ('USER', 'kishu'), ('SHLVL', '1'), ('LD_LIBRARY_PATH', '/usr/lib/x86_64-linux-gnu/gazebo-11/plugins:/opt/ros/humble/opt/rviz_ogre_vendor/lib:/opt/ros/humble/lib/x86_64-linux-gnu:/opt/ros/humble/lib'), ('HOME', '/home/kishu'), ('OLDPWD', '/home/kishu'), ('ROS_PYTHON_VERSION', '3'), ('DBUS_SESSION_BUS_ADDRESS', 'unix:path=/run/user/1000/bus'), ('WSL_DISTRO_NAME', 'Ubuntu-22.04'), ('WAYLAND_DISPLAY', 'wayland-0'), ('ROS_DISTRO', 'humble'), ('LOGNAME', 'kishu'), ('NAME', 'DESKTOP-07TM2Q3'), ('WSL_INTEROP', '/run/WSL/1395_interop'), ('PULSE_SERVER', 'unix:/mnt/wslg/PulseServer'), ('_', '/usr/bin/colcon'), ('ROS_VERSION', '2'), ('TERM', 'xterm-256color'), ('GAZEBO_MODEL_PATH', '/home/kishu/roboticslab-technical-project/models::/opt/ros/humble/share/turtlebot3_gazebo/models'), ('ROS_LOCALHOST_ONLY', '0'), ('PATH', '/home/kishu/.local/bin:/opt/ros/humble/bin:/usr/local/sbin:/usr/local/bin:/usr/sbin:/usr/bin:/sbin:/bin:/usr/games:/usr/local/games:/usr/lib/wsl/lib:/mnt/c/Program Files/WindowsApps/CanonicalGroupLimited.Ubuntu22.04LTS_2204.5.10021.0_x64__79rhkp1fndgsc:/mnt/c/Windows/system32:/mnt/c/Windows:/mnt/c/Windows/System32/Wbem:/mnt/c/Windows/System32/WindowsPowerShell/v1.0/:/mnt/c/Windows/System32/OpenSSH/:/mnt/c/Program Files/Git/cmd:/mnt/c/Users/Mohamad/AppData/Local/Microsoft/WindowsApps:/mnt/c/Users/Mohamad/AppData/Local/Programs/Microsoft VS Code/bin:/mnt/c/Users/Mohamad/AppData/Local/GitHubDesktop/bin:/snap/bin'), ('XDG_RUNTIME_DIR', '/run/user/1000/'), ('DISPLAY', ':0'), ('LANG', 'C.UTF-8'), ('LS_COLORS', 'rs=0:di=01;34:ln=01;36:mh=00:pi=40;33:so=01;35:do=01;35:bd=40;33;01:cd=40;33;01:or=40;31;01:mi=00:su=37;41:sg=30;43:ca=30;41:tw=30;42:ow=34;42:st=37;44:ex=01;32:*.tar=01;31:*.tgz=01;31:*.arc=01;31:*.arj=01;31:*.taz=01;31:*.lha=01;31:*.lz4=01;31:*.lzh=01;31:*.lzma=01;31:*.tlz=01;31:*.txz=01;31:*.tzo=01;31:*.t7z=01;31:*.zip=01;31:*.z=01;31:*.dz=01;31:*.gz=01;31:*.lrz=01;31:*.lz=01;31:*.lzo=01;31:*.xz=01;31:*.zst=01;31:*.tzst=01;31:*.bz2=01;31:*.bz=01;31:*.tbz=01;31:*.tbz2=01;31:*.tz=01;31:*.deb=01;31:*.rpm=01;31:*.jar=01;31:*.war=01;31:*.ear=01;31:*.sar=01;31:*.rar=01;31:*.alz=01;31:*.ace=01;31:*.zoo=01;31:*.cpio=01;31:*.7z=01;31:*.rz=01;31:*.cab=01;31:*.wim=01;31:*.swm=01;31:*.dwm=01;31:*.esd=01;31:*.jpg=01;35:*.jpeg=01;35:*.mjpg=01;35:*.mjpeg=01;35:*.gif=01;35:*.bmp=01;35:*.pbm=01;35:*.pgm=01;35:*.ppm=01;35:*.tga=01;35:*.xbm=01;35:*.xpm=01;35:*.tif=01;35:*.tiff=01;35:*.png=01;35:*.svg=01;35:*.svgz=01;35:*.mng=01;35:*.pcx=01;35:*.mov=01;35:*.mpg=01;35:*.mpeg=01;35:*.m2v=01;35:*.mkv=01;35:*.webm=01;35:*.webp=01;35:*.ogm=01;35:*.mp4=01;35:*.m4v=01;35:*.mp4v=01;35:*.vob=01;35:*.qt=01;35:*.nuv=01;35:*.wmv=01;35:*.asf=01;35:*.rm=01;35:*.rmvb=01;35:*.flc=01;35:*.avi=01;35:*.fli=01;35:*.flv=01;35:*.gl=01;35:*.dl=01;35:*.xcf=01;35:*.xwd=01;35:*.yuv=01;35:*.cgm=01;35:*.emf=01;35:*.ogv=01;35:*.ogx=01;35:*.aac=00;36:*.au=00;36:*.flac=00;36:*.m4a=00;36:*.mid=00;36:*.midi=00;36:*.mka=00;36:*.mp3=00;36:*.mpc=00;36:*.ogg=00;36:*.ra=00;36:*.wav=00;36:*.oga=00;36:*.opus=00;36:*.spx=00;36:*.xspf=00;36:'), ('AMENT_PREFIX_PATH', '/opt/ros/humble'), ('SHELL', '/bin/bash'), ('LESSCLOSE', '/usr/bin/lesspipe %s %s'), ('PWD', '/home/kishu/roboticslab-technical-project/ros2_ws/build/gazebo_ros_link_attacher'), ('TURTLEBOT3_MODEL', 'waffle_pi'), ('XDG_DATA_DIRS', '/usr/local/share:/usr/share:/var/lib/snapd/desktop'), ('PYTHONPATH', '/opt/ros/humble/lib/python3.10/site-packages:/opt/ros/humble/local/lib/python3.10/dist-packages'), ('COLCON', '1'), ('WSL2_GUI_APPS_ENABLED', '1'), ('HOSTTYPE', 'x86_64'), ('WSLENV', ''), ('CMAKE_PREFIX_PATH', '/opt/ros/humble')]), 'shell': False}
[0.098597] (-) TimerEvent: {}
[0.148077] (robotiq_85_msgs) StdoutLine: {'line': b'[  2%] Built target robotiq_85_msgs__cpp\n'}
[0.171972] (gazebo_ros_link_attacher) StdoutLine: {'line': b'[  3%] Built target gazebo_ros_link_attacher__cpp\n'}
[0.196009] (robotiq_85_msgs) StdoutLine: {'line': b'[  2%] Built target ament_cmake_python_symlink_robotiq_85_msgs\n'}
[0.198751] (-) TimerEvent: {}
[0.222717] (gazebo_ros_link_attacher) StdoutLine: {'line': b'[  3%] Built target ament_cmake_python_symlink_gazebo_ros_link_attacher\n'}
[0.234874] (robotiq_85_msgs) StdoutLine: {'line': b'[ 12%] Built target robotiq_85_msgs__rosidl_typesupport_introspection_cpp\n'}
[0.268535] (gazebo_ros_link_attacher) StdoutLine: {'line': b'[ 12%] Built target gazebo_ros_link_attacher__rosidl_typesupport_fastrtps_cpp\n'}
[0.275440] (robotiq_85_msgs) StdoutLine: {'line': b'[ 23%] Built target robotiq_85_msgs__rosidl_typesupport_cpp\n'}
[0.298894] (-) TimerEvent: {}
[0.307769] (gazebo_ros_link_attacher) StdoutLine: {'line': b'[ 21%] Built target gazebo_ros_link_attacher__rosidl_typesupport_introspection_cpp\n'}
[0.398987] (-) TimerEvent: {}
[0.499503] (-) TimerEvent: {}
[0.600095] (-) TimerEvent: {}
[0.653737] (robotiq_85_description) CommandEnded: {'returncode': 0}
[0.654443] (robotiq_85_description) JobProgress: {'identifier': 'robotiq_85_description', 'progress': 'install'}
[0.670340] (robotiq_85_description) Command: {'cmd': ['/usr/bin/cmake', '--install', '/home/kishu/roboticslab-technical-project/ros2_ws/build/robotiq_85_description'], 'cwd': '/home/kishu/roboticslab-technical-project/ros2_ws/build/robotiq_85_description', 'env': OrderedDict([('LESSOPEN', '| /usr/bin/lesspipe %s'), ('USER', 'kishu'), ('SHLVL', '1'), ('LD_LIBRARY_PATH', '/usr/lib/x86_64-linux-gnu/gazebo-11/plugins:/opt/ros/humble/opt/rviz_ogre_vendor/lib:/opt/ros/humble/lib/x86_64-linux-gnu:/opt/ros/humble/lib'), ('HOME', '/home/kishu'), ('OLDPWD', '/home/kishu'), ('ROS_PYTHON_VERSION', '3'), ('DBUS_SESSION_BUS_ADDRESS', 'unix:path=/run/user/1000/bus'), ('WSL_DISTRO_NAME', 'Ubuntu-22.04'), ('WAYLAND_DISPLAY', 'wayland-0'), ('ROS_DISTRO', 'humble'), ('LOGNAME', 'kishu'), ('NAME', 'DESKTOP-07TM2Q3'), ('WSL_INTEROP', '/run/WSL/1395_interop'), ('PULSE_SERVER', 'unix:/mnt/wslg/PulseServer'), ('_', '/usr/bin/colcon'), ('ROS_VERSION', '2'), ('TERM', 'xterm-256color'), ('GAZEBO_MODEL_PATH', '/home/kishu/roboticslab-technical-project/models::/opt/ros/humble/share/turtlebot3_gazebo/models'), ('ROS_LOCALHOST_ONLY', '0'), ('PATH', '/home/kishu/.local/bin:/opt/ros/humble/bin:/usr/local/sbin:/usr/local/bin:/usr/sbin:/usr/bin:/sbin:/bin:/usr/games:/usr/local/games:/usr/lib/wsl/lib:/mnt/c/Program Files/WindowsApps/CanonicalGroupLimited.Ubuntu22.04LTS_2204.5.10021.0_x64__79rhkp1fndgsc:/mnt/c/Windows/system32:/mnt/c/Windows:/mnt/c/Windows/System32/Wbem:/mnt/c/Windows/System32/WindowsPowerShell/v1.0/:/mnt/c/Windows/System32/OpenSSH/:/mnt/c/Program Files/Git/cmd:/mnt/c/Users/Mohamad/AppData/Local/Microsoft/WindowsApps:/mnt/c/Users/Mohamad/AppData/Local/Programs/Microsoft VS Code/bin:/mnt/c/Users/Mohamad/AppData/Local/GitHubDesktop/bin:/snap/bin'), ('XDG_RUNTIME_DIR', '/run/user/1000/'), ('DISPLAY', ':0'), ('LANG', 'C.UTF-8'), ('LS_COLORS', 'rs=0:di=01;34:ln=01;36:mh=00:pi=40;33:so=01;35:do=01;35:bd=40;33;01:cd=40;33;01:or=40;31;01:mi=00:su=37;41:sg=30;43:ca=30;41:tw=30;42:ow=34;42:st=37;44:ex=01;32:*.tar=01;31:*.tgz=01;31:*.arc=01;31:*.arj=01;31:*.taz=01;31:*.lha=01;31:*.lz4=01;31:*.lzh=01;31:*.lzma=01;31:*.tlz=01;31:*.txz=01;31:*.tzo=01;31:*.t7z=01;31:*.zip=01;31:*.z=01;31:*.dz=01;31:*.gz=01;31:*.lrz=01;31:*.lz=01;31:*.lzo=01;31:*.xz=01;31:*.zst=01;31:*.tzst=01;31:*.bz2=01;31:*.bz=01;31:*.tbz=01;31:*.tbz2=01;31:*.tz=01;31:*.deb=01;31:*.rpm=01;31:*.jar=01;31:*.war=01;31:*.ear=01;31:*.sar=01;31:*.rar=01;31:*.alz=01;31:*.ace=01;31:*.zoo=01;31:*.cpio=01;31:*.7z=01;31:*.rz=01;31:*.cab=01;31:*.wim=01;31:*.swm=01;31:*.dwm=01;31:*.esd=01;31:*.jpg=01;35:*.jpeg=01;35:*.mjpg=01;35:*.mjpeg=01;35:*.gif=01;35:*.bmp=01;35:*.pbm=01;35:*.pgm=01;35:*.ppm=01;35:*.tga=01;35:*.xbm=01;35:*.xpm=01;35:*.tif=01;35:*.tiff=01;35:*.png=01;35:*.svg=01;35:*.svgz=01;35:*.mng=01;35:*.pcx=01;35:*.mov=01;35:*.mpg=01;35:*.mpeg=01;35:*.m2v=01;35:*.mkv=01;35:*.webm=01;35:*.webp=01;35:*.ogm=01;35:*.mp4=01;35:*.m4v=01;35:*.mp4v=01;35:*.vob=01;35:*.qt=01;35:*.nuv=01;35:*.wmv=01;35:*.asf=01;35:*.rm=01;35:*.rmvb=01;35:*.flc=01;35:*.avi=01;35:*.fli=01;35:*.flv=01;35:*.gl=01;35:*.dl=01;35:*.xcf=01;35:*.xwd=01;35:*.yuv=01;35:*.cgm=01;35:*.emf=01;35:*.ogv=01;35:*.ogx=01;35:*.aac=00;36:*.au=00;36:*.flac=00;36:*.m4a=00;36:*.mid=00;36:*.midi=00;36:*.mka=00;36:*.mp3=00;36:*.mpc=00;36:*.ogg=00;36:*.ra=00;36:*.wav=00;36:*.oga=00;36:*.opus=00;36:*.spx=00;36:*.xspf=00;36:'), ('AMENT_PREFIX_PATH', '/opt/ros/humble'), ('SHELL', '/bin/bash'), ('LESSCLOSE', '/usr/bin/lesspipe %s %s'), ('PWD', '/home/kishu/roboticslab-technical-project/ros2_ws/build/robotiq_85_description'), ('TURTLEBOT3_MODEL', 'waffle_pi'), ('XDG_DATA_DIRS', '/usr/local/share:/usr/share:/var/lib/snapd/desktop'), ('PYTHONPATH', '/opt/ros/humble/lib/python3.10/site-packages:/opt/ros/humble/local/lib/python3.10/dist-packages'), ('COLCON', '1'), ('WSL2_GUI_APPS_ENABLED', '1'), ('HOSTTYPE', 'x86_64'), ('WSLENV', ''), ('CMAKE_PREFIX_PATH', '/opt/ros/humble')]), 'shell': False}
[0.700219] (-) TimerEvent: {}
[0.704812] (robotiq_85_description) StdoutLine: {'line': b'-- Install configuration: ""\n'}
[0.748822] (robotiq_85_description) StdoutLine: {'line': b'-- Execute custom install script\n'}
[0.749121] (robotiq_85_description) StdoutLine: {'line': b'-- Up-to-date symlink: /home/kishu/roboticslab-technical-project/ros2_ws/install/robotiq_85_description/share/robotiq_85_description/config/view_gripper.rviz\n'}
[0.749302] (robotiq_85_description) StdoutLine: {'line': b'-- Up-to-date symlink: /home/kishu/roboticslab-technical-project/ros2_ws/install/robotiq_85_description/share/robotiq_85_description/launch/view_gripper.launch.py\n'}
[0.749469] (robotiq_85_description) StdoutLine: {'line': b'-- Up-to-date symlink: /home/kishu/roboticslab-technical-project/ros2_ws/install/robotiq_85_description/share/robotiq_85_description/meshes/collision/robotiq_85_base_link.stl\n'}
[0.749658] (robotiq_85_description) StdoutLine: {'line': b'-- Up-to-date symlink: /home/kishu/roboticslab-technical-project/ros2_ws/install/robotiq_85_description/share/robotiq_85_description/meshes/collision/robotiq_85_finger_link.stl\n'}
[0.749816] (robotiq_85_description) StdoutLine: {'line': b'-- Up-to-date symlink: /home/kishu/roboticslab-technical-project/ros2_ws/install/robotiq_85_description/share/robotiq_85_description/meshes/collision/robotiq_85_finger_tip_link.stl\n'}
[0.749979] (robotiq_85_description) StdoutLine: {'line': b'-- Up-to-date symlink: /home/kishu/roboticslab-technical-project/ros2_ws/install/robotiq_85_description/share/robotiq_85_description/meshes/collision/robotiq_85_inner_knuckle_link.stl\n'}
[0.750129] (robotiq_85_description) StdoutLine: {'line': b'-- Up-to-date symlink: /home/kishu/roboticslab-technical-project/ros2_ws/install/robotiq_85_description/share/robotiq_85_description/meshes/collision/robotiq_85_knuckle_link.stl\n'}
[0.750272] (robotiq_85_description) StdoutLine: {'line': b'-- Up-to-date symlink: /home/kishu/roboticslab-technical-project/ros2_ws/install/robotiq_85_description/share/robotiq_85_description/meshes/collision/ur_to_robotiq_adapter.stl\n'}
[0.750451] (robotiq_85_description) StdoutLine: {'line': b'-- Up-to-date symlink: /home/kishu/roboticslab-technical-project/ros2_ws/install/robotiq_85_description/share/robotiq_85_description/meshes/visual/robotiq_85_base_link.dae\n'}
[0.750743] (robotiq_85_description) StdoutLine: {'line': b'-- Up-to-date symlink: /home/kishu/roboticslab-technical-project/ros2_ws/install/robotiq_85_description/share/robotiq_85_description/meshes/visual/robotiq_85_finger_link.dae\n'}
[0.750913] (robotiq_85_description) StdoutLine: {'line': b'-- Up-to-date symlink: /home/kishu/roboticslab-technical-project/ros2_ws/install/robotiq_85_description/share/robotiq_85_description/meshes/visual/robotiq_85_finger_tip_link.dae\n'}
[0.751108] (robotiq_85_description) StdoutLine: {'line': b'-- Up-to-date symlink: /home/kishu/roboticslab-technical-project/ros2_ws/install/robotiq_85_description/share/robotiq_85_description/meshes/visual/robotiq_85_inner_knuckle_link.dae\n'}
[0.751294] (robotiq_85_description) StdoutLine: {'line': b'-- Up-to-date symlink: /home/kishu/roboticslab-technical-project/ros2_ws/install/robotiq_85_description/share/robotiq_85_description/meshes/visual/robotiq_85_knuckle_link.dae\n'}
[0.751513] (robotiq_85_description) StdoutLine: {'line': b'-- Up-to-date symlink: /home/kishu/roboticslab-technical-project/ros2_ws/install/robotiq_85_description/share/robotiq_85_description/meshes/visual/ur_to_robotiq_adapter.dae\n'}
[0.751798] (robotiq_85_description) StdoutLine: {'line': b'-- Up-to-date symlink: /home/kishu/roboticslab-technical-project/ros2_ws/install/robotiq_85_description/share/robotiq_85_description/urdf/left_robotiq_85_gripper.urdf.xacro\n'}
[0.752069] (robotiq_85_description) StdoutLine: {'line': b'-- Up-to-date symlink: /home/kishu/roboticslab-technical-project/ros2_ws/install/robotiq_85_description/share/robotiq_85_description/urdf/right_robotiq_85_gripper.urdf.xacro\n'}
[0.763438] (robotiq_85_description) StdoutLine: {'line': b'-- Up-to-date symlink: /home/kishu/roboticslab-technical-project/ros2_ws/install/robotiq_85_description/share/robotiq_85_description/urdf/robotiq_85_gripper.ros2_control.xacro\n'}
[0.763898] (robotiq_85_description) StdoutLine: {'line': b'-- Up-to-date symlink: /home/kishu/roboticslab-technical-project/ros2_ws/install/robotiq_85_description/share/robotiq_85_description/urdf/robotiq_85_gripper.transmission.xacro\n'}
[0.764214] (robotiq_85_description) StdoutLine: {'line': b'-- Up-to-date symlink: /home/kishu/roboticslab-technical-project/ros2_ws/install/robotiq_85_description/share/robotiq_85_description/urdf/robotiq_85_gripper.urdf.xacro\n'}
[0.764519] (robotiq_85_description) StdoutLine: {'line': b'-- Up-to-date symlink: /home/kishu/roboticslab-technical-project/ros2_ws/install/robotiq_85_description/share/robotiq_85_description/urdf/robotiq_85_gripper_macro.urdf.xacro\n'}
[0.764856] (robotiq_85_description) StdoutLine: {'line': b'-- Up-to-date symlink: /home/kishu/roboticslab-technical-project/ros2_ws/install/robotiq_85_description/share/robotiq_85_description/urdf/robotiq_85_gripper_sim_base.urdf.xacro\n'}
[0.765229] (robotiq_85_description) StdoutLine: {'line': b'-- Up-to-date symlink: /home/kishu/roboticslab-technical-project/ros2_ws/install/robotiq_85_description/share/robotiq_85_description/urdf/robotiq_arg85_description.urdf.xacro\n'}
[0.765572] (robotiq_85_description) StdoutLine: {'line': b'-- Up-to-date symlink: /home/kishu/roboticslab-technical-project/ros2_ws/install/robotiq_85_description/share/robotiq_85_description/urdf/ur_to_robotiq_adapter.urdf.xacro\n'}
[0.766210] (robotiq_85_description) StdoutLine: {'line': b'-- Up-to-date symlink: /home/kishu/roboticslab-technical-project/ros2_ws/install/robotiq_85_description/share/ament_index/resource_index/package_run_dependencies/robotiq_85_description\n'}
[0.766684] (robotiq_85_description) StdoutLine: {'line': b'-- Up-to-date symlink: /home/kishu/roboticslab-technical-project/ros2_ws/install/robotiq_85_description/share/ament_index/resource_index/parent_prefix_path/robotiq_85_description\n'}
[0.767138] (robotiq_85_description) StdoutLine: {'line': b'-- Up-to-date symlink: /home/kishu/roboticslab-technical-project/ros2_ws/install/robotiq_85_description/share/robotiq_85_description/environment/ament_prefix_path.sh\n'}
[0.781785] (robotiq_85_description) StdoutLine: {'line': b'-- Up-to-date symlink: /home/kishu/roboticslab-technical-project/ros2_ws/install/robotiq_85_description/share/robotiq_85_description/environment/ament_prefix_path.dsv\n'}
[0.782331] (robotiq_85_description) StdoutLine: {'line': b'-- Up-to-date symlink: /home/kishu/roboticslab-technical-project/ros2_ws/install/robotiq_85_description/share/robotiq_85_description/environment/path.sh\n'}
[0.807408] (-) TimerEvent: {}
[0.807819] (robotiq_85_description) StdoutLine: {'line': b'-- Up-to-date symlink: /home/kishu/roboticslab-technical-project/ros2_ws/install/robotiq_85_description/share/robotiq_85_description/environment/path.dsv\n'}
[0.808159] (robotiq_85_description) StdoutLine: {'line': b'-- Up-to-date symlink: /home/kishu/roboticslab-technical-project/ros2_ws/install/robotiq_85_description/share/robotiq_85_description/local_setup.bash\n'}
[0.808360] (robotiq_85_description) StdoutLine: {'line': b'-- Up-to-date symlink: /home/kishu/roboticslab-technical-project/ros2_ws/install/robotiq_85_description/share/robotiq_85_description/local_setup.sh\n'}
[0.808514] (robotiq_85_description) StdoutLine: {'line': b'-- Up-to-date symlink: /home/kishu/roboticslab-technical-project/ros2_ws/install/robotiq_85_description/share/robotiq_85_description/local_setup.zsh\n'}
[0.808665] (robotiq_85_description) StdoutLine: {'line': b'-- Up-to-date symlink: /home/kishu/roboticslab-technical-project/ros2_ws/install/robotiq_85_description/share/robotiq_85_description/local_setup.dsv\n'}
[0.808832] (robotiq_85_description) StdoutLine: {'line': b'-- Symlinking: /home/kishu/roboticslab-technical-project/ros2_ws/install/robotiq_85_description/share/robotiq_85_description/package.dsv\n'}
[0.834085] (robotiq_85_description) StdoutLine: {'line': b'-- Up-to-date symlink: /home/kishu/roboticslab-technical-project/ros2_ws/install/robotiq_85_description/share/ament_index/resource_index/packages/robotiq_85_description\n'}
[0.834352] (robotiq_85_description) StdoutLine: {'line': b'-- Up-to-date symlink: /home/kishu/roboticslab-technical-project/ros2_ws/install/robotiq_85_description/share/robotiq_85_description/cmake/robotiq_85_descriptionConfig.cmake\n'}
[0.834683] (robotiq_85_description) StdoutLine: {'line': b'-- Up-to-date symlink: /home/kishu/roboticslab-technical-project/ros2_ws/install/robotiq_85_description/share/robotiq_85_description/cmake/robotiq_85_descriptionConfig-version.cmake\n'}
[0.835429] (robotiq_85_description) StdoutLine: {'line': b'-- Up-to-date symlink: /home/kishu/roboticslab-technical-project/ros2_ws/install/robotiq_85_description/share/robotiq_85_description/package.xml\n'}
[0.838919] (robotiq_85_description) CommandEnded: {'returncode': 0}
[0.878247] (robotiq_85_description) JobEnded: {'identifier': 'robotiq_85_description', 'rc': 0}
[0.907531] (-) TimerEvent: {}
[0.970296] (gazebo_ros_link_attacher) StdoutLine: {'line': b'running egg_info\n'}
[0.971981] (gazebo_ros_link_attacher) StdoutLine: {'line': b'writing gazebo_ros_link_attacher.egg-info/PKG-INFO\n'}
[0.972345] (gazebo_ros_link_attacher) StdoutLine: {'line': b'writing dependency_links to gazebo_ros_link_attacher.egg-info/dependency_links.txt\n'}
[0.972819] (gazebo_ros_link_attacher) StdoutLine: {'line': b'writing top-level names to gazebo_ros_link_attacher.egg-info/top_level.txt\n'}
[0.977262] (gazebo_ros_link_attacher) StdoutLine: {'line': b"reading manifest file 'gazebo_ros_link_attacher.egg-info/SOURCES.txt'\n"}
[0.978273] (gazebo_ros_link_attacher) StdoutLine: {'line': b"writing manifest file 'gazebo_ros_link_attacher.egg-info/SOURCES.txt'\n"}
[0.987694] (robotiq_85_msgs) StdoutLine: {'line': b'running egg_info\n'}
[0.991895] (robotiq_85_msgs) StdoutLine: {'line': b'writing robotiq_85_msgs.egg-info/PKG-INFO\n'}
[0.992314] (robotiq_85_msgs) StdoutLine: {'line': b'writing dependency_links to robotiq_85_msgs.egg-info/dependency_links.txt\n'}
[0.993075] (robotiq_85_msgs) StdoutLine: {'line': b'writing top-level names to robotiq_85_msgs.egg-info/top_level.txt\n'}
[0.998589] (robotiq_85_msgs) StdoutLine: {'line': b"reading manifest file 'robotiq_85_msgs.egg-info/SOURCES.txt'\n"}
[1.000176] (robotiq_85_msgs) StdoutLine: {'line': b"writing manifest file 'robotiq_85_msgs.egg-info/SOURCES.txt'\n"}
[1.007690] (-) TimerEvent: {}
[1.030568] (gazebo_ros_link_attacher) StdoutLine: {'line': b'[ 21%] Built target ament_cmake_python_build_gazebo_ros_link_attacher_egg\n'}
[1.060522] (robotiq_85_msgs) StdoutLine: {'line': b'[ 23%] Built target ament_cmake_python_build_robotiq_85_msgs_egg\n'}
[1.071004] (gazebo_ros_link_attacher) StdoutLine: {'line': b'[ 30%] Built target gazebo_ros_link_attacher__rosidl_typesupport_cpp\n'}
[1.102850] (robotiq_85_msgs) StdoutLine: {'line': b'[ 33%] Built target robotiq_85_msgs__rosidl_typesupport_fastrtps_cpp\n'}
[1.107145] (gazebo_ros_link_attacher) StdoutLine: {'line': b'[ 39%] Built target gazebo_ros_link_attacher__rosidl_generator_c\n'}
[1.107760] (-) TimerEvent: {}
[1.143569] (robotiq_85_msgs) StdoutLine: {'line': b'[ 43%] Built target robotiq_85_msgs__rosidl_generator_c\n'}
[1.179791] (robotiq_85_msgs) StdoutLine: {'line': b'[ 53%] Built target robotiq_85_msgs__rosidl_typesupport_introspection_c\n'}
[1.193356] (gazebo_ros_link_attacher) StdoutLine: {'line': b'[ 45%] Built target gazebo_ros_link_attacher_plugin\n'}
[1.207919] (-) TimerEvent: {}
[1.220057] (robotiq_85_msgs) StdoutLine: {'line': b'[ 64%] Built target robotiq_85_msgs__rosidl_typesupport_fastrtps_c\n'}
[1.232769] (gazebo_ros_link_attacher) StdoutLine: {'line': b'[ 54%] Built target gazebo_ros_link_attacher__rosidl_typesupport_c\n'}
[1.251424] (robotiq_85_msgs) StdoutLine: {'line': b'[ 74%] Built target robotiq_85_msgs__rosidl_typesupport_c\n'}
[1.270824] (gazebo_ros_link_attacher) StdoutLine: {'line': b'[ 63%] Built target gazebo_ros_link_attacher__rosidl_typesupport_introspection_c\n'}
[1.289171] (robotiq_85_msgs) StdoutLine: {'line': b'[ 74%] Built target robotiq_85_msgs\n'}
[1.308135] (-) TimerEvent: {}
[1.314260] (gazebo_ros_link_attacher) StdoutLine: {'line': b'[ 72%] Built target gazebo_ros_link_attacher__rosidl_typesupport_fastrtps_c\n'}
[1.328200] (robotiq_85_msgs) StdoutLine: {'line': b'[ 76%] Built target robotiq_85_msgs__py\n'}
[1.352360] (gazebo_ros_link_attacher) StdoutLine: {'line': b'[ 72%] Built target gazebo_ros_link_attacher\n'}
[1.378052] (robotiq_85_msgs) StdoutLine: {'line': b'[ 84%] Built target robotiq_85_msgs__rosidl_generator_py\n'}
[1.413188] (-) TimerEvent: {}
[1.436923] (gazebo_ros_link_attacher) StdoutLine: {'line': b'[ 75%] Built target gazebo_ros_link_attacher__py\n'}
[1.498070] (robotiq_85_msgs) StdoutLine: {'line': b'[ 89%] Built target robotiq_85_msgs__rosidl_typesupport_fastrtps_c__pyext\n'}
[1.514026] (-) TimerEvent: {}
[1.516824] (gazebo_ros_link_attacher) StdoutLine: {'line': b'[ 81%] Built target gazebo_ros_link_attacher__rosidl_generator_py\n'}
[1.554281] (robotiq_85_msgs) StdoutLine: {'line': b'[ 94%] Built target robotiq_85_msgs__rosidl_typesupport_c__pyext\n'}
[1.572745] (gazebo_ros_link_attacher) StdoutLine: {'line': b'[ 87%] Built target gazebo_ros_link_attacher__rosidl_typesupport_fastrtps_c__pyext\n'}
[1.604804] (robotiq_85_msgs) StdoutLine: {'line': b'[100%] Built target robotiq_85_msgs__rosidl_typesupport_introspection_c__pyext\n'}
[1.614873] (-) TimerEvent: {}
[1.625456] (gazebo_ros_link_attacher) StdoutLine: {'line': b'[ 93%] Built target gazebo_ros_link_attacher__rosidl_typesupport_c__pyext\n'}
[1.641502] (robotiq_85_msgs) CommandEnded: {'returncode': 0}
[1.646126] (robotiq_85_msgs) JobProgress: {'identifier': 'robotiq_85_msgs', 'progress': 'install'}
[1.648033] (robotiq_85_msgs) Command: {'cmd': ['/usr/bin/cmake', '--install', '/home/kishu/roboticslab-technical-project/ros2_ws/build/robotiq_85_msgs'], 'cwd': '/home/kishu/roboticslab-technical-project/ros2_ws/build/robotiq_85_msgs', 'env': OrderedDict([('LESSOPEN', '| /usr/bin/lesspipe %s'), ('USER', 'kishu'), ('SHLVL', '1'), ('LD_LIBRARY_PATH', '/usr/lib/x86_64-linux-gnu/gazebo-11/plugins:/opt/ros/humble/opt/rviz_ogre_vendor/lib:/opt/ros/humble/lib/x86_64-linux-gnu:/opt/ros/humble/lib'), ('HOME', '/home/kishu'), ('OLDPWD', '/home/kishu'), ('ROS_PYTHON_VERSION', '3'), ('DBUS_SESSION_BUS_ADDRESS', 'unix:path=/run/user/1000/bus'), ('WSL_DISTRO_NAME', 'Ubuntu-22.04'), ('WAYLAND_DISPLAY', 'wayland-0'), ('ROS_DISTRO', 'humble'), ('LOGNAME', 'kishu'), ('NAME', 'DESKTOP-07TM2Q3'), ('WSL_INTEROP', '/run/WSL/1395_interop'), ('PULSE_SERVER', 'unix:/mnt/wslg/PulseServer'), ('_', '/usr/bin/colcon'), ('ROS_VERSION', '2'), ('TERM', 'xterm-256color'), ('GAZEBO_MODEL_PATH', '/home/kishu/roboticslab-technical-project/models::/opt/ros/humble/share/turtlebot3_gazebo/models'), ('ROS_LOCALHOST_ONLY', '0'), ('PATH', '/home/kishu/.local/bin:/opt/ros/humble/bin:/usr/local/sbin:/usr/local/bin:/usr/sbin:/usr/bin:/sbin:/bin:/usr/games:/usr/local/games:/usr/lib/wsl/lib:/mnt/c/Program Files/WindowsApps/CanonicalGroupLimited.Ubuntu22.04LTS_2204.5.10021.0_x64__79rhkp1fndgsc:/mnt/c/Windows/system32:/mnt/c/Windows:/mnt/c/Windows/System32/Wbem:/mnt/c/Windows/System32/WindowsPowerShell/v1.0/:/mnt/c/Windows/System32/OpenSSH/:/mnt/c/Program Files/Git/cmd:/mnt/c/Users/Mohamad/AppData/Local/Microsoft/WindowsApps:/mnt/c/Users/Mohamad/AppData/Local/Programs/Microsoft VS Code/bin:/mnt/c/Users/Mohamad/AppData/Local/GitHubDesktop/bin:/snap/bin'), ('XDG_RUNTIME_DIR', '/run/user/1000/'), ('DISPLAY', ':0'), ('LANG', 'C.UTF-8'), ('LS_COLORS', 'rs=0:di=01;34:ln=01;36:mh=00:pi=40;33:so=01;35:do=01;35:bd=40;33;01:cd=40;33;01:or=40;31;01:mi=00:su=37;41:sg=30;43:ca=30;41:tw=30;42:ow=34;42:st=37;44:ex=01;32:*.tar=01;31:*.tgz=01;31:*.arc=01;31:*.arj=01;31:*.taz=01;31:*.lha=01;31:*.lz4=01;31:*.lzh=01;31:*.lzma=01;31:*.tlz=01;31:*.txz=01;31:*.tzo=01;31:*.t7z=01;31:*.zip=01;31:*.z=01;31:*.dz=01;31:*.gz=01;31:*.lrz=01;31:*.lz=01;31:*.lzo=01;31:*.xz=01;31:*.zst=01;31:*.tzst=01;31:*.bz2=01;31:*.bz=01;31:*.tbz=01;31:*.tbz2=01;31:*.tz=01;31:*.deb=01;31:*.rpm=01;31:*.jar=01;31:*.war=01;31:*.ear=01;31:*.sar=01;31:*.rar=01;31:*.alz=01;31:*.ace=01;31:*.zoo=01;31:*.cpio=01;31:*.7z=01;31:*.rz=01;31:*.cab=01;31:*.wim=01;31:*.swm=01;31:*.dwm=01;31:*.esd=01;31:*.jpg=01;35:*.jpeg=01;35:*.mjpg=01;35:*.mjpeg=01;35:*.gif=01;35:*.bmp=01;35:*.pbm=01;35:*.pgm=01;35:*.ppm=01;35:*.tga=01;35:*.xbm=01;35:*.xpm=01;35:*.tif=01;35:*.tiff=01;35:*.png=01;35:*.svg=01;35:*.svgz=01;35:*.mng=01;35:*.pcx=01;35:*.mov=01;35:*.mpg=01;35:*.mpeg=01;35:*.m2v=01;35:*.mkv=01;35:*.webm=01;35:*.webp=01;35:*.ogm=01;35:*.mp4=01;35:*.m4v=01;35:*.mp4v=01;35:*.vob=01;35:*.qt=01;35:*.nuv=01;35:*.wmv=01;35:*.asf=01;35:*.rm=01;35:*.rmvb=01;35:*.flc=01;35:*.avi=01;35:*.fli=01;35:*.flv=01;35:*.gl=01;35:*.dl=01;35:*.xcf=01;35:*.xwd=01;35:*.yuv=01;35:*.cgm=01;35:*.emf=01;35:*.ogv=01;35:*.ogx=01;35:*.aac=00;36:*.au=00;36:*.flac=00;36:*.m4a=00;36:*.mid=00;36:*.midi=00;36:*.mka=00;36:*.mp3=00;36:*.mpc=00;36:*.ogg=00;36:*.ra=00;36:*.wav=00;36:*.oga=00;36:*.opus=00;36:*.spx=00;36:*.xspf=00;36:'), ('AMENT_PREFIX_PATH', '/opt/ros/humble'), ('SHELL', '/bin/bash'), ('LESSCLOSE', '/usr/bin/lesspipe %s %s'), ('PWD', '/home/kishu/roboticslab-technical-project/ros2_ws/build/robotiq_85_msgs'), ('TURTLEBOT3_MODEL', 'waffle_pi'), ('XDG_DATA_DIRS', '/usr/local/share:/usr/share:/var/lib/snapd/desktop'), ('PYTHONPATH', '/opt/ros/humble/lib/python3.10/site-packages:/opt/ros/humble/local/lib/python3.10/dist-packages'), ('COLCON', '1'), ('WSL2_GUI_APPS_ENABLED', '1'), ('HOSTTYPE', 'x86_64'), ('WSLENV', ''), ('CMAKE_PREFIX_PATH', '/opt/ros/humble')]), 'shell': False}
[1.668972] (robotiq_85_msgs) StdoutLine: {'line': b'-- Install configuration: ""\n'}
[1.670613] (robotiq_85_msgs) StdoutLine: {'line': b'-- Execute custom install script\n'}
[1.671541] (robotiq_85_msgs) StdoutLine: {'line': b'-- Up-to-date symlink: /home/kishu/roboticslab-technical-project/ros2_ws/install/robotiq_85_msgs/share/ament_index/resource_index/rosidl_interfaces/robotiq_85_msgs\n'}
[1.673387] (robotiq_85_msgs) StdoutLine: {'line': b'-- Up-to-date symlink: /home/kishu/roboticslab-technical-project/ros2_ws/install/robotiq_85_msgs/include/robotiq_85_msgs/robotiq_85_msgs/msg/detail/gripper_cmd__functions.h\n'}
[1.674408] (robotiq_85_msgs) StdoutLine: {'line': b'-- Up-to-date symlink: /home/kishu/roboticslab-technical-project/ros2_ws/install/robotiq_85_msgs/include/robotiq_85_msgs/robotiq_85_msgs/msg/detail/gripper_cmd__struct.h\n'}
[1.677870] (robotiq_85_msgs) StdoutLine: {'line': b'-- Up-to-date symlink: /home/kishu/roboticslab-technical-project/ros2_ws/install/robotiq_85_msgs/include/robotiq_85_msgs/robotiq_85_msgs/msg/detail/gripper_cmd__type_support.h\n'}
[1.678164] (robotiq_85_msgs) StdoutLine: {'line': b'-- Up-to-date symlink: /home/kishu/roboticslab-technical-project/ros2_ws/install/robotiq_85_msgs/include/robotiq_85_msgs/robotiq_85_msgs/msg/detail/gripper_stat__functions.h\n'}
[1.678312] (robotiq_85_msgs) StdoutLine: {'line': b'-- Up-to-date symlink: /home/kishu/roboticslab-technical-project/ros2_ws/install/robotiq_85_msgs/include/robotiq_85_msgs/robotiq_85_msgs/msg/detail/gripper_stat__struct.h\n'}
[1.678445] (robotiq_85_msgs) StdoutLine: {'line': b'-- Up-to-date symlink: /home/kishu/roboticslab-technical-project/ros2_ws/install/robotiq_85_msgs/include/robotiq_85_msgs/robotiq_85_msgs/msg/detail/gripper_stat__type_support.h\n'}
[1.678632] (robotiq_85_msgs) StdoutLine: {'line': b'-- Up-to-date symlink: /home/kishu/roboticslab-technical-project/ros2_ws/install/robotiq_85_msgs/include/robotiq_85_msgs/robotiq_85_msgs/msg/gripper_cmd.h\n'}
[1.678766] (robotiq_85_msgs) StdoutLine: {'line': b'-- Up-to-date symlink: /home/kishu/roboticslab-technical-project/ros2_ws/install/robotiq_85_msgs/include/robotiq_85_msgs/robotiq_85_msgs/msg/gripper_stat.h\n'}
[1.679239] (robotiq_85_msgs) StdoutLine: {'line': b'-- Up-to-date symlink: /home/kishu/roboticslab-technical-project/ros2_ws/install/robotiq_85_msgs/include/robotiq_85_msgs/robotiq_85_msgs/msg/rosidl_generator_c__visibility_control.h\n'}
[1.683884] (robotiq_85_msgs) StdoutLine: {'line': b'-- Up-to-date symlink: /home/kishu/roboticslab-technical-project/ros2_ws/install/robotiq_85_msgs/share/robotiq_85_msgs/environment/library_path.sh\n'}
[1.684314] (robotiq_85_msgs) StdoutLine: {'line': b'-- Up-to-date symlink: /home/kishu/roboticslab-technical-project/ros2_ws/install/robotiq_85_msgs/share/robotiq_85_msgs/environment/library_path.dsv\n'}
[1.684553] (robotiq_85_msgs) StdoutLine: {'line': b'-- Up-to-date symlink: /home/kishu/roboticslab-technical-project/ros2_ws/install/robotiq_85_msgs/include/robotiq_85_msgs/robotiq_85_msgs/msg/detail/gripper_cmd__rosidl_typesupport_fastrtps_c.h\n'}
[1.685262] (robotiq_85_msgs) StdoutLine: {'line': b'-- Up-to-date symlink: /home/kishu/roboticslab-technical-project/ros2_ws/install/robotiq_85_msgs/include/robotiq_85_msgs/robotiq_85_msgs/msg/detail/gripper_stat__rosidl_typesupport_fastrtps_c.h\n'}
[1.686130] (robotiq_85_msgs) StdoutLine: {'line': b'-- Up-to-date symlink: /home/kishu/roboticslab-technical-project/ros2_ws/install/robotiq_85_msgs/include/robotiq_85_msgs/robotiq_85_msgs/msg/rosidl_typesupport_fastrtps_c__visibility_control.h\n'}
[1.687868] (robotiq_85_msgs) StdoutLine: {'line': b'-- Up-to-date symlink: /home/kishu/roboticslab-technical-project/ros2_ws/install/robotiq_85_msgs/include/robotiq_85_msgs/robotiq_85_msgs/msg/detail/gripper_cmd__builder.hpp\n'}
[1.692236] (robotiq_85_msgs) StdoutLine: {'line': b'-- Up-to-date symlink: /home/kishu/roboticslab-technical-project/ros2_ws/install/robotiq_85_msgs/include/robotiq_85_msgs/robotiq_85_msgs/msg/detail/gripper_cmd__struct.hpp\n'}
[1.692627] (robotiq_85_msgs) StdoutLine: {'line': b'-- Up-to-date symlink: /home/kishu/roboticslab-technical-project/ros2_ws/install/robotiq_85_msgs/include/robotiq_85_msgs/robotiq_85_msgs/msg/detail/gripper_cmd__traits.hpp\n'}
[1.692944] (robotiq_85_msgs) StdoutLine: {'line': b'-- Up-to-date symlink: /home/kishu/roboticslab-technical-project/ros2_ws/install/robotiq_85_msgs/include/robotiq_85_msgs/robotiq_85_msgs/msg/detail/gripper_cmd__type_support.hpp\n'}
[1.693143] (robotiq_85_msgs) StdoutLine: {'line': b'-- Up-to-date symlink: /home/kishu/roboticslab-technical-project/ros2_ws/install/robotiq_85_msgs/include/robotiq_85_msgs/robotiq_85_msgs/msg/detail/gripper_stat__builder.hpp\n'}
[1.693345] (robotiq_85_msgs) StdoutLine: {'line': b'-- Up-to-date symlink: /home/kishu/roboticslab-technical-project/ros2_ws/install/robotiq_85_msgs/include/robotiq_85_msgs/robotiq_85_msgs/msg/detail/gripper_stat__struct.hpp\n'}
[1.693526] (robotiq_85_msgs) StdoutLine: {'line': b'-- Up-to-date symlink: /home/kishu/roboticslab-technical-project/ros2_ws/install/robotiq_85_msgs/include/robotiq_85_msgs/robotiq_85_msgs/msg/detail/gripper_stat__traits.hpp\n'}
[1.693726] (robotiq_85_msgs) StdoutLine: {'line': b'-- Up-to-date symlink: /home/kishu/roboticslab-technical-project/ros2_ws/install/robotiq_85_msgs/include/robotiq_85_msgs/robotiq_85_msgs/msg/detail/gripper_stat__type_support.hpp\n'}
[1.693906] (robotiq_85_msgs) StdoutLine: {'line': b'-- Up-to-date symlink: /home/kishu/roboticslab-technical-project/ros2_ws/install/robotiq_85_msgs/include/robotiq_85_msgs/robotiq_85_msgs/msg/gripper_cmd.hpp\n'}
[1.694069] (robotiq_85_msgs) StdoutLine: {'line': b'-- Up-to-date symlink: /home/kishu/roboticslab-technical-project/ros2_ws/install/robotiq_85_msgs/include/robotiq_85_msgs/robotiq_85_msgs/msg/gripper_stat.hpp\n'}
[1.694252] (robotiq_85_msgs) StdoutLine: {'line': b'-- Up-to-date symlink: /home/kishu/roboticslab-technical-project/ros2_ws/install/robotiq_85_msgs/include/robotiq_85_msgs/robotiq_85_msgs/msg/rosidl_generator_cpp__visibility_control.hpp\n'}
[1.698587] (robotiq_85_msgs) StdoutLine: {'line': b'-- Up-to-date symlink: /home/kishu/roboticslab-technical-project/ros2_ws/install/robotiq_85_msgs/include/robotiq_85_msgs/robotiq_85_msgs/msg/detail/gripper_cmd__rosidl_typesupport_fastrtps_cpp.hpp\n'}
[1.698856] (gazebo_ros_link_attacher) StdoutLine: {'line': b'[100%] Built target gazebo_ros_link_attacher__rosidl_typesupport_introspection_c__pyext\n'}
[1.701371] (robotiq_85_msgs) StdoutLine: {'line': b'-- Up-to-date symlink: /home/kishu/roboticslab-technical-project/ros2_ws/install/robotiq_85_msgs/include/robotiq_85_msgs/robotiq_85_msgs/msg/detail/gripper_stat__rosidl_typesupport_fastrtps_cpp.hpp\n'}
[1.701860] (robotiq_85_msgs) StdoutLine: {'line': b'-- Up-to-date symlink: /home/kishu/roboticslab-technical-project/ros2_ws/install/robotiq_85_msgs/include/robotiq_85_msgs/robotiq_85_msgs/msg/rosidl_typesupport_fastrtps_cpp__visibility_control.h\n'}
[1.702080] (robotiq_85_msgs) StdoutLine: {'line': b'-- Up-to-date symlink: /home/kishu/roboticslab-technical-project/ros2_ws/install/robotiq_85_msgs/include/robotiq_85_msgs/robotiq_85_msgs/msg/detail/gripper_cmd__rosidl_typesupport_introspection_c.h\n'}
[1.702218] (robotiq_85_msgs) StdoutLine: {'line': b'-- Up-to-date symlink: /home/kishu/roboticslab-technical-project/ros2_ws/install/robotiq_85_msgs/include/robotiq_85_msgs/robotiq_85_msgs/msg/detail/gripper_stat__rosidl_typesupport_introspection_c.h\n'}
[1.702349] (robotiq_85_msgs) StdoutLine: {'line': b'-- Up-to-date symlink: /home/kishu/roboticslab-technical-project/ros2_ws/install/robotiq_85_msgs/include/robotiq_85_msgs/robotiq_85_msgs/msg/rosidl_typesupport_introspection_c__visibility_control.h\n'}
[1.702562] (robotiq_85_msgs) StdoutLine: {'line': b'-- Up-to-date symlink: /home/kishu/roboticslab-technical-project/ros2_ws/install/robotiq_85_msgs/include/robotiq_85_msgs/robotiq_85_msgs/msg/detail/gripper_cmd__rosidl_typesupport_introspection_cpp.hpp\n'}
[1.702709] (robotiq_85_msgs) StdoutLine: {'line': b'-- Up-to-date symlink: /home/kishu/roboticslab-technical-project/ros2_ws/install/robotiq_85_msgs/include/robotiq_85_msgs/robotiq_85_msgs/msg/detail/gripper_stat__rosidl_typesupport_introspection_cpp.hpp\n'}
[1.702970] (robotiq_85_msgs) StdoutLine: {'line': b'-- Up-to-date symlink: /home/kishu/roboticslab-technical-project/ros2_ws/install/robotiq_85_msgs/share/robotiq_85_msgs/environment/pythonpath.sh\n'}
[1.703165] (robotiq_85_msgs) StdoutLine: {'line': b'-- Up-to-date symlink: /home/kishu/roboticslab-technical-project/ros2_ws/install/robotiq_85_msgs/share/robotiq_85_msgs/environment/pythonpath.dsv\n'}
[1.703294] (robotiq_85_msgs) StdoutLine: {'line': b'-- Up-to-date symlink: /home/kishu/roboticslab-technical-project/ros2_ws/install/robotiq_85_msgs/local/lib/python3.10/dist-packages/robotiq_85_msgs-1.0.1-py3.10.egg-info/PKG-INFO\n'}
[1.703489] (robotiq_85_msgs) StdoutLine: {'line': b'-- Up-to-date symlink: /home/kishu/roboticslab-technical-project/ros2_ws/install/robotiq_85_msgs/local/lib/python3.10/dist-packages/robotiq_85_msgs-1.0.1-py3.10.egg-info/SOURCES.txt\n'}
[1.703633] (robotiq_85_msgs) StdoutLine: {'line': b'-- Up-to-date symlink: /home/kishu/roboticslab-technical-project/ros2_ws/install/robotiq_85_msgs/local/lib/python3.10/dist-packages/robotiq_85_msgs-1.0.1-py3.10.egg-info/dependency_links.txt\n'}
[1.703879] (robotiq_85_msgs) StdoutLine: {'line': b'-- Up-to-date symlink: /home/kishu/roboticslab-technical-project/ros2_ws/install/robotiq_85_msgs/local/lib/python3.10/dist-packages/robotiq_85_msgs-1.0.1-py3.10.egg-info/top_level.txt\n'}
[1.704067] (robotiq_85_msgs) StdoutLine: {'line': b'-- Up-to-date symlink: /home/kishu/roboticslab-technical-project/ros2_ws/install/robotiq_85_msgs/local/lib/python3.10/dist-packages/robotiq_85_msgs/__init__.py\n'}
[1.704184] (robotiq_85_msgs) StdoutLine: {'line': b'-- Up-to-date symlink: /home/kishu/roboticslab-technical-project/ros2_ws/install/robotiq_85_msgs/local/lib/python3.10/dist-packages/robotiq_85_msgs/_robotiq_85_msgs_s.ep.rosidl_typesupport_c.c\n'}
[1.704294] (robotiq_85_msgs) StdoutLine: {'line': b'-- Up-to-date symlink: /home/kishu/roboticslab-technical-project/ros2_ws/install/robotiq_85_msgs/local/lib/python3.10/dist-packages/robotiq_85_msgs/_robotiq_85_msgs_s.ep.rosidl_typesupport_fastrtps_c.c\n'}
[1.704425] (robotiq_85_msgs) StdoutLine: {'line': b'-- Up-to-date symlink: /home/kishu/roboticslab-technical-project/ros2_ws/install/robotiq_85_msgs/local/lib/python3.10/dist-packages/robotiq_85_msgs/_robotiq_85_msgs_s.ep.rosidl_typesupport_introspection_c.c\n'}
[1.704573] (robotiq_85_msgs) StdoutLine: {'line': b'-- Up-to-date symlink: /home/kishu/roboticslab-technical-project/ros2_ws/install/robotiq_85_msgs/local/lib/python3.10/dist-packages/robotiq_85_msgs/librobotiq_85_msgs__rosidl_generator_py.so\n'}
[1.704738] (robotiq_85_msgs) StdoutLine: {'line': b'-- Up-to-date symlink: /home/kishu/roboticslab-technical-project/ros2_ws/install/robotiq_85_msgs/local/lib/python3.10/dist-packages/robotiq_85_msgs/msg/__init__.py\n'}
[1.708210] (robotiq_85_msgs) StdoutLine: {'line': b'-- Up-to-date symlink: /home/kishu/roboticslab-technical-project/ros2_ws/install/robotiq_85_msgs/local/lib/python3.10/dist-packages/robotiq_85_msgs/msg/_gripper_cmd.py\n'}
[1.708527] (robotiq_85_msgs) StdoutLine: {'line': b'-- Up-to-date symlink: /home/kishu/roboticslab-technical-project/ros2_ws/install/robotiq_85_msgs/local/lib/python3.10/dist-packages/robotiq_85_msgs/msg/_gripper_cmd_s.c\n'}
[1.708677] (robotiq_85_msgs) StdoutLine: {'line': b'-- Up-to-date symlink: /home/kishu/roboticslab-technical-project/ros2_ws/install/robotiq_85_msgs/local/lib/python3.10/dist-packages/robotiq_85_msgs/msg/_gripper_stat.py\n'}
[1.710541] (robotiq_85_msgs) StdoutLine: {'line': b'-- Up-to-date symlink: /home/kishu/roboticslab-technical-project/ros2_ws/install/robotiq_85_msgs/local/lib/python3.10/dist-packages/robotiq_85_msgs/msg/_gripper_stat_s.c\n'}
[1.711186] (robotiq_85_msgs) StdoutLine: {'line': b'-- Up-to-date symlink: /home/kishu/roboticslab-technical-project/ros2_ws/install/robotiq_85_msgs/local/lib/python3.10/dist-packages/robotiq_85_msgs/robotiq_85_msgs_s__rosidl_typesupport_c.cpython-310-x86_64-linux-gnu.so\n'}
[1.711341] (robotiq_85_msgs) StdoutLine: {'line': b'-- Up-to-date symlink: /home/kishu/roboticslab-technical-project/ros2_ws/install/robotiq_85_msgs/local/lib/python3.10/dist-packages/robotiq_85_msgs/robotiq_85_msgs_s__rosidl_typesupport_fastrtps_c.cpython-310-x86_64-linux-gnu.so\n'}
[1.711476] (robotiq_85_msgs) StdoutLine: {'line': b'-- Up-to-date symlink: /home/kishu/roboticslab-technical-project/ros2_ws/install/robotiq_85_msgs/local/lib/python3.10/dist-packages/robotiq_85_msgs/robotiq_85_msgs_s__rosidl_typesupport_introspection_c.cpython-310-x86_64-linux-gnu.so\n'}
[1.711726] (robotiq_85_msgs) StdoutLine: {'line': b'-- Up-to-date symlink: /home/kishu/roboticslab-technical-project/ros2_ws/install/robotiq_85_msgs/local/lib/python3.10/dist-packages/robotiq_85_msgs/robotiq_85_msgs_s__rosidl_typesupport_fastrtps_c.cpython-310-x86_64-linux-gnu.so\n'}
[1.711919] (robotiq_85_msgs) StdoutLine: {'line': b'-- Up-to-date symlink: /home/kishu/roboticslab-technical-project/ros2_ws/install/robotiq_85_msgs/local/lib/python3.10/dist-packages/robotiq_85_msgs/robotiq_85_msgs_s__rosidl_typesupport_introspection_c.cpython-310-x86_64-linux-gnu.so\n'}
[1.712214] (robotiq_85_msgs) StdoutLine: {'line': b'-- Up-to-date symlink: /home/kishu/roboticslab-technical-project/ros2_ws/install/robotiq_85_msgs/local/lib/python3.10/dist-packages/robotiq_85_msgs/robotiq_85_msgs_s__rosidl_typesupport_c.cpython-310-x86_64-linux-gnu.so\n'}
[1.712358] (robotiq_85_msgs) StdoutLine: {'line': b'-- Up-to-date symlink: /home/kishu/roboticslab-technical-project/ros2_ws/install/robotiq_85_msgs/share/robotiq_85_msgs/msg/GripperCmd.idl\n'}
[1.712558] (robotiq_85_msgs) StdoutLine: {'line': b'-- Up-to-date symlink: /home/kishu/roboticslab-technical-project/ros2_ws/install/robotiq_85_msgs/share/robotiq_85_msgs/msg/GripperStat.idl\n'}
[1.716425] (-) TimerEvent: {}
[1.716896] (robotiq_85_msgs) StdoutLine: {'line': b'-- Up-to-date symlink: /home/kishu/roboticslab-technical-project/ros2_ws/install/robotiq_85_msgs/share/robotiq_85_msgs/msg/GripperCmd.msg\n'}
[1.717256] (robotiq_85_msgs) StdoutLine: {'line': b'-- Up-to-date symlink: /home/kishu/roboticslab-technical-project/ros2_ws/install/robotiq_85_msgs/share/robotiq_85_msgs/msg/GripperStat.msg\n'}
[1.717731] (robotiq_85_msgs) StdoutLine: {'line': b'-- Up-to-date symlink: /home/kishu/roboticslab-technical-project/ros2_ws/install/robotiq_85_msgs/share/ament_index/resource_index/package_run_dependencies/robotiq_85_msgs\n'}
[1.717971] (robotiq_85_msgs) StdoutLine: {'line': b'-- Up-to-date symlink: /home/kishu/roboticslab-technical-project/ros2_ws/install/robotiq_85_msgs/share/ament_index/resource_index/parent_prefix_path/robotiq_85_msgs\n'}
[1.718205] (robotiq_85_msgs) StdoutLine: {'line': b'-- Up-to-date symlink: /home/kishu/roboticslab-technical-project/ros2_ws/install/robotiq_85_msgs/share/robotiq_85_msgs/environment/ament_prefix_path.sh\n'}
[1.718364] (robotiq_85_msgs) StdoutLine: {'line': b'-- Up-to-date symlink: /home/kishu/roboticslab-technical-project/ros2_ws/install/robotiq_85_msgs/share/robotiq_85_msgs/environment/ament_prefix_path.dsv\n'}
[1.718555] (robotiq_85_msgs) StdoutLine: {'line': b'-- Up-to-date symlink: /home/kishu/roboticslab-technical-project/ros2_ws/install/robotiq_85_msgs/share/robotiq_85_msgs/environment/path.sh\n'}
[1.718713] (robotiq_85_msgs) StdoutLine: {'line': b'-- Up-to-date symlink: /home/kishu/roboticslab-technical-project/ros2_ws/install/robotiq_85_msgs/share/robotiq_85_msgs/environment/path.dsv\n'}
[1.718862] (robotiq_85_msgs) StdoutLine: {'line': b'-- Up-to-date symlink: /home/kishu/roboticslab-technical-project/ros2_ws/install/robotiq_85_msgs/share/robotiq_85_msgs/local_setup.bash\n'}
[1.719068] (robotiq_85_msgs) StdoutLine: {'line': b'-- Up-to-date symlink: /home/kishu/roboticslab-technical-project/ros2_ws/install/robotiq_85_msgs/share/robotiq_85_msgs/local_setup.sh\n'}
[1.719247] (robotiq_85_msgs) StdoutLine: {'line': b'-- Up-to-date symlink: /home/kishu/roboticslab-technical-project/ros2_ws/install/robotiq_85_msgs/share/robotiq_85_msgs/local_setup.zsh\n'}
[1.719398] (robotiq_85_msgs) StdoutLine: {'line': b'-- Up-to-date symlink: /home/kishu/roboticslab-technical-project/ros2_ws/install/robotiq_85_msgs/share/robotiq_85_msgs/local_setup.dsv\n'}
[1.719566] (robotiq_85_msgs) StdoutLine: {'line': b'-- Symlinking: /home/kishu/roboticslab-technical-project/ros2_ws/install/robotiq_85_msgs/share/robotiq_85_msgs/package.dsv\n'}
[1.736271] (gazebo_ros_link_attacher) CommandEnded: {'returncode': 0}
[1.736933] (gazebo_ros_link_attacher) JobProgress: {'identifier': 'gazebo_ros_link_attacher', 'progress': 'install'}
[1.736991] (gazebo_ros_link_attacher) Command: {'cmd': ['/usr/bin/cmake', '--install', '/home/kishu/roboticslab-technical-project/ros2_ws/build/gazebo_ros_link_attacher'], 'cwd': '/home/kishu/roboticslab-technical-project/ros2_ws/build/gazebo_ros_link_attacher', 'env': OrderedDict([('LESSOPEN', '| /usr/bin/lesspipe %s'), ('USER', 'kishu'), ('SHLVL', '1'), ('LD_LIBRARY_PATH', '/usr/lib/x86_64-linux-gnu/gazebo-11/plugins:/opt/ros/humble/opt/rviz_ogre_vendor/lib:/opt/ros/humble/lib/x86_64-linux-gnu:/opt/ros/humble/lib'), ('HOME', '/home/kishu'), ('OLDPWD', '/home/kishu'), ('ROS_PYTHON_VERSION', '3'), ('DBUS_SESSION_BUS_ADDRESS', 'unix:path=/run/user/1000/bus'), ('WSL_DISTRO_NAME', 'Ubuntu-22.04'), ('WAYLAND_DISPLAY', 'wayland-0'), ('ROS_DISTRO', 'humble'), ('LOGNAME', 'kishu'), ('NAME', 'DESKTOP-07TM2Q3'), ('WSL_INTEROP', '/run/WSL/1395_interop'), ('PULSE_SERVER', 'unix:/mnt/wslg/PulseServer'), ('_', '/usr/bin/colcon'), ('ROS_VERSION', '2'), ('TERM', 'xterm-256color'), ('GAZEBO_MODEL_PATH', '/home/kishu/roboticslab-technical-project/models::/opt/ros/humble/share/turtlebot3_gazebo/models'), ('ROS_LOCALHOST_ONLY', '0'), ('PATH', '/home/kishu/.local/bin:/opt/ros/humble/bin:/usr/local/sbin:/usr/local/bin:/usr/sbin:/usr/bin:/sbin:/bin:/usr/games:/usr/local/games:/usr/lib/wsl/lib:/mnt/c/Program Files/WindowsApps/CanonicalGroupLimited.Ubuntu22.04LTS_2204.5.10021.0_x64__79rhkp1fndgsc:/mnt/c/Windows/system32:/mnt/c/Windows:/mnt/c/Windows/System32/Wbem:/mnt/c/Windows/System32/WindowsPowerShell/v1.0/:/mnt/c/Windows/System32/OpenSSH/:/mnt/c/Program Files/Git/cmd:/mnt/c/Users/Mohamad/AppData/Local/Microsoft/WindowsApps:/mnt/c/Users/Mohamad/AppData/Local/Programs/Microsoft VS Code/bin:/mnt/c/Users/Mohamad/AppData/Local/GitHubDesktop/bin:/snap/bin'), ('XDG_RUNTIME_DIR', '/run/user/1000/'), ('DISPLAY', ':0'), ('LANG', 'C.UTF-8'), ('LS_COLORS', 'rs=0:di=01;34:ln=01;36:mh=00:pi=40;33:so=01;35:do=01;35:bd=40;33;01:cd=40;33;01:or=40;31;01:mi=00:su=37;41:sg=30;43:ca=30;41:tw=30;42:ow=34;42:st=37;44:ex=01;32:*.tar=01;31:*.tgz=01;31:*.arc=01;31:*.arj=01;31:*.taz=01;31:*.lha=01;31:*.lz4=01;31:*.lzh=01;31:*.lzma=01;31:*.tlz=01;31:*.txz=01;31:*.tzo=01;31:*.t7z=01;31:*.zip=01;31:*.z=01;31:*.dz=01;31:*.gz=01;31:*.lrz=01;31:*.lz=01;31:*.lzo=01;31:*.xz=01;31:*.zst=01;31:*.tzst=01;31:*.bz2=01;31:*.bz=01;31:*.tbz=01;31:*.tbz2=01;31:*.tz=01;31:*.deb=01;31:*.rpm=01;31:*.jar=01;31:*.war=01;31:*.ear=01;31:*.sar=01;31:*.rar=01;31:*.alz=01;31:*.ace=01;31:*.zoo=01;31:*.cpio=01;31:*.7z=01;31:*.rz=01;31:*.cab=01;31:*.wim=01;31:*.swm=01;31:*.dwm=01;31:*.esd=01;31:*.jpg=01;35:*.jpeg=01;35:*.mjpg=01;35:*.mjpeg=01;35:*.gif=01;35:*.bmp=01;35:*.pbm=01;35:*.pgm=01;35:*.ppm=01;35:*.tga=01;35:*.xbm=01;35:*.xpm=01;35:*.tif=01;35:*.tiff=01;35:*.png=01;35:*.svg=01;35:*.svgz=01;35:*.mng=01;35:*.pcx=01;35:*.mov=01;35:*.mpg=01;35:*.mpeg=01;35:*.m2v=01;35:*.mkv=01;35:*.webm=01;35:*.webp=01;35:*.ogm=01;35:*.mp4=01;35:*.m4v=01;35:*.mp4v=01;35:*.vob=01;35:*.qt=01;35:*.nuv=01;35:*.wmv=01;35:*.asf=01;35:*.rm=01;35:*.rmvb=01;35:*.flc=01;35:*.avi=01;35:*.fli=01;35:*.flv=01;35:*.gl=01;35:*.dl=01;35:*.xcf=01;35:*.xwd=01;35:*.yuv=01;35:*.cgm=01;35:*.emf=01;35:*.ogv=01;35:*.ogx=01;35:*.aac=00;36:*.au=00;36:*.flac=00;36:*.m4a=00;36:*.mid=00;36:*.midi=00;36:*.mka=00;36:*.mp3=00;36:*.mpc=00;36:*.ogg=00;36:*.ra=00;36:*.wav=00;36:*.oga=00;36:*.opus=00;36:*.spx=00;36:*.xspf=00;36:'), ('AMENT_PREFIX_PATH', '/opt/ros/humble'), ('SHELL', '/bin/bash'), ('LESSCLOSE', '/usr/bin/lesspipe %s %s'), ('PWD', '/home/kishu/roboticslab-technical-project/ros2_ws/build/gazebo_ros_link_attacher'), ('TURTLEBOT3_MODEL', 'waffle_pi'), ('XDG_DATA_DIRS', '/usr/local/share:/usr/share:/var/lib/snapd/desktop'), ('PYTHONPATH', '/opt/ros/humble/lib/python3.10/site-packages:/opt/ros/humble/local/lib/python3.10/dist-packages'), ('COLCON', '1'), ('WSL2_GUI_APPS_ENABLED', '1'), ('HOSTTYPE', 'x86_64'), ('WSLENV', ''), ('CMAKE_PREFIX_PATH', '/opt/ros/humble')]), 'shell': False}
[1.746987] (robotiq_85_msgs) StdoutLine: {'line': b'-- Up-to-date symlink: /home/kishu/roboticslab-technical-project/ros2_ws/install/robotiq_85_msgs/share/ament_index/resource_index/packages/robotiq_85_msgs\n'}
[1.747358] (robotiq_85_msgs) StdoutLine: {'line': b'-- Up-to-date symlink: /home/kishu/roboticslab-technical-project/ros2_ws/install/robotiq_85_msgs/share/robotiq_85_msgs/cmake/rosidl_cmake-extras.cmake\n'}
[1.748803] (robotiq_85_msgs) StdoutLine: {'line': b'-- Up-to-date symlink: /home/kishu/roboticslab-technical-project/ros2_ws/install/robotiq_85_msgs/share/robotiq_85_msgs/cmake/ament_cmake_export_dependencies-extras.cmake\n'}
[1.748992] (robotiq_85_msgs) StdoutLine: {'line': b'-- Up-to-date symlink: /home/kishu/roboticslab-technical-project/ros2_ws/install/robotiq_85_msgs/share/robotiq_85_msgs/cmake/ament_cmake_export_include_directories-extras.cmake\n'}
[1.749073] (robotiq_85_msgs) StdoutLine: {'line': b'-- Up-to-date symlink: /home/kishu/roboticslab-technical-project/ros2_ws/install/robotiq_85_msgs/share/robotiq_85_msgs/cmake/ament_cmake_export_libraries-extras.cmake\n'}
[1.749148] (robotiq_85_msgs) StdoutLine: {'line': b'-- Up-to-date symlink: /home/kishu/roboticslab-technical-project/ros2_ws/install/robotiq_85_msgs/share/robotiq_85_msgs/cmake/ament_cmake_export_targets-extras.cmake\n'}
[1.749218] (robotiq_85_msgs) StdoutLine: {'line': b'-- Up-to-date symlink: /home/kishu/roboticslab-technical-project/ros2_ws/install/robotiq_85_msgs/share/robotiq_85_msgs/cmake/rosidl_cmake_export_typesupport_targets-extras.cmake\n'}
[1.749300] (robotiq_85_msgs) StdoutLine: {'line': b'-- Up-to-date symlink: /home/kishu/roboticslab-technical-project/ros2_ws/install/robotiq_85_msgs/share/robotiq_85_msgs/cmake/rosidl_cmake_export_typesupport_libraries-extras.cmake\n'}
[1.759951] (multi_robot_coop) Command: {'cmd': ['/usr/bin/python3', '-W', 'ignore:setup.py install is deprecated', '-W', 'ignore:easy_install command is deprecated', 'setup.py', 'develop', '--editable', '--build-directory', '/home/kishu/roboticslab-technical-project/ros2_ws/build/multi_robot_coop/build', '--no-deps', 'symlink_data'], 'cwd': '/home/kishu/roboticslab-technical-project/ros2_ws/build/multi_robot_coop', 'env': {'LESSOPEN': '| /usr/bin/lesspipe %s', 'USER': 'kishu', 'SHLVL': '1', 'LD_LIBRARY_PATH': '/usr/lib/x86_64-linux-gnu/gazebo-11/plugins:/opt/ros/humble/opt/rviz_ogre_vendor/lib:/opt/ros/humble/lib/x86_64-linux-gnu:/opt/ros/humble/lib', 'HOME': '/home/kishu', 'OLDPWD': '/home/kishu', 'ROS_PYTHON_VERSION': '3', 'DBUS_SESSION_BUS_ADDRESS': 'unix:path=/run/user/1000/bus', 'WSL_DISTRO_NAME': 'Ubuntu-22.04', 'WAYLAND_DISPLAY': 'wayland-0', 'ROS_DISTRO': 'humble', 'LOGNAME': 'kishu', 'NAME': 'DESKTOP-07TM2Q3', 'WSL_INTEROP': '/run/WSL/1395_interop', 'PULSE_SERVER': 'unix:/mnt/wslg/PulseServer', '_': '/usr/bin/colcon', 'ROS_VERSION': '2', 'TERM': 'xterm-256color', 'GAZEBO_MODEL_PATH': '/home/kishu/roboticslab-technical-project/models::/opt/ros/humble/share/turtlebot3_gazebo/models', 'ROS_LOCALHOST_ONLY': '0', 'PATH': '/home/kishu/.local/bin:/opt/ros/humble/bin:/usr/local/sbin:/usr/local/bin:/usr/sbin:/usr/bin:/sbin:/bin:/usr/games:/usr/local/games:/usr/lib/wsl/lib:/mnt/c/Program Files/WindowsApps/CanonicalGroupLimited.Ubuntu22.04LTS_2204.5.10021.0_x64__79rhkp1fndgsc:/mnt/c/Windows/system32:/mnt/c/Windows:/mnt/c/Windows/System32/Wbem:/mnt/c/Windows/System32/WindowsPowerShell/v1.0/:/mnt/c/Windows/System32/OpenSSH/:/mnt/c/Program Files/Git/cmd:/mnt/c/Users/Mohamad/AppData/Local/Microsoft/WindowsApps:/mnt/c/Users/Mohamad/AppData/Local/Programs/Microsoft VS Code/bin:/mnt/c/Users/Mohamad/AppData/Local/GitHubDesktop/bin:/snap/bin', 'XDG_RUNTIME_DIR': '/run/user/1000/', 'DISPLAY': ':0', 'LANG': 'C.UTF-8', 'LS_COLORS': 'rs=0:di=01;34:ln=01;36:mh=00:pi=40;33:so=01;35:do=01;35:bd=40;33;01:cd=40;33;01:or=40;31;01:mi=00:su=37;41:sg=30;43:ca=30;41:tw=30;42:ow=34;42:st=37;44:ex=01;32:*.tar=01;31:*.tgz=01;31:*.arc=01;31:*.arj=01;31:*.taz=01;31:*.lha=01;31:*.lz4=01;31:*.lzh=01;31:*.lzma=01;31:*.tlz=01;31:*.txz=01;31:*.tzo=01;31:*.t7z=01;31:*.zip=01;31:*.z=01;31:*.dz=01;31:*.gz=01;31:*.lrz=01;31:*.lz=01;31:*.lzo=01;31:*.xz=01;31:*.zst=01;31:*.tzst=01;31:*.bz2=01;31:*.bz=01;31:*.tbz=01;31:*.tbz2=01;31:*.tz=01;31:*.deb=01;31:*.rpm=01;31:*.jar=01;31:*.war=01;31:*.ear=01;31:*.sar=01;31:*.rar=01;31:*.alz=01;31:*.ace=01;31:*.zoo=01;31:*.cpio=01;31:*.7z=01;31:*.rz=01;31:*.cab=01;31:*.wim=01;31:*.swm=01;31:*.dwm=01;31:*.esd=01;31:*.jpg=01;35:*.jpeg=01;35:*.mjpg=01;35:*.mjpeg=01;35:*.gif=01;35:*.bmp=01;35:*.pbm=01;35:*.pgm=01;35:*.ppm=01;35:*.tga=01;35:*.xbm=01;35:*.xpm=01;35:*.tif=01;35:*.tiff=01;35:*.png=01;35:*.svg=01;35:*.svgz=01;35:*.mng=01;35:*.pcx=01;35:*.mov=01;35:*.mpg=01;35:*.mpeg=01;35:*.m2v=01;35:*.mkv=01;35:*.webm=01;35:*.webp=01;35:*.ogm=01;35:*.mp4=01;35:*.m4v=01;35:*.mp4v=01;35:*.vob=01;35:*.qt=01;35:*.nuv=01;35:*.wmv=01;35:*.asf=01;35:*.rm=01;35:*.rmvb=01;35:*.flc=01;35:*.avi=01;35:*.fli=01;35:*.flv=01;35:*.gl=01;35:*.dl=01;35:*.xcf=01;35:*.xwd=01;35:*.yuv=01;35:*.cgm=01;35:*.emf=01;35:*.ogv=01;35:*.ogx=01;35:*.aac=00;36:*.au=00;36:*.flac=00;36:*.m4a=00;36:*.mid=00;36:*.midi=00;36:*.mka=00;36:*.mp3=00;36:*.mpc=00;36:*.ogg=00;36:*.ra=00;36:*.wav=00;36:*.oga=00;36:*.opus=00;36:*.spx=00;36:*.xspf=00;36:', 'AMENT_PREFIX_PATH': '/opt/ros/humble', 'SHELL': '/bin/bash', 'LESSCLOSE': '/usr/bin/lesspipe %s %s', 'PWD': '/home/kishu/roboticslab-technical-project/ros2_ws/build/multi_robot_coop', 'TURTLEBOT3_MODEL': 'waffle_pi', 'XDG_DATA_DIRS': '/usr/local/share:/usr/share:/var/lib/snapd/desktop', 'PYTHONPATH': '/home/kishu/roboticslab-technical-project/ros2_ws/build/multi_robot_coop/prefix_override:/usr/lib/python3/dist-packages/colcon_core/task/python/colcon_distutils_commands:/home/kishu/roboticslab-technical-project/ros2_ws/install/multi_robot_coop/lib/python3.10/site-packages:/opt/ros/humble/lib/python3.10/site-packages:/opt/ros/humble/local/lib/python3.10/dist-packages', 'COLCON': '1', 'WSL2_GUI_APPS_ENABLED': '1', 'HOSTTYPE': 'x86_64', 'WSLENV': ''}, 'shell': False}
[1.765413] (gazebo_ros_link_attacher) StdoutLine: {'line': b'-- Install configuration: ""\n'}
[1.765867] (gazebo_ros_link_attacher) StdoutLine: {'line': b'-- Execute custom install script\n'}
[1.766079] (gazebo_ros_link_attacher) StdoutLine: {'line': b'-- Up-to-date symlink: /home/kishu/roboticslab-technical-project/ros2_ws/install/gazebo_ros_link_attacher/share/ament_index/resource_index/rosidl_interfaces/gazebo_ros_link_attacher\n'}
[1.766296] (gazebo_ros_link_attacher) StdoutLine: {'line': b'-- Up-to-date symlink: /home/kishu/roboticslab-technical-project/ros2_ws/install/gazebo_ros_link_attacher/include/gazebo_ros_link_attacher/gazebo_ros_link_attacher/msg/rosidl_generator_c__visibility_control.h\n'}
[1.766469] (gazebo_ros_link_attacher) StdoutLine: {'line': b'-- Up-to-date symlink: /home/kishu/roboticslab-technical-project/ros2_ws/install/gazebo_ros_link_attacher/include/gazebo_ros_link_attacher/gazebo_ros_link_attacher/srv/attach.h\n'}
[1.766780] (robotiq_85_msgs) StdoutLine: {'line': b'-- Up-to-date symlink: /home/kishu/roboticslab-technical-project/ros2_ws/install/robotiq_85_msgs/share/robotiq_85_msgs/cmake/robotiq_85_msgsConfig.cmake\n'}
[1.766955] (robotiq_85_msgs) StdoutLine: {'line': b'-- Up-to-date symlink: /home/kishu/roboticslab-technical-project/ros2_ws/install/robotiq_85_msgs/share/robotiq_85_msgs/cmake/robotiq_85_msgsConfig-version.cmake\n'}
[1.767231] (robotiq_85_msgs) StdoutLine: {'line': b'-- Up-to-date symlink: /home/kishu/roboticslab-technical-project/ros2_ws/install/robotiq_85_msgs/share/robotiq_85_msgs/package.xml\n'}
[1.767454] (robotiq_85_msgs) StdoutLine: {'line': b'-- Up-to-date: /home/kishu/roboticslab-technical-project/ros2_ws/install/robotiq_85_msgs/lib/librobotiq_85_msgs__rosidl_generator_c.so\n'}
[1.769458] (robotiq_85_msgs) StdoutLine: {'line': b'-- Up-to-date: /home/kishu/roboticslab-technical-project/ros2_ws/install/robotiq_85_msgs/lib/librobotiq_85_msgs__rosidl_typesupport_fastrtps_c.so\n'}
[1.769779] (robotiq_85_msgs) StdoutLine: {'line': b'-- Up-to-date: /home/kishu/roboticslab-technical-project/ros2_ws/install/robotiq_85_msgs/lib/librobotiq_85_msgs__rosidl_typesupport_fastrtps_cpp.so\n'}
[1.772968] (robotiq_85_msgs) StdoutLine: {'line': b'-- Up-to-date: /home/kishu/roboticslab-technical-project/ros2_ws/install/robotiq_85_msgs/lib/librobotiq_85_msgs__rosidl_typesupport_introspection_c.so\n'}
[1.773429] (robotiq_85_msgs) StdoutLine: {'line': b'-- Up-to-date: /home/kishu/roboticslab-technical-project/ros2_ws/install/robotiq_85_msgs/lib/librobotiq_85_msgs__rosidl_typesupport_c.so\n'}
[1.773847] (robotiq_85_msgs) StdoutLine: {'line': b'-- Up-to-date: /home/kishu/roboticslab-technical-project/ros2_ws/install/robotiq_85_msgs/lib/librobotiq_85_msgs__rosidl_typesupport_introspection_cpp.so\n'}
[1.774578] (robotiq_85_msgs) StdoutLine: {'line': b'-- Up-to-date: /home/kishu/roboticslab-technical-project/ros2_ws/install/robotiq_85_msgs/lib/librobotiq_85_msgs__rosidl_typesupport_cpp.so\n'}
[1.775244] (gazebo_ros_link_attacher) StdoutLine: {'line': b'-- Up-to-date symlink: /home/kishu/roboticslab-technical-project/ros2_ws/install/gazebo_ros_link_attacher/include/gazebo_ros_link_attacher/gazebo_ros_link_attacher/srv/detail/attach__functions.h\n'}
[1.775742] (gazebo_ros_link_attacher) StdoutLine: {'line': b'-- Up-to-date symlink: /home/kishu/roboticslab-technical-project/ros2_ws/install/gazebo_ros_link_attacher/include/gazebo_ros_link_attacher/gazebo_ros_link_attacher/srv/detail/attach__struct.h\n'}
[1.776094] (gazebo_ros_link_attacher) StdoutLine: {'line': b'-- Up-to-date symlink: /home/kishu/roboticslab-technical-project/ros2_ws/install/gazebo_ros_link_attacher/include/gazebo_ros_link_attacher/gazebo_ros_link_attacher/srv/detail/attach__type_support.h\n'}
[1.776431] (gazebo_ros_link_attacher) StdoutLine: {'line': b'-- Up-to-date symlink: /home/kishu/roboticslab-technical-project/ros2_ws/install/gazebo_ros_link_attacher/share/gazebo_ros_link_attacher/environment/library_path.sh\n'}
[1.776751] (gazebo_ros_link_attacher) StdoutLine: {'line': b'-- Up-to-date symlink: /home/kishu/roboticslab-technical-project/ros2_ws/install/gazebo_ros_link_attacher/share/gazebo_ros_link_attacher/environment/library_path.dsv\n'}
[1.777193] (gazebo_ros_link_attacher) StdoutLine: {'line': b'-- Up-to-date symlink: /home/kishu/roboticslab-technical-project/ros2_ws/install/gazebo_ros_link_attacher/include/gazebo_ros_link_attacher/gazebo_ros_link_attacher/msg/rosidl_typesupport_fastrtps_c__visibility_control.h\n'}
[1.777383] (gazebo_ros_link_attacher) StdoutLine: {'line': b'-- Up-to-date symlink: /home/kishu/roboticslab-technical-project/ros2_ws/install/gazebo_ros_link_attacher/include/gazebo_ros_link_attacher/gazebo_ros_link_attacher/srv/detail/attach__rosidl_typesupport_fastrtps_c.h\n'}
[1.777533] (gazebo_ros_link_attacher) StdoutLine: {'line': b'-- Up-to-date symlink: /home/kishu/roboticslab-technical-project/ros2_ws/install/gazebo_ros_link_attacher/include/gazebo_ros_link_attacher/gazebo_ros_link_attacher/msg/rosidl_generator_cpp__visibility_control.hpp\n'}
[1.777677] (gazebo_ros_link_attacher) StdoutLine: {'line': b'-- Up-to-date symlink: /home/kishu/roboticslab-technical-project/ros2_ws/install/gazebo_ros_link_attacher/include/gazebo_ros_link_attacher/gazebo_ros_link_attacher/srv/attach.hpp\n'}
[1.777827] (gazebo_ros_link_attacher) StdoutLine: {'line': b'-- Up-to-date symlink: /home/kishu/roboticslab-technical-project/ros2_ws/install/gazebo_ros_link_attacher/include/gazebo_ros_link_attacher/gazebo_ros_link_attacher/srv/detail/attach__builder.hpp\n'}
[1.778004] (gazebo_ros_link_attacher) StdoutLine: {'line': b'-- Up-to-date symlink: /home/kishu/roboticslab-technical-project/ros2_ws/install/gazebo_ros_link_attacher/include/gazebo_ros_link_attacher/gazebo_ros_link_attacher/srv/detail/attach__struct.hpp\n'}
[1.778208] (gazebo_ros_link_attacher) StdoutLine: {'line': b'-- Up-to-date symlink: /home/kishu/roboticslab-technical-project/ros2_ws/install/gazebo_ros_link_attacher/include/gazebo_ros_link_attacher/gazebo_ros_link_attacher/srv/detail/attach__traits.hpp\n'}
[1.778353] (gazebo_ros_link_attacher) StdoutLine: {'line': b'-- Up-to-date symlink: /home/kishu/roboticslab-technical-project/ros2_ws/install/gazebo_ros_link_attacher/include/gazebo_ros_link_attacher/gazebo_ros_link_attacher/srv/detail/attach__type_support.hpp\n'}
[1.778523] (gazebo_ros_link_attacher) StdoutLine: {'line': b'-- Up-to-date symlink: /home/kishu/roboticslab-technical-project/ros2_ws/install/gazebo_ros_link_attacher/include/gazebo_ros_link_attacher/gazebo_ros_link_attacher/msg/rosidl_typesupport_fastrtps_cpp__visibility_control.h\n'}
[1.778682] (gazebo_ros_link_attacher) StdoutLine: {'line': b'-- Up-to-date symlink: /home/kishu/roboticslab-technical-project/ros2_ws/install/gazebo_ros_link_attacher/include/gazebo_ros_link_attacher/gazebo_ros_link_attacher/srv/detail/attach__rosidl_typesupport_fastrtps_cpp.hpp\n'}
[1.778838] (gazebo_ros_link_attacher) StdoutLine: {'line': b'-- Up-to-date symlink: /home/kishu/roboticslab-technical-project/ros2_ws/install/gazebo_ros_link_attacher/include/gazebo_ros_link_attacher/gazebo_ros_link_attacher/msg/rosidl_typesupport_introspection_c__visibility_control.h\n'}
[1.779054] (gazebo_ros_link_attacher) StdoutLine: {'line': b'-- Up-to-date symlink: /home/kishu/roboticslab-technical-project/ros2_ws/install/gazebo_ros_link_attacher/include/gazebo_ros_link_attacher/gazebo_ros_link_attacher/srv/detail/attach__rosidl_typesupport_introspection_c.h\n'}
[1.779207] (gazebo_ros_link_attacher) StdoutLine: {'line': b'-- Up-to-date symlink: /home/kishu/roboticslab-technical-project/ros2_ws/install/gazebo_ros_link_attacher/include/gazebo_ros_link_attacher/gazebo_ros_link_attacher/srv/detail/attach__rosidl_typesupport_introspection_cpp.hpp\n'}
[1.779329] (gazebo_ros_link_attacher) StdoutLine: {'line': b'-- Up-to-date symlink: /home/kishu/roboticslab-technical-project/ros2_ws/install/gazebo_ros_link_attacher/share/gazebo_ros_link_attacher/environment/pythonpath.sh\n'}
[1.779454] (gazebo_ros_link_attacher) StdoutLine: {'line': b'-- Up-to-date symlink: /home/kishu/roboticslab-technical-project/ros2_ws/install/gazebo_ros_link_attacher/share/gazebo_ros_link_attacher/environment/pythonpath.dsv\n'}
[1.779618] (gazebo_ros_link_attacher) StdoutLine: {'line': b'-- Up-to-date symlink: /home/kishu/roboticslab-technical-project/ros2_ws/install/gazebo_ros_link_attacher/local/lib/python3.10/dist-packages/gazebo_ros_link_attacher-0.0.0-py3.10.egg-info/PKG-INFO\n'}
[1.779753] (gazebo_ros_link_attacher) StdoutLine: {'line': b'-- Up-to-date symlink: /home/kishu/roboticslab-technical-project/ros2_ws/install/gazebo_ros_link_attacher/local/lib/python3.10/dist-packages/gazebo_ros_link_attacher-0.0.0-py3.10.egg-info/SOURCES.txt\n'}
[1.779982] (gazebo_ros_link_attacher) StdoutLine: {'line': b'-- Up-to-date symlink: /home/kishu/roboticslab-technical-project/ros2_ws/install/gazebo_ros_link_attacher/local/lib/python3.10/dist-packages/gazebo_ros_link_attacher-0.0.0-py3.10.egg-info/dependency_links.txt\n'}
[1.780458] (gazebo_ros_link_attacher) StdoutLine: {'line': b'-- Up-to-date symlink: /home/kishu/roboticslab-technical-project/ros2_ws/install/gazebo_ros_link_attacher/local/lib/python3.10/dist-packages/gazebo_ros_link_attacher-0.0.0-py3.10.egg-info/top_level.txt\n'}
[1.789475] (gazebo_ros_link_attacher) StdoutLine: {'line': b'-- Up-to-date symlink: /home/kishu/roboticslab-technical-project/ros2_ws/install/gazebo_ros_link_attacher/local/lib/python3.10/dist-packages/gazebo_ros_link_attacher/__init__.py\n'}
[1.793539] (gazebo_ros_link_attacher) StdoutLine: {'line': b'-- Up-to-date symlink: /home/kishu/roboticslab-technical-project/ros2_ws/install/gazebo_ros_link_attacher/local/lib/python3.10/dist-packages/gazebo_ros_link_attacher/_gazebo_ros_link_attacher_s.ep.rosidl_typesupport_c.c\n'}
[1.793953] (gazebo_ros_link_attacher) StdoutLine: {'line': b'-- Up-to-date symlink: /home/kishu/roboticslab-technical-project/ros2_ws/install/gazebo_ros_link_attacher/local/lib/python3.10/dist-packages/gazebo_ros_link_attacher/_gazebo_ros_link_attacher_s.ep.rosidl_typesupport_fastrtps_c.c\n'}
[1.794201] (gazebo_ros_link_attacher) StdoutLine: {'line': b'-- Up-to-date symlink: /home/kishu/roboticslab-technical-project/ros2_ws/install/gazebo_ros_link_attacher/local/lib/python3.10/dist-packages/gazebo_ros_link_attacher/_gazebo_ros_link_attacher_s.ep.rosidl_typesupport_introspection_c.c\n'}
[1.794353] (gazebo_ros_link_attacher) StdoutLine: {'line': b'-- Up-to-date symlink: /home/kishu/roboticslab-technical-project/ros2_ws/install/gazebo_ros_link_attacher/local/lib/python3.10/dist-packages/gazebo_ros_link_attacher/gazebo_ros_link_attacher_s__rosidl_typesupport_c.cpython-310-x86_64-linux-gnu.so\n'}
[1.794501] (gazebo_ros_link_attacher) StdoutLine: {'line': b'-- Up-to-date symlink: /home/kishu/roboticslab-technical-project/ros2_ws/install/gazebo_ros_link_attacher/local/lib/python3.10/dist-packages/gazebo_ros_link_attacher/gazebo_ros_link_attacher_s__rosidl_typesupport_fastrtps_c.cpython-310-x86_64-linux-gnu.so\n'}
[1.794801] (gazebo_ros_link_attacher) StdoutLine: {'line': b'-- Up-to-date symlink: /home/kishu/roboticslab-technical-project/ros2_ws/install/gazebo_ros_link_attacher/local/lib/python3.10/dist-packages/gazebo_ros_link_attacher/gazebo_ros_link_attacher_s__rosidl_typesupport_introspection_c.cpython-310-x86_64-linux-gnu.so\n'}
[1.794965] (gazebo_ros_link_attacher) StdoutLine: {'line': b'-- Up-to-date symlink: /home/kishu/roboticslab-technical-project/ros2_ws/install/gazebo_ros_link_attacher/local/lib/python3.10/dist-packages/gazebo_ros_link_attacher/libgazebo_ros_link_attacher__rosidl_generator_py.so\n'}
[1.795183] (gazebo_ros_link_attacher) StdoutLine: {'line': b'-- Up-to-date symlink: /home/kishu/roboticslab-technical-project/ros2_ws/install/gazebo_ros_link_attacher/local/lib/python3.10/dist-packages/gazebo_ros_link_attacher/srv/__init__.py\n'}
[1.795367] (gazebo_ros_link_attacher) StdoutLine: {'line': b'-- Up-to-date symlink: /home/kishu/roboticslab-technical-project/ros2_ws/install/gazebo_ros_link_attacher/local/lib/python3.10/dist-packages/gazebo_ros_link_attacher/srv/_attach.py\n'}
[1.795678] (gazebo_ros_link_attacher) StdoutLine: {'line': b'-- Up-to-date symlink: /home/kishu/roboticslab-technical-project/ros2_ws/install/gazebo_ros_link_attacher/local/lib/python3.10/dist-packages/gazebo_ros_link_attacher/srv/_attach_s.c\n'}
[1.795960] (gazebo_ros_link_attacher) StdoutLine: {'line': b'-- Up-to-date symlink: /home/kishu/roboticslab-technical-project/ros2_ws/install/gazebo_ros_link_attacher/local/lib/python3.10/dist-packages/gazebo_ros_link_attacher/gazebo_ros_link_attacher_s__rosidl_typesupport_fastrtps_c.cpython-310-x86_64-linux-gnu.so\n'}
[1.796147] (gazebo_ros_link_attacher) StdoutLine: {'line': b'-- Up-to-date symlink: /home/kishu/roboticslab-technical-project/ros2_ws/install/gazebo_ros_link_attacher/local/lib/python3.10/dist-packages/gazebo_ros_link_attacher/gazebo_ros_link_attacher_s__rosidl_typesupport_introspection_c.cpython-310-x86_64-linux-gnu.so\n'}
[1.796377] (gazebo_ros_link_attacher) StdoutLine: {'line': b'-- Up-to-date symlink: /home/kishu/roboticslab-technical-project/ros2_ws/install/gazebo_ros_link_attacher/local/lib/python3.10/dist-packages/gazebo_ros_link_attacher/gazebo_ros_link_attacher_s__rosidl_typesupport_c.cpython-310-x86_64-linux-gnu.so\n'}
[1.796573] (gazebo_ros_link_attacher) StdoutLine: {'line': b'-- Up-to-date symlink: /home/kishu/roboticslab-technical-project/ros2_ws/install/gazebo_ros_link_attacher/share/gazebo_ros_link_attacher/srv/Attach.idl\n'}
[1.796733] (gazebo_ros_link_attacher) StdoutLine: {'line': b'-- Up-to-date symlink: /home/kishu/roboticslab-technical-project/ros2_ws/install/gazebo_ros_link_attacher/share/gazebo_ros_link_attacher/srv/Attach.srv\n'}
[1.796905] (gazebo_ros_link_attacher) StdoutLine: {'line': b'-- Up-to-date symlink: /home/kishu/roboticslab-technical-project/ros2_ws/install/gazebo_ros_link_attacher/share/gazebo_ros_link_attacher/srv/Attach_Request.msg\n'}
[1.797052] (gazebo_ros_link_attacher) StdoutLine: {'line': b'-- Up-to-date symlink: /home/kishu/roboticslab-technical-project/ros2_ws/install/gazebo_ros_link_attacher/share/gazebo_ros_link_attacher/srv/Attach_Response.msg\n'}
[1.797192] (gazebo_ros_link_attacher) StdoutLine: {'line': b'-- Up-to-date symlink: /home/kishu/roboticslab-technical-project/ros2_ws/install/gazebo_ros_link_attacher/lib/libgazebo_ros_link_attacher_plugin.so\n'}
[1.797427] (gazebo_ros_link_attacher) StdoutLine: {'line': b'-- Up-to-date symlink: /home/kishu/roboticslab-technical-project/ros2_ws/install/gazebo_ros_link_attacher/lib/gazebo_ros_link_attacher/demo.py\n'}
[1.797674] (gazebo_ros_link_attacher) StdoutLine: {'line': b'-- Up-to-date symlink: /home/kishu/roboticslab-technical-project/ros2_ws/install/gazebo_ros_link_attacher/lib/gazebo_ros_link_attacher/demo_multiple.py\n'}
[1.797815] (gazebo_ros_link_attacher) StdoutLine: {'line': b'-- Up-to-date symlink: /home/kishu/roboticslab-technical-project/ros2_ws/install/gazebo_ros_link_attacher/lib/gazebo_ros_link_attacher/spawn_models.py\n'}
[1.797957] (gazebo_ros_link_attacher) StdoutLine: {'line': b'-- Up-to-date symlink: /home/kishu/roboticslab-technical-project/ros2_ws/install/gazebo_ros_link_attacher/lib/gazebo_ros_link_attacher/attach.py\n'}
[1.798137] (gazebo_ros_link_attacher) StdoutLine: {'line': b'-- Up-to-date symlink: /home/kishu/roboticslab-technical-project/ros2_ws/install/gazebo_ros_link_attacher/lib/gazebo_ros_link_attacher/detach.py\n'}
[1.799982] (gazebo_ros_link_attacher) StdoutLine: {'line': b'-- Up-to-date symlink: /home/kishu/roboticslab-technical-project/ros2_ws/install/gazebo_ros_link_attacher/share/gazebo_ros_link_attacher/launch/test_attacher.py\n'}
[1.800259] (gazebo_ros_link_attacher) StdoutLine: {'line': b'-- Up-to-date symlink: /home/kishu/roboticslab-technical-project/ros2_ws/install/gazebo_ros_link_attacher/share/gazebo_ros_link_attacher/worlds/test_attacher.world\n'}
[1.804713] (gazebo_ros_link_attacher) StdoutLine: {'line': b'-- Up-to-date symlink: /home/kishu/roboticslab-technical-project/ros2_ws/install/gazebo_ros_link_attacher/share/ament_index/resource_index/package_run_dependencies/gazebo_ros_link_attacher\n'}
[1.805051] (gazebo_ros_link_attacher) StdoutLine: {'line': b'-- Up-to-date symlink: /home/kishu/roboticslab-technical-project/ros2_ws/install/gazebo_ros_link_attacher/share/ament_index/resource_index/parent_prefix_path/gazebo_ros_link_attacher\n'}
[1.805334] (gazebo_ros_link_attacher) StdoutLine: {'line': b'-- Up-to-date symlink: /home/kishu/roboticslab-technical-project/ros2_ws/install/gazebo_ros_link_attacher/share/gazebo_ros_link_attacher/environment/ament_prefix_path.sh\n'}
[1.805511] (gazebo_ros_link_attacher) StdoutLine: {'line': b'-- Up-to-date symlink: /home/kishu/roboticslab-technical-project/ros2_ws/install/gazebo_ros_link_attacher/share/gazebo_ros_link_attacher/environment/ament_prefix_path.dsv\n'}
[1.812811] (gazebo_ros_link_attacher) StdoutLine: {'line': b'-- Up-to-date symlink: /home/kishu/roboticslab-technical-project/ros2_ws/install/gazebo_ros_link_attacher/share/gazebo_ros_link_attacher/environment/path.sh\n'}
[1.813192] (gazebo_ros_link_attacher) StdoutLine: {'line': b'-- Up-to-date symlink: /home/kishu/roboticslab-technical-project/ros2_ws/install/gazebo_ros_link_attacher/share/gazebo_ros_link_attacher/environment/path.dsv\n'}
[1.813398] (gazebo_ros_link_attacher) StdoutLine: {'line': b'-- Up-to-date symlink: /home/kishu/roboticslab-technical-project/ros2_ws/install/gazebo_ros_link_attacher/share/gazebo_ros_link_attacher/local_setup.bash\n'}
[1.813624] (gazebo_ros_link_attacher) StdoutLine: {'line': b'-- Up-to-date symlink: /home/kishu/roboticslab-technical-project/ros2_ws/install/gazebo_ros_link_attacher/share/gazebo_ros_link_attacher/local_setup.sh\n'}
[1.813797] (gazebo_ros_link_attacher) StdoutLine: {'line': b'-- Up-to-date symlink: /home/kishu/roboticslab-technical-project/ros2_ws/install/gazebo_ros_link_attacher/share/gazebo_ros_link_attacher/local_setup.zsh\n'}
[1.813985] (gazebo_ros_link_attacher) StdoutLine: {'line': b'-- Up-to-date symlink: /home/kishu/roboticslab-technical-project/ros2_ws/install/gazebo_ros_link_attacher/share/gazebo_ros_link_attacher/local_setup.dsv\n'}
[1.814154] (gazebo_ros_link_attacher) StdoutLine: {'line': b'-- Symlinking: /home/kishu/roboticslab-technical-project/ros2_ws/install/gazebo_ros_link_attacher/share/gazebo_ros_link_attacher/package.dsv\n'}
[1.827109] (-) TimerEvent: {}
[1.837245] (gazebo_ros_link_attacher) StdoutLine: {'line': b'-- Up-to-date symlink: /home/kishu/roboticslab-technical-project/ros2_ws/install/gazebo_ros_link_attacher/share/ament_index/resource_index/packages/gazebo_ros_link_attacher\n'}
[1.837653] (gazebo_ros_link_attacher) StdoutLine: {'line': b'-- Up-to-date symlink: /home/kishu/roboticslab-technical-project/ros2_ws/install/gazebo_ros_link_attacher/share/gazebo_ros_link_attacher/cmake/rosidl_cmake-extras.cmake\n'}
[1.838082] (gazebo_ros_link_attacher) StdoutLine: {'line': b'-- Up-to-date symlink: /home/kishu/roboticslab-technical-project/ros2_ws/install/gazebo_ros_link_attacher/share/gazebo_ros_link_attacher/cmake/ament_cmake_export_dependencies-extras.cmake\n'}
[1.838577] (gazebo_ros_link_attacher) StdoutLine: {'line': b'-- Up-to-date symlink: /home/kishu/roboticslab-technical-project/ros2_ws/install/gazebo_ros_link_attacher/share/gazebo_ros_link_attacher/cmake/ament_cmake_export_include_directories-extras.cmake\n'}
[1.838979] (gazebo_ros_link_attacher) StdoutLine: {'line': b'-- Up-to-date symlink: /home/kishu/roboticslab-technical-project/ros2_ws/install/gazebo_ros_link_attacher/share/gazebo_ros_link_attacher/cmake/ament_cmake_export_libraries-extras.cmake\n'}
[1.839399] (gazebo_ros_link_attacher) StdoutLine: {'line': b'-- Up-to-date symlink: /home/kishu/roboticslab-technical-project/ros2_ws/install/gazebo_ros_link_attacher/share/gazebo_ros_link_attacher/cmake/ament_cmake_export_targets-extras.cmake\n'}
[1.839880] (gazebo_ros_link_attacher) StdoutLine: {'line': b'-- Up-to-date symlink: /home/kishu/roboticslab-technical-project/ros2_ws/install/gazebo_ros_link_attacher/share/gazebo_ros_link_attacher/cmake/rosidl_cmake_export_typesupport_targets-extras.cmake\n'}
[1.840318] (gazebo_ros_link_attacher) StdoutLine: {'line': b'-- Up-to-date symlink: /home/kishu/roboticslab-technical-project/ros2_ws/install/gazebo_ros_link_attacher/share/gazebo_ros_link_attacher/cmake/rosidl_cmake_export_typesupport_libraries-extras.cmake\n'}
[1.840732] (gazebo_ros_link_attacher) StdoutLine: {'line': b'-- Up-to-date symlink: /home/kishu/roboticslab-technical-project/ros2_ws/install/gazebo_ros_link_attacher/share/gazebo_ros_link_attacher/cmake/gazebo_ros_link_attacherConfig.cmake\n'}
[1.841173] (gazebo_ros_link_attacher) StdoutLine: {'line': b'-- Up-to-date symlink: /home/kishu/roboticslab-technical-project/ros2_ws/install/gazebo_ros_link_attacher/share/gazebo_ros_link_attacher/cmake/gazebo_ros_link_attacherConfig-version.cmake\n'}
[1.841745] (gazebo_ros_link_attacher) StdoutLine: {'line': b'-- Up-to-date symlink: /home/kishu/roboticslab-technical-project/ros2_ws/install/gazebo_ros_link_attacher/share/gazebo_ros_link_attacher/package.xml\n'}
[1.842311] (gazebo_ros_link_attacher) StdoutLine: {'line': b'-- Up-to-date: /home/kishu/roboticslab-technical-project/ros2_ws/install/gazebo_ros_link_attacher/lib/libgazebo_ros_link_attacher__rosidl_generator_c.so\n'}
[1.852253] (gazebo_ros_link_attacher) StdoutLine: {'line': b'-- Up-to-date: /home/kishu/roboticslab-technical-project/ros2_ws/install/gazebo_ros_link_attacher/lib/libgazebo_ros_link_attacher__rosidl_typesupport_fastrtps_c.so\n'}
[1.853037] (gazebo_ros_link_attacher) StdoutLine: {'line': b'-- Up-to-date: /home/kishu/roboticslab-technical-project/ros2_ws/install/gazebo_ros_link_attacher/lib/libgazebo_ros_link_attacher__rosidl_typesupport_fastrtps_cpp.so\n'}
[1.853658] (gazebo_ros_link_attacher) StdoutLine: {'line': b'-- Up-to-date: /home/kishu/roboticslab-technical-project/ros2_ws/install/gazebo_ros_link_attacher/lib/libgazebo_ros_link_attacher__rosidl_typesupport_introspection_c.so\n'}
[1.854349] (gazebo_ros_link_attacher) StdoutLine: {'line': b'-- Up-to-date: /home/kishu/roboticslab-technical-project/ros2_ws/install/gazebo_ros_link_attacher/lib/libgazebo_ros_link_attacher__rosidl_typesupport_c.so\n'}
[1.854987] (gazebo_ros_link_attacher) StdoutLine: {'line': b'-- Up-to-date: /home/kishu/roboticslab-technical-project/ros2_ws/install/gazebo_ros_link_attacher/lib/libgazebo_ros_link_attacher__rosidl_typesupport_introspection_cpp.so\n'}
[1.855578] (gazebo_ros_link_attacher) StdoutLine: {'line': b'-- Up-to-date: /home/kishu/roboticslab-technical-project/ros2_ws/install/gazebo_ros_link_attacher/lib/libgazebo_ros_link_attacher__rosidl_typesupport_cpp.so\n'}
[1.883614] (robotiq_85_msgs) StdoutLine: {'line': b"Listing '/home/kishu/roboticslab-technical-project/ros2_ws/install/robotiq_85_msgs/local/lib/python3.10/dist-packages/robotiq_85_msgs'...\n"}
[1.884206] (robotiq_85_msgs) StdoutLine: {'line': b"Listing '/home/kishu/roboticslab-technical-project/ros2_ws/install/robotiq_85_msgs/local/lib/python3.10/dist-packages/robotiq_85_msgs/msg'...\n"}
[1.904223] (robotiq_85_msgs) StdoutLine: {'line': b'-- Up-to-date: /home/kishu/roboticslab-technical-project/ros2_ws/install/robotiq_85_msgs/lib/librobotiq_85_msgs__rosidl_generator_py.so\n'}
[1.909693] (robotiq_85_msgs) StdoutLine: {'line': b'-- Up-to-date: /home/kishu/roboticslab-technical-project/ros2_ws/install/robotiq_85_msgs/share/robotiq_85_msgs/cmake/export_robotiq_85_msgs__rosidl_generator_cExport.cmake\n'}
[1.909979] (robotiq_85_msgs) StdoutLine: {'line': b'-- Up-to-date: /home/kishu/roboticslab-technical-project/ros2_ws/install/robotiq_85_msgs/share/robotiq_85_msgs/cmake/export_robotiq_85_msgs__rosidl_generator_cExport-noconfig.cmake\n'}
[1.910202] (robotiq_85_msgs) StdoutLine: {'line': b'-- Up-to-date: /home/kishu/roboticslab-technical-project/ros2_ws/install/robotiq_85_msgs/share/robotiq_85_msgs/cmake/export_robotiq_85_msgs__rosidl_typesupport_fastrtps_cExport.cmake\n'}
[1.910404] (robotiq_85_msgs) StdoutLine: {'line': b'-- Up-to-date: /home/kishu/roboticslab-technical-project/ros2_ws/install/robotiq_85_msgs/share/robotiq_85_msgs/cmake/export_robotiq_85_msgs__rosidl_typesupport_fastrtps_cExport-noconfig.cmake\n'}
[1.910573] (robotiq_85_msgs) StdoutLine: {'line': b'-- Up-to-date: /home/kishu/roboticslab-technical-project/ros2_ws/install/robotiq_85_msgs/share/robotiq_85_msgs/cmake/export_robotiq_85_msgs__rosidl_generator_cppExport.cmake\n'}
[1.910717] (robotiq_85_msgs) StdoutLine: {'line': b'-- Up-to-date: /home/kishu/roboticslab-technical-project/ros2_ws/install/robotiq_85_msgs/share/robotiq_85_msgs/cmake/export_robotiq_85_msgs__rosidl_typesupport_fastrtps_cppExport.cmake\n'}
[1.910858] (robotiq_85_msgs) StdoutLine: {'line': b'-- Up-to-date: /home/kishu/roboticslab-technical-project/ros2_ws/install/robotiq_85_msgs/share/robotiq_85_msgs/cmake/export_robotiq_85_msgs__rosidl_typesupport_fastrtps_cppExport-noconfig.cmake\n'}
[1.910991] (robotiq_85_msgs) StdoutLine: {'line': b'-- Up-to-date: /home/kishu/roboticslab-technical-project/ros2_ws/install/robotiq_85_msgs/share/robotiq_85_msgs/cmake/robotiq_85_msgs__rosidl_typesupport_introspection_cExport.cmake\n'}
[1.911120] (robotiq_85_msgs) StdoutLine: {'line': b'-- Up-to-date: /home/kishu/roboticslab-technical-project/ros2_ws/install/robotiq_85_msgs/share/robotiq_85_msgs/cmake/robotiq_85_msgs__rosidl_typesupport_introspection_cExport-noconfig.cmake\n'}
[1.911242] (robotiq_85_msgs) StdoutLine: {'line': b'-- Up-to-date: /home/kishu/roboticslab-technical-project/ros2_ws/install/robotiq_85_msgs/share/robotiq_85_msgs/cmake/robotiq_85_msgs__rosidl_typesupport_cExport.cmake\n'}
[1.911432] (robotiq_85_msgs) StdoutLine: {'line': b'-- Up-to-date: /home/kishu/roboticslab-technical-project/ros2_ws/install/robotiq_85_msgs/share/robotiq_85_msgs/cmake/robotiq_85_msgs__rosidl_typesupport_cExport-noconfig.cmake\n'}
[1.911581] (robotiq_85_msgs) StdoutLine: {'line': b'-- Up-to-date: /home/kishu/roboticslab-technical-project/ros2_ws/install/robotiq_85_msgs/share/robotiq_85_msgs/cmake/robotiq_85_msgs__rosidl_typesupport_introspection_cppExport.cmake\n'}
[1.911716] (robotiq_85_msgs) StdoutLine: {'line': b'-- Up-to-date: /home/kishu/roboticslab-technical-project/ros2_ws/install/robotiq_85_msgs/share/robotiq_85_msgs/cmake/robotiq_85_msgs__rosidl_typesupport_introspection_cppExport-noconfig.cmake\n'}
[1.911901] (robotiq_85_msgs) StdoutLine: {'line': b'-- Up-to-date: /home/kishu/roboticslab-technical-project/ros2_ws/install/robotiq_85_msgs/share/robotiq_85_msgs/cmake/robotiq_85_msgs__rosidl_typesupport_cppExport.cmake\n'}
[1.912045] (robotiq_85_msgs) StdoutLine: {'line': b'-- Up-to-date: /home/kishu/roboticslab-technical-project/ros2_ws/install/robotiq_85_msgs/share/robotiq_85_msgs/cmake/robotiq_85_msgs__rosidl_typesupport_cppExport-noconfig.cmake\n'}
[1.912166] (robotiq_85_msgs) StdoutLine: {'line': b'-- Up-to-date: /home/kishu/roboticslab-technical-project/ros2_ws/install/robotiq_85_msgs/share/robotiq_85_msgs/cmake/export_robotiq_85_msgs__rosidl_generator_pyExport.cmake\n'}
[1.912330] (robotiq_85_msgs) StdoutLine: {'line': b'-- Up-to-date: /home/kishu/roboticslab-technical-project/ros2_ws/install/robotiq_85_msgs/share/robotiq_85_msgs/cmake/export_robotiq_85_msgs__rosidl_generator_pyExport-noconfig.cmake\n'}
[1.917971] (robotiq_85_msgs) CommandEnded: {'returncode': 0}
[1.929029] (-) TimerEvent: {}
[1.996833] (gazebo_ros_link_attacher) StdoutLine: {'line': b"Listing '/home/kishu/roboticslab-technical-project/ros2_ws/install/gazebo_ros_link_attacher/local/lib/python3.10/dist-packages/gazebo_ros_link_attacher'...\n"}
[1.997532] (gazebo_ros_link_attacher) StdoutLine: {'line': b"Listing '/home/kishu/roboticslab-technical-project/ros2_ws/install/gazebo_ros_link_attacher/local/lib/python3.10/dist-packages/gazebo_ros_link_attacher/srv'...\n"}
[2.010205] (robotiq_85_msgs) JobEnded: {'identifier': 'robotiq_85_msgs', 'rc': 0}
[2.010968] (robotiq_85_driver) JobStarted: {'identifier': 'robotiq_85_driver'}
[2.014147] (gazebo_ros_link_attacher) StdoutLine: {'line': b'-- Up-to-date: /home/kishu/roboticslab-technical-project/ros2_ws/install/gazebo_ros_link_attacher/lib/libgazebo_ros_link_attacher__rosidl_generator_py.so\n'}
[2.019262] (gazebo_ros_link_attacher) StdoutLine: {'line': b'-- Up-to-date: /home/kishu/roboticslab-technical-project/ros2_ws/install/gazebo_ros_link_attacher/share/gazebo_ros_link_attacher/cmake/export_gazebo_ros_link_attacher__rosidl_generator_cExport.cmake\n'}
[2.020503] (gazebo_ros_link_attacher) StdoutLine: {'line': b'-- Up-to-date: /home/kishu/roboticslab-technical-project/ros2_ws/install/gazebo_ros_link_attacher/share/gazebo_ros_link_attacher/cmake/export_gazebo_ros_link_attacher__rosidl_generator_cExport-noconfig.cmake\n'}
[2.020839] (gazebo_ros_link_attacher) StdoutLine: {'line': b'-- Up-to-date: /home/kishu/roboticslab-technical-project/ros2_ws/install/gazebo_ros_link_attacher/share/gazebo_ros_link_attacher/cmake/export_gazebo_ros_link_attacher__rosidl_typesupport_fastrtps_cExport.cmake\n'}
[2.021150] (gazebo_ros_link_attacher) StdoutLine: {'line': b'-- Up-to-date: /home/kishu/roboticslab-technical-project/ros2_ws/install/gazebo_ros_link_attacher/share/gazebo_ros_link_attacher/cmake/export_gazebo_ros_link_attacher__rosidl_typesupport_fastrtps_cExport-noconfig.cmake\n'}
[2.021678] (gazebo_ros_link_attacher) StdoutLine: {'line': b'-- Up-to-date: /home/kishu/roboticslab-technical-project/ros2_ws/install/gazebo_ros_link_attacher/share/gazebo_ros_link_attacher/cmake/export_gazebo_ros_link_attacher__rosidl_generator_cppExport.cmake\n'}
[2.021988] (gazebo_ros_link_attacher) StdoutLine: {'line': b'-- Up-to-date: /home/kishu/roboticslab-technical-project/ros2_ws/install/gazebo_ros_link_attacher/share/gazebo_ros_link_attacher/cmake/export_gazebo_ros_link_attacher__rosidl_typesupport_fastrtps_cppExport.cmake\n'}
[2.022308] (gazebo_ros_link_attacher) StdoutLine: {'line': b'-- Up-to-date: /home/kishu/roboticslab-technical-project/ros2_ws/install/gazebo_ros_link_attacher/share/gazebo_ros_link_attacher/cmake/export_gazebo_ros_link_attacher__rosidl_typesupport_fastrtps_cppExport-noconfig.cmake\n'}
[2.023411] (gazebo_ros_link_attacher) StdoutLine: {'line': b'-- Up-to-date: /home/kishu/roboticslab-technical-project/ros2_ws/install/gazebo_ros_link_attacher/share/gazebo_ros_link_attacher/cmake/gazebo_ros_link_attacher__rosidl_typesupport_introspection_cExport.cmake\n'}
[2.023828] (gazebo_ros_link_attacher) StdoutLine: {'line': b'-- Up-to-date: /home/kishu/roboticslab-technical-project/ros2_ws/install/gazebo_ros_link_attacher/share/gazebo_ros_link_attacher/cmake/gazebo_ros_link_attacher__rosidl_typesupport_introspection_cExport-noconfig.cmake\n'}
[2.024810] (gazebo_ros_link_attacher) StdoutLine: {'line': b'-- Up-to-date: /home/kishu/roboticslab-technical-project/ros2_ws/install/gazebo_ros_link_attacher/share/gazebo_ros_link_attacher/cmake/gazebo_ros_link_attacher__rosidl_typesupport_cExport.cmake\n'}
[2.025142] (gazebo_ros_link_attacher) StdoutLine: {'line': b'-- Up-to-date: /home/kishu/roboticslab-technical-project/ros2_ws/install/gazebo_ros_link_attacher/share/gazebo_ros_link_attacher/cmake/gazebo_ros_link_attacher__rosidl_typesupport_cExport-noconfig.cmake\n'}
[2.025427] (gazebo_ros_link_attacher) StdoutLine: {'line': b'-- Up-to-date: /home/kishu/roboticslab-technical-project/ros2_ws/install/gazebo_ros_link_attacher/share/gazebo_ros_link_attacher/cmake/gazebo_ros_link_attacher__rosidl_typesupport_introspection_cppExport.cmake\n'}
[2.025714] (gazebo_ros_link_attacher) StdoutLine: {'line': b'-- Up-to-date: /home/kishu/roboticslab-technical-project/ros2_ws/install/gazebo_ros_link_attacher/share/gazebo_ros_link_attacher/cmake/gazebo_ros_link_attacher__rosidl_typesupport_introspection_cppExport-noconfig.cmake\n'}
[2.026018] (gazebo_ros_link_attacher) StdoutLine: {'line': b'-- Up-to-date: /home/kishu/roboticslab-technical-project/ros2_ws/install/gazebo_ros_link_attacher/share/gazebo_ros_link_attacher/cmake/gazebo_ros_link_attacher__rosidl_typesupport_cppExport.cmake\n'}
[2.026303] (gazebo_ros_link_attacher) StdoutLine: {'line': b'-- Up-to-date: /home/kishu/roboticslab-technical-project/ros2_ws/install/gazebo_ros_link_attacher/share/gazebo_ros_link_attacher/cmake/gazebo_ros_link_attacher__rosidl_typesupport_cppExport-noconfig.cmake\n'}
[2.026582] (gazebo_ros_link_attacher) StdoutLine: {'line': b'-- Up-to-date: /home/kishu/roboticslab-technical-project/ros2_ws/install/gazebo_ros_link_attacher/share/gazebo_ros_link_attacher/cmake/export_gazebo_ros_link_attacher__rosidl_generator_pyExport.cmake\n'}
[2.026991] (gazebo_ros_link_attacher) StdoutLine: {'line': b'-- Up-to-date: /home/kishu/roboticslab-technical-project/ros2_ws/install/gazebo_ros_link_attacher/share/gazebo_ros_link_attacher/cmake/export_gazebo_ros_link_attacher__rosidl_generator_pyExport-noconfig.cmake\n'}
[2.029611] (-) TimerEvent: {}
[2.037065] (gazebo_ros_link_attacher) CommandEnded: {'returncode': 0}
[2.107982] (gazebo_ros_link_attacher) JobEnded: {'identifier': 'gazebo_ros_link_attacher', 'rc': 0}
[2.129772] (-) TimerEvent: {}
[2.230375] (-) TimerEvent: {}
[2.330934] (-) TimerEvent: {}
[2.431354] (-) TimerEvent: {}
[2.531765] (-) TimerEvent: {}
[2.573219] (multi_robot_coop) StdoutLine: {'line': b'running develop\n'}
[2.631922] (-) TimerEvent: {}
[2.732297] (-) TimerEvent: {}
[2.832778] (-) TimerEvent: {}
[2.933324] (-) TimerEvent: {}
[3.032947] (multi_robot_coop) StdoutLine: {'line': b'running egg_info\n'}
[3.033328] (-) TimerEvent: {}
[3.033540] (multi_robot_coop) StdoutLine: {'line': b'writing multi_robot_coop.egg-info/PKG-INFO\n'}
[3.033890] (multi_robot_coop) StdoutLine: {'line': b'writing dependency_links to multi_robot_coop.egg-info/dependency_links.txt\n'}
[3.034414] (multi_robot_coop) StdoutLine: {'line': b'writing entry points to multi_robot_coop.egg-info/entry_points.txt\n'}
[3.034736] (multi_robot_coop) StdoutLine: {'line': b'writing requirements to multi_robot_coop.egg-info/requires.txt\n'}
[3.035020] (multi_robot_coop) StdoutLine: {'line': b'writing top-level names to multi_robot_coop.egg-info/top_level.txt\n'}
[3.037804] (multi_robot_coop) StdoutLine: {'line': b"reading manifest file 'multi_robot_coop.egg-info/SOURCES.txt'\n"}
[3.039140] (multi_robot_coop) StdoutLine: {'line': b"writing manifest file 'multi_robot_coop.egg-info/SOURCES.txt'\n"}
[3.042443] (multi_robot_coop) StdoutLine: {'line': b'running build_ext\n'}
[3.042985] (multi_robot_coop) StdoutLine: {'line': b'Creating /home/kishu/roboticslab-technical-project/ros2_ws/install/multi_robot_coop/lib/python3.10/site-packages/multi-robot-coop.egg-link (link to .)\n'}
[3.045208] (multi_robot_coop) StdoutLine: {'line': b'Installing arm_controller script to /home/kishu/roboticslab-technical-project/ros2_ws/install/multi_robot_coop/lib/multi_robot_coop\n'}
[3.045613] (multi_robot_coop) StdoutLine: {'line': b'Installing arm_coordinator script to /home/kishu/roboticslab-technical-project/ros2_ws/install/multi_robot_coop/lib/multi_robot_coop\n'}
[3.045950] (multi_robot_coop) StdoutLine: {'line': b'Installing arm_real_controller script to /home/kishu/roboticslab-technical-project/ros2_ws/install/multi_robot_coop/lib/multi_robot_coop\n'}
[3.046319] (multi_robot_coop) StdoutLine: {'line': b'Installing scenario_coordinator script to /home/kishu/roboticslab-technical-project/ros2_ws/install/multi_robot_coop/lib/multi_robot_coop\n'}
[3.046653] (multi_robot_coop) StdoutLine: {'line': b'Installing tb3_controller script to /home/kishu/roboticslab-technical-project/ros2_ws/install/multi_robot_coop/lib/multi_robot_coop\n'}
[3.046985] (multi_robot_coop) StdoutLine: {'line': b'Installing tb3_coordinator script to /home/kishu/roboticslab-technical-project/ros2_ws/install/multi_robot_coop/lib/multi_robot_coop\n'}
[3.047599] (multi_robot_coop) StdoutLine: {'line': b'\n'}
[3.047950] (multi_robot_coop) StdoutLine: {'line': b'Installed /home/kishu/roboticslab-technical-project/ros2_ws/build/multi_robot_coop\n'}
[3.048408] (multi_robot_coop) StdoutLine: {'line': b'running symlink_data\n'}
[3.101940] (multi_robot_coop) CommandEnded: {'returncode': 0}
[3.115109] (multi_robot_coop) JobEnded: {'identifier': 'multi_robot_coop', 'rc': 0}
[3.133453] (-) TimerEvent: {}
[3.233865] (-) TimerEvent: {}
[3.334410] (-) TimerEvent: {}
[3.435666] (-) TimerEvent: {}
[3.536194] (-) TimerEvent: {}
[3.636946] (-) TimerEvent: {}
[3.738527] (-) TimerEvent: {}
[3.839126] (-) TimerEvent: {}
[3.939609] (-) TimerEvent: {}
[3.961666] (robotiq_85_driver) Command: {'cmd': ['/usr/bin/python3', '-W', 'ignore:setup.py install is deprecated', '-W', 'ignore:easy_install command is deprecated', 'setup.py', 'develop', '--editable', '--build-directory', '/home/kishu/roboticslab-technical-project/ros2_ws/build/robotiq_85_driver/build', '--no-deps', 'symlink_data'], 'cwd': '/home/kishu/roboticslab-technical-project/ros2_ws/build/robotiq_85_driver', 'env': {'LESSOPEN': '| /usr/bin/lesspipe %s', 'USER': 'kishu', 'SHLVL': '1', 'LD_LIBRARY_PATH': '/home/kishu/roboticslab-technical-project/ros2_ws/install/robotiq_85_msgs/lib:/usr/lib/x86_64-linux-gnu/gazebo-11/plugins:/opt/ros/humble/opt/rviz_ogre_vendor/lib:/opt/ros/humble/lib/x86_64-linux-gnu:/opt/ros/humble/lib', 'HOME': '/home/kishu', 'OLDPWD': '/home/kishu', 'ROS_PYTHON_VERSION': '3', 'DBUS_SESSION_BUS_ADDRESS': 'unix:path=/run/user/1000/bus', 'WSL_DISTRO_NAME': 'Ubuntu-22.04', 'WAYLAND_DISPLAY': 'wayland-0', 'ROS_DISTRO': 'humble', 'LOGNAME': 'kishu', 'NAME': 'DESKTOP-07TM2Q3', 'WSL_INTEROP': '/run/WSL/1395_interop', 'PULSE_SERVER': 'unix:/mnt/wslg/PulseServer', '_': '/usr/bin/colcon', 'ROS_VERSION': '2', 'TERM': 'xterm-256color', 'GAZEBO_MODEL_PATH': '/home/kishu/roboticslab-technical-project/models::/opt/ros/humble/share/turtlebot3_gazebo/models', 'ROS_LOCALHOST_ONLY': '0', 'PATH': '/home/kishu/.local/bin:/opt/ros/humble/bin:/usr/local/sbin:/usr/local/bin:/usr/sbin:/usr/bin:/sbin:/bin:/usr/games:/usr/local/games:/usr/lib/wsl/lib:/mnt/c/Program Files/WindowsApps/CanonicalGroupLimited.Ubuntu22.04LTS_2204.5.10021.0_x64__79rhkp1fndgsc:/mnt/c/Windows/system32:/mnt/c/Windows:/mnt/c/Windows/System32/Wbem:/mnt/c/Windows/System32/WindowsPowerShell/v1.0/:/mnt/c/Windows/System32/OpenSSH/:/mnt/c/Program Files/Git/cmd:/mnt/c/Users/Mohamad/AppData/Local/Microsoft/WindowsApps:/mnt/c/Users/Mohamad/AppData/Local/Programs/Microsoft VS Code/bin:/mnt/c/Users/Mohamad/AppData/Local/GitHubDesktop/bin:/snap/bin', 'XDG_RUNTIME_DIR': '/run/user/1000/', 'DISPLAY': ':0', 'LANG': 'C.UTF-8', 'LS_COLORS': 'rs=0:di=01;34:ln=01;36:mh=00:pi=40;33:so=01;35:do=01;35:bd=40;33;01:cd=40;33;01:or=40;31;01:mi=00:su=37;41:sg=30;43:ca=30;41:tw=30;42:ow=34;42:st=37;44:ex=01;32:*.tar=01;31:*.tgz=01;31:*.arc=01;31:*.arj=01;31:*.taz=01;31:*.lha=01;31:*.lz4=01;31:*.lzh=01;31:*.lzma=01;31:*.tlz=01;31:*.txz=01;31:*.tzo=01;31:*.t7z=01;31:*.zip=01;31:*.z=01;31:*.dz=01;31:*.gz=01;31:*.lrz=01;31:*.lz=01;31:*.lzo=01;31:*.xz=01;31:*.zst=01;31:*.tzst=01;31:*.bz2=01;31:*.bz=01;31:*.tbz=01;31:*.tbz2=01;31:*.tz=01;31:*.deb=01;31:*.rpm=01;31:*.jar=01;31:*.war=01;31:*.ear=01;31:*.sar=01;31:*.rar=01;31:*.alz=01;31:*.ace=01;31:*.zoo=01;31:*.cpio=01;31:*.7z=01;31:*.rz=01;31:*.cab=01;31:*.wim=01;31:*.swm=01;31:*.dwm=01;31:*.esd=01;31:*.jpg=01;35:*.jpeg=01;35:*.mjpg=01;35:*.mjpeg=01;35:*.gif=01;35:*.bmp=01;35:*.pbm=01;35:*.pgm=01;35:*.ppm=01;35:*.tga=01;35:*.xbm=01;35:*.xpm=01;35:*.tif=01;35:*.tiff=01;35:*.png=01;35:*.svg=01;35:*.svgz=01;35:*.mng=01;35:*.pcx=01;35:*.mov=01;35:*.mpg=01;35:*.mpeg=01;35:*.m2v=01;35:*.mkv=01;35:*.webm=01;35:*.webp=01;35:*.ogm=01;35:*.mp4=01;35:*.m4v=01;35:*.mp4v=01;35:*.vob=01;35:*.qt=01;35:*.nuv=01;35:*.wmv=01;35:*.asf=01;35:*.rm=01;35:*.rmvb=01;35:*.flc=01;35:*.avi=01;35:*.fli=01;35:*.flv=01;35:*.gl=01;35:*.dl=01;35:*.xcf=01;35:*.xwd=01;35:*.yuv=01;35:*.cgm=01;35:*.emf=01;35:*.ogv=01;35:*.ogx=01;35:*.aac=00;36:*.au=00;36:*.flac=00;36:*.m4a=00;36:*.mid=00;36:*.midi=00;36:*.mka=00;36:*.mp3=00;36:*.mpc=00;36:*.ogg=00;36:*.ra=00;36:*.wav=00;36:*.oga=00;36:*.opus=00;36:*.spx=00;36:*.xspf=00;36:', 'AMENT_PREFIX_PATH': '/home/kishu/roboticslab-technical-project/ros2_ws/install/robotiq_85_msgs:/opt/ros/humble', 'SHELL': '/bin/bash', 'LESSCLOSE': '/usr/bin/lesspipe %s %s', 'PWD': '/home/kishu/roboticslab-technical-project/ros2_ws/build/robotiq_85_driver', 'TURTLEBOT3_MODEL': 'waffle_pi', 'XDG_DATA_DIRS': '/usr/local/share:/usr/share:/var/lib/snapd/desktop', 'PYTHONPATH': '/home/kishu/roboticslab-technical-project/ros2_ws/build/robotiq_85_driver/prefix_override:/usr/lib/python3/dist-packages/colcon_core/task/python/colcon_distutils_commands:/home/kishu/roboticslab-technical-project/ros2_ws/install/robotiq_85_driver/lib/python3.10/site-packages:/home/kishu/roboticslab-technical-project/ros2_ws/install/robotiq_85_msgs/local/lib/python3.10/dist-packages:/opt/ros/humble/lib/python3.10/site-packages:/opt/ros/humble/local/lib/python3.10/dist-packages', 'COLCON': '1', 'WSL2_GUI_APPS_ENABLED': '1', 'HOSTTYPE': 'x86_64', 'WSLENV': '', 'CMAKE_PREFIX_PATH': '/home/kishu/roboticslab-technical-project/ros2_ws/install/robotiq_85_msgs'}, 'shell': False}
[4.039736] (-) TimerEvent: {}
[4.140096] (-) TimerEvent: {}
[4.240422] (-) TimerEvent: {}
[4.340772] (-) TimerEvent: {}
[4.353355] (robotiq_85_driver) StderrLine: {'line': b"/usr/lib/python3/dist-packages/setuptools/dist.py:723: UserWarning: Usage of dash-separated 'script-dir' will not be supported in future versions. Please use the underscore name 'script_dir' instead\n"}
[4.353573] (robotiq_85_driver) StderrLine: {'line': b'  warnings.warn(\n'}
[4.404433] (robotiq_85_driver) StdoutLine: {'line': b'running develop\n'}
[4.440912] (-) TimerEvent: {}
[4.541385] (-) TimerEvent: {}
[4.641857] (-) TimerEvent: {}
[4.742298] (-) TimerEvent: {}
[4.847698] (-) TimerEvent: {}
[4.948520] (-) TimerEvent: {}
[5.008302] (robotiq_85_driver) StdoutLine: {'line': b'running egg_info\n'}
[5.008638] (robotiq_85_driver) StdoutLine: {'line': b'writing robotiq_85_driver.egg-info/PKG-INFO\n'}
[5.008965] (robotiq_85_driver) StdoutLine: {'line': b'writing dependency_links to robotiq_85_driver.egg-info/dependency_links.txt\n'}
[5.009719] (robotiq_85_driver) StdoutLine: {'line': b'writing entry points to robotiq_85_driver.egg-info/entry_points.txt\n'}
[5.010093] (robotiq_85_driver) StdoutLine: {'line': b'writing requirements to robotiq_85_driver.egg-info/requires.txt\n'}
[5.010490] (robotiq_85_driver) StdoutLine: {'line': b'writing top-level names to robotiq_85_driver.egg-info/top_level.txt\n'}
[5.013712] (robotiq_85_driver) StdoutLine: {'line': b"reading manifest file 'robotiq_85_driver.egg-info/SOURCES.txt'\n"}
[5.014991] (robotiq_85_driver) StdoutLine: {'line': b"writing manifest file 'robotiq_85_driver.egg-info/SOURCES.txt'\n"}
[5.017055] (robotiq_85_driver) StdoutLine: {'line': b'running build_ext\n'}
[5.017482] (robotiq_85_driver) StdoutLine: {'line': b'Creating /home/kishu/roboticslab-technical-project/ros2_ws/install/robotiq_85_driver/lib/python3.10/site-packages/robotiq-85-driver.egg-link (link to .)\n'}
[5.018878] (robotiq_85_driver) StdoutLine: {'line': b'Installing robotiq_85_driver script to /home/kishu/roboticslab-technical-project/ros2_ws/install/robotiq_85_driver/lib/robotiq_85_driver\n'}
[5.019244] (robotiq_85_driver) StdoutLine: {'line': b'Installing robotiq_85_test script to /home/kishu/roboticslab-technical-project/ros2_ws/install/robotiq_85_driver/lib/robotiq_85_driver\n'}
[5.020594] (robotiq_85_driver) StdoutLine: {'line': b'Installing robotiq_85_test_close script to /home/kishu/roboticslab-technical-project/ros2_ws/install/robotiq_85_driver/lib/robotiq_85_driver\n'}
[5.021051] (robotiq_85_driver) StdoutLine: {'line': b'Installing single_robotiq_85_action_server script to /home/kishu/roboticslab-technical-project/ros2_ws/install/robotiq_85_driver/lib/robotiq_85_driver\n'}
[5.021587] (robotiq_85_driver) StdoutLine: {'line': b'\n'}
[5.022002] (robotiq_85_driver) StdoutLine: {'line': b'Installed /home/kishu/roboticslab-technical-project/ros2_ws/build/robotiq_85_driver\n'}
[5.022503] (robotiq_85_driver) StdoutLine: {'line': b'running symlink_data\n'}
[5.048652] (-) TimerEvent: {}
[5.081088] (robotiq_85_driver) CommandEnded: {'returncode': 0}
[5.096506] (robotiq_85_driver) JobEnded: {'identifier': 'robotiq_85_driver', 'rc': 0}
[5.099043] (robotiq_85_gripper) JobStarted: {'identifier': 'robotiq_85_gripper'}
[5.148798] (-) TimerEvent: {}
[5.249247] (-) TimerEvent: {}
[5.349604] (robotiq_85_gripper) JobProgress: {'identifier': 'robotiq_85_gripper', 'progress': 'cmake'}
[5.349863] (-) TimerEvent: {}
[5.351316] (robotiq_85_gripper) JobProgress: {'identifier': 'robotiq_85_gripper', 'progress': 'build'}
[5.351756] (robotiq_85_gripper) Command: {'cmd': ['/usr/bin/cmake', '--build', '/home/kishu/roboticslab-technical-project/ros2_ws/build/robotiq_85_gripper', '--', '-j4', '-l4'], 'cwd': '/home/kishu/roboticslab-technical-project/ros2_ws/build/robotiq_85_gripper', 'env': OrderedDict([('LESSOPEN', '| /usr/bin/lesspipe %s'), ('USER', 'kishu'), ('SHLVL', '1'), ('LD_LIBRARY_PATH', '/home/kishu/roboticslab-technical-project/ros2_ws/install/robotiq_85_msgs/lib:/usr/lib/x86_64-linux-gnu/gazebo-11/plugins:/opt/ros/humble/opt/rviz_ogre_vendor/lib:/opt/ros/humble/lib/x86_64-linux-gnu:/opt/ros/humble/lib'), ('HOME', '/home/kishu'), ('OLDPWD', '/home/kishu'), ('ROS_PYTHON_VERSION', '3'), ('DBUS_SESSION_BUS_ADDRESS', 'unix:path=/run/user/1000/bus'), ('WSL_DISTRO_NAME', 'Ubuntu-22.04'), ('WAYLAND_DISPLAY', 'wayland-0'), ('ROS_DISTRO', 'humble'), ('LOGNAME', 'kishu'), ('NAME', 'DESKTOP-07TM2Q3'), ('WSL_INTEROP', '/run/WSL/1395_interop'), ('PULSE_SERVER', 'unix:/mnt/wslg/PulseServer'), ('_', '/usr/bin/colcon'), ('ROS_VERSION', '2'), ('TERM', 'xterm-256color'), ('GAZEBO_MODEL_PATH', '/home/kishu/roboticslab-technical-project/models::/opt/ros/humble/share/turtlebot3_gazebo/models'), ('ROS_LOCALHOST_ONLY', '0'), ('PATH', '/home/kishu/.local/bin:/opt/ros/humble/bin:/usr/local/sbin:/usr/local/bin:/usr/sbin:/usr/bin:/sbin:/bin:/usr/games:/usr/local/games:/usr/lib/wsl/lib:/mnt/c/Program Files/WindowsApps/CanonicalGroupLimited.Ubuntu22.04LTS_2204.5.10021.0_x64__79rhkp1fndgsc:/mnt/c/Windows/system32:/mnt/c/Windows:/mnt/c/Windows/System32/Wbem:/mnt/c/Windows/System32/WindowsPowerShell/v1.0/:/mnt/c/Windows/System32/OpenSSH/:/mnt/c/Program Files/Git/cmd:/mnt/c/Users/Mohamad/AppData/Local/Microsoft/WindowsApps:/mnt/c/Users/Mohamad/AppData/Local/Programs/Microsoft VS Code/bin:/mnt/c/Users/Mohamad/AppData/Local/GitHubDesktop/bin:/snap/bin'), ('XDG_RUNTIME_DIR', '/run/user/1000/'), ('DISPLAY', ':0'), ('LANG', 'C.UTF-8'), ('LS_COLORS', 'rs=0:di=01;34:ln=01;36:mh=00:pi=40;33:so=01;35:do=01;35:bd=40;33;01:cd=40;33;01:or=40;31;01:mi=00:su=37;41:sg=30;43:ca=30;41:tw=30;42:ow=34;42:st=37;44:ex=01;32:*.tar=01;31:*.tgz=01;31:*.arc=01;31:*.arj=01;31:*.taz=01;31:*.lha=01;31:*.lz4=01;31:*.lzh=01;31:*.lzma=01;31:*.tlz=01;31:*.txz=01;31:*.tzo=01;31:*.t7z=01;31:*.zip=01;31:*.z=01;31:*.dz=01;31:*.gz=01;31:*.lrz=01;31:*.lz=01;31:*.lzo=01;31:*.xz=01;31:*.zst=01;31:*.tzst=01;31:*.bz2=01;31:*.bz=01;31:*.tbz=01;31:*.tbz2=01;31:*.tz=01;31:*.deb=01;31:*.rpm=01;31:*.jar=01;31:*.war=01;31:*.ear=01;31:*.sar=01;31:*.rar=01;31:*.alz=01;31:*.ace=01;31:*.zoo=01;31:*.cpio=01;31:*.7z=01;31:*.rz=01;31:*.cab=01;31:*.wim=01;31:*.swm=01;31:*.dwm=01;31:*.esd=01;31:*.jpg=01;35:*.jpeg=01;35:*.mjpg=01;35:*.mjpeg=01;35:*.gif=01;35:*.bmp=01;35:*.pbm=01;35:*.pgm=01;35:*.ppm=01;35:*.tga=01;35:*.xbm=01;35:*.xpm=01;35:*.tif=01;35:*.tiff=01;35:*.png=01;35:*.svg=01;35:*.svgz=01;35:*.mng=01;35:*.pcx=01;35:*.mov=01;35:*.mpg=01;35:*.mpeg=01;35:*.m2v=01;35:*.mkv=01;35:*.webm=01;35:*.webp=01;35:*.ogm=01;35:*.mp4=01;35:*.m4v=01;35:*.mp4v=01;35:*.vob=01;35:*.qt=01;35:*.nuv=01;35:*.wmv=01;35:*.asf=01;35:*.rm=01;35:*.rmvb=01;35:*.flc=01;35:*.avi=01;35:*.fli=01;35:*.flv=01;35:*.gl=01;35:*.dl=01;35:*.xcf=01;35:*.xwd=01;35:*.yuv=01;35:*.cgm=01;35:*.emf=01;35:*.ogv=01;35:*.ogx=01;35:*.aac=00;36:*.au=00;36:*.flac=00;36:*.m4a=00;36:*.mid=00;36:*.midi=00;36:*.mka=00;36:*.mp3=00;36:*.mpc=00;36:*.ogg=00;36:*.ra=00;36:*.wav=00;36:*.oga=00;36:*.opus=00;36:*.spx=00;36:*.xspf=00;36:'), ('AMENT_PREFIX_PATH', '/home/kishu/roboticslab-technical-project/ros2_ws/install/robotiq_85_driver:/home/kishu/roboticslab-technical-project/ros2_ws/install/robotiq_85_msgs:/home/kishu/roboticslab-technical-project/ros2_ws/install/robotiq_85_description:/opt/ros/humble'), ('SHELL', '/bin/bash'), ('LESSCLOSE', '/usr/bin/lesspipe %s %s'), ('PWD', '/home/kishu/roboticslab-technical-project/ros2_ws/build/robotiq_85_gripper'), ('TURTLEBOT3_MODEL', 'waffle_pi'), ('XDG_DATA_DIRS', '/usr/local/share:/usr/share:/var/lib/snapd/desktop'), ('PYTHONPATH', '/home/kishu/roboticslab-technical-project/ros2_ws/build/robotiq_85_driver:/home/kishu/roboticslab-technical-project/ros2_ws/install/robotiq_85_driver/lib/python3.10/site-packages:/home/kishu/roboticslab-technical-project/ros2_ws/install/robotiq_85_msgs/local/lib/python3.10/dist-packages:/opt/ros/humble/lib/python3.10/site-packages:/opt/ros/humble/local/lib/python3.10/dist-packages'), ('COLCON', '1'), ('WSL2_GUI_APPS_ENABLED', '1'), ('HOSTTYPE', 'x86_64'), ('WSLENV', ''), ('CMAKE_PREFIX_PATH', '/home/kishu/roboticslab-technical-project/ros2_ws/install/robotiq_85_msgs:/home/kishu/roboticslab-technical-project/ros2_ws/install/robotiq_85_description:/opt/ros/humble')]), 'shell': False}
[5.414656] (robotiq_85_gripper) CommandEnded: {'returncode': 0}
[5.415636] (robotiq_85_gripper) JobProgress: {'identifier': 'robotiq_85_gripper', 'progress': 'install'}
[5.416018] (robotiq_85_gripper) Command: {'cmd': ['/usr/bin/cmake', '--install', '/home/kishu/roboticslab-technical-project/ros2_ws/build/robotiq_85_gripper'], 'cwd': '/home/kishu/roboticslab-technical-project/ros2_ws/build/robotiq_85_gripper', 'env': OrderedDict([('LESSOPEN', '| /usr/bin/lesspipe %s'), ('USER', 'kishu'), ('SHLVL', '1'), ('LD_LIBRARY_PATH', '/home/kishu/roboticslab-technical-project/ros2_ws/install/robotiq_85_msgs/lib:/usr/lib/x86_64-linux-gnu/gazebo-11/plugins:/opt/ros/humble/opt/rviz_ogre_vendor/lib:/opt/ros/humble/lib/x86_64-linux-gnu:/opt/ros/humble/lib'), ('HOME', '/home/kishu'), ('OLDPWD', '/home/kishu'), ('ROS_PYTHON_VERSION', '3'), ('DBUS_SESSION_BUS_ADDRESS', 'unix:path=/run/user/1000/bus'), ('WSL_DISTRO_NAME', 'Ubuntu-22.04'), ('WAYLAND_DISPLAY', 'wayland-0'), ('ROS_DISTRO', 'humble'), ('LOGNAME', 'kishu'), ('NAME', 'DESKTOP-07TM2Q3'), ('WSL_INTEROP', '/run/WSL/1395_interop'), ('PULSE_SERVER', 'unix:/mnt/wslg/PulseServer'), ('_', '/usr/bin/colcon'), ('ROS_VERSION', '2'), ('TERM', 'xterm-256color'), ('GAZEBO_MODEL_PATH', '/home/kishu/roboticslab-technical-project/models::/opt/ros/humble/share/turtlebot3_gazebo/models'), ('ROS_LOCALHOST_ONLY', '0'), ('PATH', '/home/kishu/.local/bin:/opt/ros/humble/bin:/usr/local/sbin:/usr/local/bin:/usr/sbin:/usr/bin:/sbin:/bin:/usr/games:/usr/local/games:/usr/lib/wsl/lib:/mnt/c/Program Files/WindowsApps/CanonicalGroupLimited.Ubuntu22.04LTS_2204.5.10021.0_x64__79rhkp1fndgsc:/mnt/c/Windows/system32:/mnt/c/Windows:/mnt/c/Windows/System32/Wbem:/mnt/c/Windows/System32/WindowsPowerShell/v1.0/:/mnt/c/Windows/System32/OpenSSH/:/mnt/c/Program Files/Git/cmd:/mnt/c/Users/Mohamad/AppData/Local/Microsoft/WindowsApps:/mnt/c/Users/Mohamad/AppData/Local/Programs/Microsoft VS Code/bin:/mnt/c/Users/Mohamad/AppData/Local/GitHubDesktop/bin:/snap/bin'), ('XDG_RUNTIME_DIR', '/run/user/1000/'), ('DISPLAY', ':0'), ('LANG', 'C.UTF-8'), ('LS_COLORS', 'rs=0:di=01;34:ln=01;36:mh=00:pi=40;33:so=01;35:do=01;35:bd=40;33;01:cd=40;33;01:or=40;31;01:mi=00:su=37;41:sg=30;43:ca=30;41:tw=30;42:ow=34;42:st=37;44:ex=01;32:*.tar=01;31:*.tgz=01;31:*.arc=01;31:*.arj=01;31:*.taz=01;31:*.lha=01;31:*.lz4=01;31:*.lzh=01;31:*.lzma=01;31:*.tlz=01;31:*.txz=01;31:*.tzo=01;31:*.t7z=01;31:*.zip=01;31:*.z=01;31:*.dz=01;31:*.gz=01;31:*.lrz=01;31:*.lz=01;31:*.lzo=01;31:*.xz=01;31:*.zst=01;31:*.tzst=01;31:*.bz2=01;31:*.bz=01;31:*.tbz=01;31:*.tbz2=01;31:*.tz=01;31:*.deb=01;31:*.rpm=01;31:*.jar=01;31:*.war=01;31:*.ear=01;31:*.sar=01;31:*.rar=01;31:*.alz=01;31:*.ace=01;31:*.zoo=01;31:*.cpio=01;31:*.7z=01;31:*.rz=01;31:*.cab=01;31:*.wim=01;31:*.swm=01;31:*.dwm=01;31:*.esd=01;31:*.jpg=01;35:*.jpeg=01;35:*.mjpg=01;35:*.mjpeg=01;35:*.gif=01;35:*.bmp=01;35:*.pbm=01;35:*.pgm=01;35:*.ppm=01;35:*.tga=01;35:*.xbm=01;35:*.xpm=01;35:*.tif=01;35:*.tiff=01;35:*.png=01;35:*.svg=01;35:*.svgz=01;35:*.mng=01;35:*.pcx=01;35:*.mov=01;35:*.mpg=01;35:*.mpeg=01;35:*.m2v=01;35:*.mkv=01;35:*.webm=01;35:*.webp=01;35:*.ogm=01;35:*.mp4=01;35:*.m4v=01;35:*.mp4v=01;35:*.vob=01;35:*.qt=01;35:*.nuv=01;35:*.wmv=01;35:*.asf=01;35:*.rm=01;35:*.rmvb=01;35:*.flc=01;35:*.avi=01;35:*.fli=01;35:*.flv=01;35:*.gl=01;35:*.dl=01;35:*.xcf=01;35:*.xwd=01;35:*.yuv=01;35:*.cgm=01;35:*.emf=01;35:*.ogv=01;35:*.ogx=01;35:*.aac=00;36:*.au=00;36:*.flac=00;36:*.m4a=00;36:*.mid=00;36:*.midi=00;36:*.mka=00;36:*.mp3=00;36:*.mpc=00;36:*.ogg=00;36:*.ra=00;36:*.wav=00;36:*.oga=00;36:*.opus=00;36:*.spx=00;36:*.xspf=00;36:'), ('AMENT_PREFIX_PATH', '/home/kishu/roboticslab-technical-project/ros2_ws/install/robotiq_85_driver:/home/kishu/roboticslab-technical-project/ros2_ws/install/robotiq_85_msgs:/home/kishu/roboticslab-technical-project/ros2_ws/install/robotiq_85_description:/opt/ros/humble'), ('SHELL', '/bin/bash'), ('LESSCLOSE', '/usr/bin/lesspipe %s %s'), ('PWD', '/home/kishu/roboticslab-technical-project/ros2_ws/build/robotiq_85_gripper'), ('TURTLEBOT3_MODEL', 'waffle_pi'), ('XDG_DATA_DIRS', '/usr/local/share:/usr/share:/var/lib/snapd/desktop'), ('PYTHONPATH', '/home/kishu/roboticslab-technical-project/ros2_ws/build/robotiq_85_driver:/home/kishu/roboticslab-technical-project/ros2_ws/install/robotiq_85_driver/lib/python3.10/site-packages:/home/kishu/roboticslab-technical-project/ros2_ws/install/robotiq_85_msgs/local/lib/python3.10/dist-packages:/opt/ros/humble/lib/python3.10/site-packages:/opt/ros/humble/local/lib/python3.10/dist-packages'), ('COLCON', '1'), ('WSL2_GUI_APPS_ENABLED', '1'), ('HOSTTYPE', 'x86_64'), ('WSLENV', ''), ('CMAKE_PREFIX_PATH', '/home/kishu/roboticslab-technical-project/ros2_ws/install/robotiq_85_msgs:/home/kishu/roboticslab-technical-project/ros2_ws/install/robotiq_85_description:/opt/ros/humble')]), 'shell': False}
[5.427110] (robotiq_85_gripper) StdoutLine: {'line': b'-- Install configuration: ""\n'}
[5.427729] (robotiq_85_gripper) StdoutLine: {'line': b'-- Execute custom install script\n'}
[5.428104] (robotiq_85_gripper) StdoutLine: {'line': b'-- Up-to-date symlink: /home/kishu/roboticslab-technical-project/ros2_ws/install/robotiq_85_gripper/share/ament_index/resource_index/package_run_dependencies/robotiq_85_gripper\n'}
[5.428447] (robotiq_85_gripper) StdoutLine: {'line': b'-- Up-to-date symlink: /home/kishu/roboticslab-technical-project/ros2_ws/install/robotiq_85_gripper/share/ament_index/resource_index/parent_prefix_path/robotiq_85_gripper\n'}
[5.428738] (robotiq_85_gripper) StdoutLine: {'line': b'-- Up-to-date symlink: /home/kishu/roboticslab-technical-project/ros2_ws/install/robotiq_85_gripper/share/robotiq_85_gripper/environment/ament_prefix_path.sh\n'}
[5.429073] (robotiq_85_gripper) StdoutLine: {'line': b'-- Up-to-date symlink: /home/kishu/roboticslab-technical-project/ros2_ws/install/robotiq_85_gripper/share/robotiq_85_gripper/environment/ament_prefix_path.dsv\n'}
[5.429361] (robotiq_85_gripper) StdoutLine: {'line': b'-- Up-to-date symlink: /home/kishu/roboticslab-technical-project/ros2_ws/install/robotiq_85_gripper/share/robotiq_85_gripper/environment/path.sh\n'}
[5.429652] (robotiq_85_gripper) StdoutLine: {'line': b'-- Up-to-date symlink: /home/kishu/roboticslab-technical-project/ros2_ws/install/robotiq_85_gripper/share/robotiq_85_gripper/environment/path.dsv\n'}
[5.429958] (robotiq_85_gripper) StdoutLine: {'line': b'-- Up-to-date symlink: /home/kishu/roboticslab-technical-project/ros2_ws/install/robotiq_85_gripper/share/robotiq_85_gripper/local_setup.bash\n'}
[5.430235] (robotiq_85_gripper) StdoutLine: {'line': b'-- Up-to-date symlink: /home/kishu/roboticslab-technical-project/ros2_ws/install/robotiq_85_gripper/share/robotiq_85_gripper/local_setup.sh\n'}
[5.430538] (robotiq_85_gripper) StdoutLine: {'line': b'-- Up-to-date symlink: /home/kishu/roboticslab-technical-project/ros2_ws/install/robotiq_85_gripper/share/robotiq_85_gripper/local_setup.zsh\n'}
[5.430814] (robotiq_85_gripper) StdoutLine: {'line': b'-- Up-to-date symlink: /home/kishu/roboticslab-technical-project/ros2_ws/install/robotiq_85_gripper/share/robotiq_85_gripper/local_setup.dsv\n'}
[5.431046] (robotiq_85_gripper) StdoutLine: {'line': b'-- Symlinking: /home/kishu/roboticslab-technical-project/ros2_ws/install/robotiq_85_gripper/share/robotiq_85_gripper/package.dsv\n'}
[5.442901] (robotiq_85_gripper) StdoutLine: {'line': b'-- Up-to-date symlink: /home/kishu/roboticslab-technical-project/ros2_ws/install/robotiq_85_gripper/share/ament_index/resource_index/packages/robotiq_85_gripper\n'}
[5.443320] (robotiq_85_gripper) StdoutLine: {'line': b'-- Up-to-date symlink: /home/kishu/roboticslab-technical-project/ros2_ws/install/robotiq_85_gripper/share/robotiq_85_gripper/cmake/robotiq_85_gripperConfig.cmake\n'}
[5.443714] (robotiq_85_gripper) StdoutLine: {'line': b'-- Up-to-date symlink: /home/kishu/roboticslab-technical-project/ros2_ws/install/robotiq_85_gripper/share/robotiq_85_gripper/cmake/robotiq_85_gripperConfig-version.cmake\n'}
[5.444029] (robotiq_85_gripper) StdoutLine: {'line': b'-- Up-to-date symlink: /home/kishu/roboticslab-technical-project/ros2_ws/install/robotiq_85_gripper/share/robotiq_85_gripper/package.xml\n'}
[5.446436] (robotiq_85_gripper) CommandEnded: {'returncode': 0}
[5.450216] (-) TimerEvent: {}
[5.467006] (robotiq_85_gripper) JobEnded: {'identifier': 'robotiq_85_gripper', 'rc': 0}
[5.469819] (-) EventReactorShutdown: {}
