[0.000000] (-) TimerEvent: {}
[0.000468] (gazebo_ros_link_attacher) JobQueued: {'identifier': 'gazebo_ros_link_attacher', 'dependencies': OrderedDict()}
[0.000605] (multi_robot_coop) JobQueued: {'identifier': 'multi_robot_coop', 'dependencies': OrderedDict()}
[0.000700] (robotiq_85_description) JobQueued: {'identifier': 'robotiq_85_description', 'dependencies': OrderedDict()}
[0.000792] (robotiq_85_msgs) JobQueued: {'identifier': 'robotiq_85_msgs', 'dependencies': OrderedDict()}
[0.000875] (robotiq_85_driver) JobQueued: {'identifier': 'robotiq_85_driver', 'dependencies': OrderedDict([('robotiq_85_msgs', '/home/kishu/roboticslab-technical-project/ros2_ws/install/robotiq_85_msgs')])}
[0.000941] (robotiq_85_gripper) JobQueued: {'identifier': 'robotiq_85_gripper', 'dependencies': OrderedDict([('robotiq_85_description', '/home/kishu/roboticslab-technical-project/ros2_ws/install/robotiq_85_description'), ('robotiq_85_msgs', '/home/kishu/roboticslab-technical-project/ros2_ws/install/robotiq_85_msgs'), ('robotiq_85_driver', '/home/kishu/roboticslab-technical-project/ros2_ws/install/robotiq_85_driver')])}
[0.001007] (robotiq_85_msgs) JobStarted: {'identifier': 'robotiq_85_msgs'}
[0.010517] (robotiq_85_description) JobStarted: {'identifier': 'robotiq_85_description'}
[0.015752] (gazebo_ros_link_attacher) JobStarted: {'identifier': 'gazebo_ros_link_attacher'}
[0.024402] (multi_robot_coop) JobStarted: {'identifier': 'multi_robot_coop'}
[0.034768] (robotiq_85_msgs) JobProgress: {'identifier': 'robotiq_85_msgs', 'progress': 'cmake'}
[0.036723] (robotiq_85_msgs) JobProgress: {'identifier': 'robotiq_85_msgs', 'progress': 'build'}
[0.037925] (robotiq_85_msgs) Command: {'cmd': ['/usr/bin/cmake', '--build', '/home/kishu/roboticslab-technical-project/ros2_ws/build/robotiq_85_msgs', '--', '-j4', '-l4'], 'cwd': '/home/kishu/roboticslab-technical-project/ros2_ws/build/robotiq_85_msgs', 'env': OrderedDict([('LESSOPEN', '| /usr/bin/lesspipe %s'), ('USER', 'kishu'), ('SHLVL', '1'), ('LD_LIBRARY_PATH', '/usr/lib/x86_64-linux-gnu/gazebo-11/plugins:/opt/ros/humble/opt/rviz_ogre_vendor/lib:/opt/ros/humble/lib/x86_64-linux-gnu:/opt/ros/humble/lib'), ('HOME', '/home/kishu'), ('OLDPWD', '/home/kishu'), ('ROS_PYTHON_VERSION', '3'), ('DBUS_SESSION_BUS_ADDRESS', 'unix:path=/run/user/1000/bus'), ('WSL_DISTRO_NAME', 'Ubuntu-22.04'), ('WAYLAND_DISPLAY', 'wayland-0'), ('ROS_DISTRO', 'humble'), ('LOGNAME', 'kishu'), ('NAME', 'DESKTOP-07TM2Q3'), ('WSL_INTEROP', '/run/WSL/4941_interop'), ('PULSE_SERVER', 'unix:/mnt/wslg/PulseServer'), ('_', '/usr/bin/colcon'), ('ROS_VERSION', '2'), ('TERM', 'xterm-256color'), ('GAZEBO_MODEL_PATH', '/home/kishu/roboticslab-technical-project/models::/opt/ros/humble/share/turtlebot3_gazebo/models'), ('ROS_LOCALHOST_ONLY', '0'), ('PATH', '/home/kishu/.local/bin:/opt/ros/humble/bin:/usr/local/sbin:/usr/local/bin:/usr/sbin:/usr/bin:/sbin:/bin:/usr/games:/usr/local/games:/usr/lib/wsl/lib:/mnt/c/Program Files/WindowsApps/CanonicalGroupLimited.Ubuntu22.04LTS_2204.5.10021.0_x64__79rhkp1fndgsc:/mnt/c/Windows/system32:/mnt/c/Windows:/mnt/c/Windows/System32/Wbem:/mnt/c/Windows/System32/WindowsPowerShell/v1.0/:/mnt/c/Windows/System32/OpenSSH/:/mnt/c/Program Files/Git/cmd:/mnt/c/Users/Mohamad/AppData/Local/Microsoft/WindowsApps:/mnt/c/Users/Mohamad/AppData/Local/Programs/Microsoft VS Code/bin:/mnt/c/Users/Mohamad/AppData/Local/GitHubDesktop/bin:/snap/bin'), ('XDG_RUNTIME_DIR', '/run/user/1000/'), ('DISPLAY', ':0'), ('LANG', 'C.UTF-8'), ('LS_COLORS', 'rs=0:di=01;34:ln=01;36:mh=00:pi=40;33:so=01;35:do=01;35:bd=40;33;01:cd=40;33;01:or=40;31;01:mi=00:su=37;41:sg=30;43:ca=30;41:tw=30;42:ow=34;42:st=37;44:ex=01;32:*.tar=01;31:*.tgz=01;31:*.arc=01;31:*.arj=01;31:*.taz=01;31:*.lha=01;31:*.lz4=01;31:*.lzh=01;31:*.lzma=01;31:*.tlz=01;31:*.txz=01;31:*.tzo=01;31:*.t7z=01;31:*.zip=01;31:*.z=01;31:*.dz=01;31:*.gz=01;31:*.lrz=01;31:*.lz=01;31:*.lzo=01;31:*.xz=01;31:*.zst=01;31:*.tzst=01;31:*.bz2=01;31:*.bz=01;31:*.tbz=01;31:*.tbz2=01;31:*.tz=01;31:*.deb=01;31:*.rpm=01;31:*.jar=01;31:*.war=01;31:*.ear=01;31:*.sar=01;31:*.rar=01;31:*.alz=01;31:*.ace=01;31:*.zoo=01;31:*.cpio=01;31:*.7z=01;31:*.rz=01;31:*.cab=01;31:*.wim=01;31:*.swm=01;31:*.dwm=01;31:*.esd=01;31:*.jpg=01;35:*.jpeg=01;35:*.mjpg=01;35:*.mjpeg=01;35:*.gif=01;35:*.bmp=01;35:*.pbm=01;35:*.pgm=01;35:*.ppm=01;35:*.tga=01;35:*.xbm=01;35:*.xpm=01;35:*.tif=01;35:*.tiff=01;35:*.png=01;35:*.svg=01;35:*.svgz=01;35:*.mng=01;35:*.pcx=01;35:*.mov=01;35:*.mpg=01;35:*.mpeg=01;35:*.m2v=01;35:*.mkv=01;35:*.webm=01;35:*.webp=01;35:*.ogm=01;35:*.mp4=01;35:*.m4v=01;35:*.mp4v=01;35:*.vob=01;35:*.qt=01;35:*.nuv=01;35:*.wmv=01;35:*.asf=01;35:*.rm=01;35:*.rmvb=01;35:*.flc=01;35:*.avi=01;35:*.fli=01;35:*.flv=01;35:*.gl=01;35:*.dl=01;35:*.xcf=01;35:*.xwd=01;35:*.yuv=01;35:*.cgm=01;35:*.emf=01;35:*.ogv=01;35:*.ogx=01;35:*.aac=00;36:*.au=00;36:*.flac=00;36:*.m4a=00;36:*.mid=00;36:*.midi=00;36:*.mka=00;36:*.mp3=00;36:*.mpc=00;36:*.ogg=00;36:*.ra=00;36:*.wav=00;36:*.oga=00;36:*.opus=00;36:*.spx=00;36:*.xspf=00;36:'), ('AMENT_PREFIX_PATH', '/opt/ros/humble'), ('SHELL', '/bin/bash'), ('LESSCLOSE', '/usr/bin/lesspipe %s %s'), ('PWD', '/home/kishu/roboticslab-technical-project/ros2_ws/build/robotiq_85_msgs'), ('TURTLEBOT3_MODEL', 'waffle_pi'), ('XDG_DATA_DIRS', '/usr/local/share:/usr/share:/var/lib/snapd/desktop'), ('PYTHONPATH', '/opt/ros/humble/lib/python3.10/site-packages:/opt/ros/humble/local/lib/python3.10/dist-packages'), ('COLCON', '1'), ('WSL2_GUI_APPS_ENABLED', '1'), ('HOSTTYPE', 'x86_64'), ('WSLENV', ''), ('CMAKE_PREFIX_PATH', '/opt/ros/humble')]), 'shell': False}
[0.042906] (robotiq_85_description) JobProgress: {'identifier': 'robotiq_85_description', 'progress': 'cmake'}
[0.044053] (robotiq_85_description) JobProgress: {'identifier': 'robotiq_85_description', 'progress': 'build'}
[0.045668] (robotiq_85_description) Command: {'cmd': ['/usr/bin/cmake', '--build', '/home/kishu/roboticslab-technical-project/ros2_ws/build/robotiq_85_description', '--', '-j4', '-l4'], 'cwd': '/home/kishu/roboticslab-technical-project/ros2_ws/build/robotiq_85_description', 'env': OrderedDict([('LESSOPEN', '| /usr/bin/lesspipe %s'), ('USER', 'kishu'), ('SHLVL', '1'), ('LD_LIBRARY_PATH', '/usr/lib/x86_64-linux-gnu/gazebo-11/plugins:/opt/ros/humble/opt/rviz_ogre_vendor/lib:/opt/ros/humble/lib/x86_64-linux-gnu:/opt/ros/humble/lib'), ('HOME', '/home/kishu'), ('OLDPWD', '/home/kishu'), ('ROS_PYTHON_VERSION', '3'), ('DBUS_SESSION_BUS_ADDRESS', 'unix:path=/run/user/1000/bus'), ('WSL_DISTRO_NAME', 'Ubuntu-22.04'), ('WAYLAND_DISPLAY', 'wayland-0'), ('ROS_DISTRO', 'humble'), ('LOGNAME', 'kishu'), ('NAME', 'DESKTOP-07TM2Q3'), ('WSL_INTEROP', '/run/WSL/4941_interop'), ('PULSE_SERVER', 'unix:/mnt/wslg/PulseServer'), ('_', '/usr/bin/colcon'), ('ROS_VERSION', '2'), ('TERM', 'xterm-256color'), ('GAZEBO_MODEL_PATH', '/home/kishu/roboticslab-technical-project/models::/opt/ros/humble/share/turtlebot3_gazebo/models'), ('ROS_LOCALHOST_ONLY', '0'), ('PATH', '/home/kishu/.local/bin:/opt/ros/humble/bin:/usr/local/sbin:/usr/local/bin:/usr/sbin:/usr/bin:/sbin:/bin:/usr/games:/usr/local/games:/usr/lib/wsl/lib:/mnt/c/Program Files/WindowsApps/CanonicalGroupLimited.Ubuntu22.04LTS_2204.5.10021.0_x64__79rhkp1fndgsc:/mnt/c/Windows/system32:/mnt/c/Windows:/mnt/c/Windows/System32/Wbem:/mnt/c/Windows/System32/WindowsPowerShell/v1.0/:/mnt/c/Windows/System32/OpenSSH/:/mnt/c/Program Files/Git/cmd:/mnt/c/Users/Mohamad/AppData/Local/Microsoft/WindowsApps:/mnt/c/Users/Mohamad/AppData/Local/Programs/Microsoft VS Code/bin:/mnt/c/Users/Mohamad/AppData/Local/GitHubDesktop/bin:/snap/bin'), ('XDG_RUNTIME_DIR', '/run/user/1000/'), ('DISPLAY', ':0'), ('LANG', 'C.UTF-8'), ('LS_COLORS', 'rs=0:di=01;34:ln=01;36:mh=00:pi=40;33:so=01;35:do=01;35:bd=40;33;01:cd=40;33;01:or=40;31;01:mi=00:su=37;41:sg=30;43:ca=30;41:tw=30;42:ow=34;42:st=37;44:ex=01;32:*.tar=01;31:*.tgz=01;31:*.arc=01;31:*.arj=01;31:*.taz=01;31:*.lha=01;31:*.lz4=01;31:*.lzh=01;31:*.lzma=01;31:*.tlz=01;31:*.txz=01;31:*.tzo=01;31:*.t7z=01;31:*.zip=01;31:*.z=01;31:*.dz=01;31:*.gz=01;31:*.lrz=01;31:*.lz=01;31:*.lzo=01;31:*.xz=01;31:*.zst=01;31:*.tzst=01;31:*.bz2=01;31:*.bz=01;31:*.tbz=01;31:*.tbz2=01;31:*.tz=01;31:*.deb=01;31:*.rpm=01;31:*.jar=01;31:*.war=01;31:*.ear=01;31:*.sar=01;31:*.rar=01;31:*.alz=01;31:*.ace=01;31:*.zoo=01;31:*.cpio=01;31:*.7z=01;31:*.rz=01;31:*.cab=01;31:*.wim=01;31:*.swm=01;31:*.dwm=01;31:*.esd=01;31:*.jpg=01;35:*.jpeg=01;35:*.mjpg=01;35:*.mjpeg=01;35:*.gif=01;35:*.bmp=01;35:*.pbm=01;35:*.pgm=01;35:*.ppm=01;35:*.tga=01;35:*.xbm=01;35:*.xpm=01;35:*.tif=01;35:*.tiff=01;35:*.png=01;35:*.svg=01;35:*.svgz=01;35:*.mng=01;35:*.pcx=01;35:*.mov=01;35:*.mpg=01;35:*.mpeg=01;35:*.m2v=01;35:*.mkv=01;35:*.webm=01;35:*.webp=01;35:*.ogm=01;35:*.mp4=01;35:*.m4v=01;35:*.mp4v=01;35:*.vob=01;35:*.qt=01;35:*.nuv=01;35:*.wmv=01;35:*.asf=01;35:*.rm=01;35:*.rmvb=01;35:*.flc=01;35:*.avi=01;35:*.fli=01;35:*.flv=01;35:*.gl=01;35:*.dl=01;35:*.xcf=01;35:*.xwd=01;35:*.yuv=01;35:*.cgm=01;35:*.emf=01;35:*.ogv=01;35:*.ogx=01;35:*.aac=00;36:*.au=00;36:*.flac=00;36:*.m4a=00;36:*.mid=00;36:*.midi=00;36:*.mka=00;36:*.mp3=00;36:*.mpc=00;36:*.ogg=00;36:*.ra=00;36:*.wav=00;36:*.oga=00;36:*.opus=00;36:*.spx=00;36:*.xspf=00;36:'), ('AMENT_PREFIX_PATH', '/opt/ros/humble'), ('SHELL', '/bin/bash'), ('LESSCLOSE', '/usr/bin/lesspipe %s %s'), ('PWD', '/home/kishu/roboticslab-technical-project/ros2_ws/build/robotiq_85_description'), ('TURTLEBOT3_MODEL', 'waffle_pi'), ('XDG_DATA_DIRS', '/usr/local/share:/usr/share:/var/lib/snapd/desktop'), ('PYTHONPATH', '/opt/ros/humble/lib/python3.10/site-packages:/opt/ros/humble/local/lib/python3.10/dist-packages'), ('COLCON', '1'), ('WSL2_GUI_APPS_ENABLED', '1'), ('HOSTTYPE', 'x86_64'), ('WSLENV', ''), ('CMAKE_PREFIX_PATH', '/opt/ros/humble')]), 'shell': False}
[0.051955] (gazebo_ros_link_attacher) JobProgress: {'identifier': 'gazebo_ros_link_attacher', 'progress': 'cmake'}
[0.052073] (gazebo_ros_link_attacher) JobProgress: {'identifier': 'gazebo_ros_link_attacher', 'progress': 'build'}
[0.052144] (gazebo_ros_link_attacher) Command: {'cmd': ['/usr/bin/cmake', '--build', '/home/kishu/roboticslab-technical-project/ros2_ws/build/gazebo_ros_link_attacher', '--', '-j4', '-l4'], 'cwd': '/home/kishu/roboticslab-technical-project/ros2_ws/build/gazebo_ros_link_attacher', 'env': OrderedDict([('LESSOPEN', '| /usr/bin/lesspipe %s'), ('USER', 'kishu'), ('SHLVL', '1'), ('LD_LIBRARY_PATH', '/usr/lib/x86_64-linux-gnu/gazebo-11/plugins:/opt/ros/humble/opt/rviz_ogre_vendor/lib:/opt/ros/humble/lib/x86_64-linux-gnu:/opt/ros/humble/lib'), ('HOME', '/home/kishu'), ('OLDPWD', '/home/kishu'), ('ROS_PYTHON_VERSION', '3'), ('DBUS_SESSION_BUS_ADDRESS', 'unix:path=/run/user/1000/bus'), ('WSL_DISTRO_NAME', 'Ubuntu-22.04'), ('WAYLAND_DISPLAY', 'wayland-0'), ('ROS_DISTRO', 'humble'), ('LOGNAME', 'kishu'), ('NAME', 'DESKTOP-07TM2Q3'), ('WSL_INTEROP', '/run/WSL/4941_interop'), ('PULSE_SERVER', 'unix:/mnt/wslg/PulseServer'), ('_', '/usr/bin/colcon'), ('ROS_VERSION', '2'), ('TERM', 'xterm-256color'), ('GAZEBO_MODEL_PATH', '/home/kishu/roboticslab-technical-project/models::/opt/ros/humble/share/turtlebot3_gazebo/models'), ('ROS_LOCALHOST_ONLY', '0'), ('PATH', '/home/kishu/.local/bin:/opt/ros/humble/bin:/usr/local/sbin:/usr/local/bin:/usr/sbin:/usr/bin:/sbin:/bin:/usr/games:/usr/local/games:/usr/lib/wsl/lib:/mnt/c/Program Files/WindowsApps/CanonicalGroupLimited.Ubuntu22.04LTS_2204.5.10021.0_x64__79rhkp1fndgsc:/mnt/c/Windows/system32:/mnt/c/Windows:/mnt/c/Windows/System32/Wbem:/mnt/c/Windows/System32/WindowsPowerShell/v1.0/:/mnt/c/Windows/System32/OpenSSH/:/mnt/c/Program Files/Git/cmd:/mnt/c/Users/Mohamad/AppData/Local/Microsoft/WindowsApps:/mnt/c/Users/Mohamad/AppData/Local/Programs/Microsoft VS Code/bin:/mnt/c/Users/Mohamad/AppData/Local/GitHubDesktop/bin:/snap/bin'), ('XDG_RUNTIME_DIR', '/run/user/1000/'), ('DISPLAY', ':0'), ('LANG', 'C.UTF-8'), ('LS_COLORS', 'rs=0:di=01;34:ln=01;36:mh=00:pi=40;33:so=01;35:do=01;35:bd=40;33;01:cd=40;33;01:or=40;31;01:mi=00:su=37;41:sg=30;43:ca=30;41:tw=30;42:ow=34;42:st=37;44:ex=01;32:*.tar=01;31:*.tgz=01;31:*.arc=01;31:*.arj=01;31:*.taz=01;31:*.lha=01;31:*.lz4=01;31:*.lzh=01;31:*.lzma=01;31:*.tlz=01;31:*.txz=01;31:*.tzo=01;31:*.t7z=01;31:*.zip=01;31:*.z=01;31:*.dz=01;31:*.gz=01;31:*.lrz=01;31:*.lz=01;31:*.lzo=01;31:*.xz=01;31:*.zst=01;31:*.tzst=01;31:*.bz2=01;31:*.bz=01;31:*.tbz=01;31:*.tbz2=01;31:*.tz=01;31:*.deb=01;31:*.rpm=01;31:*.jar=01;31:*.war=01;31:*.ear=01;31:*.sar=01;31:*.rar=01;31:*.alz=01;31:*.ace=01;31:*.zoo=01;31:*.cpio=01;31:*.7z=01;31:*.rz=01;31:*.cab=01;31:*.wim=01;31:*.swm=01;31:*.dwm=01;31:*.esd=01;31:*.jpg=01;35:*.jpeg=01;35:*.mjpg=01;35:*.mjpeg=01;35:*.gif=01;35:*.bmp=01;35:*.pbm=01;35:*.pgm=01;35:*.ppm=01;35:*.tga=01;35:*.xbm=01;35:*.xpm=01;35:*.tif=01;35:*.tiff=01;35:*.png=01;35:*.svg=01;35:*.svgz=01;35:*.mng=01;35:*.pcx=01;35:*.mov=01;35:*.mpg=01;35:*.mpeg=01;35:*.m2v=01;35:*.mkv=01;35:*.webm=01;35:*.webp=01;35:*.ogm=01;35:*.mp4=01;35:*.m4v=01;35:*.mp4v=01;35:*.vob=01;35:*.qt=01;35:*.nuv=01;35:*.wmv=01;35:*.asf=01;35:*.rm=01;35:*.rmvb=01;35:*.flc=01;35:*.avi=01;35:*.fli=01;35:*.flv=01;35:*.gl=01;35:*.dl=01;35:*.xcf=01;35:*.xwd=01;35:*.yuv=01;35:*.cgm=01;35:*.emf=01;35:*.ogv=01;35:*.ogx=01;35:*.aac=00;36:*.au=00;36:*.flac=00;36:*.m4a=00;36:*.mid=00;36:*.midi=00;36:*.mka=00;36:*.mp3=00;36:*.mpc=00;36:*.ogg=00;36:*.ra=00;36:*.wav=00;36:*.oga=00;36:*.opus=00;36:*.spx=00;36:*.xspf=00;36:'), ('AMENT_PREFIX_PATH', '/opt/ros/humble'), ('SHELL', '/bin/bash'), ('LESSCLOSE', '/usr/bin/lesspipe %s %s'), ('PWD', '/home/kishu/roboticslab-technical-project/ros2_ws/build/gazebo_ros_link_attacher'), ('TURTLEBOT3_MODEL', 'waffle_pi'), ('XDG_DATA_DIRS', '/usr/local/share:/usr/share:/var/lib/snapd/desktop'), ('PYTHONPATH', '/opt/ros/humble/lib/python3.10/site-packages:/opt/ros/humble/local/lib/python3.10/dist-packages'), ('COLCON', '1'), ('WSL2_GUI_APPS_ENABLED', '1'), ('HOSTTYPE', 'x86_64'), ('WSLENV', ''), ('CMAKE_PREFIX_PATH', '/opt/ros/humble')]), 'shell': False}
[0.099825] (-) TimerEvent: {}
[0.156392] (robotiq_85_msgs) StdoutLine: {'line': b'[  2%] Built target robotiq_85_msgs__cpp\n'}
[0.169996] (robotiq_85_msgs) StdoutLine: {'line': b'[ 12%] Built target robotiq_85_msgs__rosidl_generator_c\n'}
[0.201665] (-) TimerEvent: {}
[0.217443] (gazebo_ros_link_attacher) StdoutLine: {'line': b'[  3%] Built target gazebo_ros_link_attacher__cpp\n'}
[0.217878] (robotiq_85_msgs) StdoutLine: {'line': b'[ 12%] Built target ament_cmake_python_symlink_robotiq_85_msgs\n'}
[0.239783] (gazebo_ros_link_attacher) StdoutLine: {'line': b'[ 12%] Built target gazebo_ros_link_attacher__rosidl_generator_c\n'}
[0.249359] (robotiq_85_msgs) StdoutLine: {'line': b'[ 23%] Built target robotiq_85_msgs__rosidl_typesupport_introspection_cpp\n'}
[0.256147] (gazebo_ros_link_attacher) StdoutLine: {'line': b'[ 12%] Built target ament_cmake_python_symlink_gazebo_ros_link_attacher\n'}
[0.260179] (robotiq_85_msgs) StdoutLine: {'line': b'[ 33%] Built target robotiq_85_msgs__rosidl_typesupport_cpp\n'}
[0.265924] (robotiq_85_msgs) StdoutLine: {'line': b'[ 43%] Built target robotiq_85_msgs__rosidl_typesupport_fastrtps_cpp\n'}
[0.281940] (gazebo_ros_link_attacher) StdoutLine: {'line': b'[ 21%] Built target gazebo_ros_link_attacher__rosidl_typesupport_cpp\n'}
[0.301799] (-) TimerEvent: {}
[0.339362] (gazebo_ros_link_attacher) StdoutLine: {'line': b'[ 30%] Built target gazebo_ros_link_attacher__rosidl_typesupport_introspection_cpp\n'}
[0.339757] (robotiq_85_msgs) StdoutLine: {'line': b'[ 53%] Built target robotiq_85_msgs__rosidl_typesupport_fastrtps_c\n'}
[0.349061] (robotiq_85_msgs) StdoutLine: {'line': b'[ 64%] Built target robotiq_85_msgs__rosidl_typesupport_c\n'}
[0.361866] (gazebo_ros_link_attacher) StdoutLine: {'line': b'[ 39%] Built target gazebo_ros_link_attacher__rosidl_typesupport_fastrtps_cpp\n'}
[0.362959] (gazebo_ros_link_attacher) StdoutLine: {'line': b'[ 48%] Built target gazebo_ros_link_attacher__rosidl_typesupport_fastrtps_c\n'}
[0.388095] (robotiq_85_msgs) StdoutLine: {'line': b'[ 74%] Built target robotiq_85_msgs__rosidl_typesupport_introspection_c\n'}
[0.393207] (gazebo_ros_link_attacher) StdoutLine: {'line': b'[ 57%] Built target gazebo_ros_link_attacher__rosidl_typesupport_introspection_c\n'}
[0.403239] (-) TimerEvent: {}
[0.426575] (gazebo_ros_link_attacher) StdoutLine: {'line': b'[ 66%] Built target gazebo_ros_link_attacher__rosidl_typesupport_c\n'}
[0.441215] (robotiq_85_msgs) StdoutLine: {'line': b'[ 74%] Built target robotiq_85_msgs\n'}
[0.500559] (gazebo_ros_link_attacher) StdoutLine: {'line': b'[ 66%] Built target gazebo_ros_link_attacher\n'}
[0.504473] (-) TimerEvent: {}
[0.509427] (robotiq_85_msgs) StdoutLine: {'line': b'[ 76%] Built target robotiq_85_msgs__py\n'}
[0.554620] (gazebo_ros_link_attacher) StdoutLine: {'line': b'[ 72%] Built target gazebo_ros_link_attacher_plugin\n'}
[0.563128] (gazebo_ros_link_attacher) StdoutLine: {'line': b'[ 75%] Built target gazebo_ros_link_attacher__py\n'}
[0.601544] (robotiq_85_msgs) StdoutLine: {'line': b'[ 84%] Built target robotiq_85_msgs__rosidl_generator_py\n'}
[0.604582] (-) TimerEvent: {}
[0.608401] (gazebo_ros_link_attacher) StdoutLine: {'line': b'[ 81%] Built target gazebo_ros_link_attacher__rosidl_generator_py\n'}
[0.700970] (robotiq_85_msgs) StdoutLine: {'line': b'[ 89%] Built target robotiq_85_msgs__rosidl_typesupport_fastrtps_c__pyext\n'}
[0.707348] (-) TimerEvent: {}
[0.708857] (gazebo_ros_link_attacher) StdoutLine: {'line': b'[ 87%] Built target gazebo_ros_link_attacher__rosidl_typesupport_c__pyext\n'}
[0.711446] (robotiq_85_msgs) StdoutLine: {'line': b'[ 94%] Built target robotiq_85_msgs__rosidl_typesupport_introspection_c__pyext\n'}
[0.718920] (gazebo_ros_link_attacher) StdoutLine: {'line': b'[ 93%] Built target gazebo_ros_link_attacher__rosidl_typesupport_introspection_c__pyext\n'}
[0.724905] (gazebo_ros_link_attacher) StdoutLine: {'line': b'[100%] Built target gazebo_ros_link_attacher__rosidl_typesupport_fastrtps_c__pyext\n'}
[0.737631] (robotiq_85_msgs) StdoutLine: {'line': b'[100%] Built target robotiq_85_msgs__rosidl_typesupport_c__pyext\n'}
[0.807493] (-) TimerEvent: {}
[0.908325] (-) TimerEvent: {}
[0.975575] (robotiq_85_description) CommandEnded: {'returncode': 0}
[0.976978] (robotiq_85_description) JobProgress: {'identifier': 'robotiq_85_description', 'progress': 'install'}
[0.994197] (robotiq_85_description) Command: {'cmd': ['/usr/bin/cmake', '--install', '/home/kishu/roboticslab-technical-project/ros2_ws/build/robotiq_85_description'], 'cwd': '/home/kishu/roboticslab-technical-project/ros2_ws/build/robotiq_85_description', 'env': OrderedDict([('LESSOPEN', '| /usr/bin/lesspipe %s'), ('USER', 'kishu'), ('SHLVL', '1'), ('LD_LIBRARY_PATH', '/usr/lib/x86_64-linux-gnu/gazebo-11/plugins:/opt/ros/humble/opt/rviz_ogre_vendor/lib:/opt/ros/humble/lib/x86_64-linux-gnu:/opt/ros/humble/lib'), ('HOME', '/home/kishu'), ('OLDPWD', '/home/kishu'), ('ROS_PYTHON_VERSION', '3'), ('DBUS_SESSION_BUS_ADDRESS', 'unix:path=/run/user/1000/bus'), ('WSL_DISTRO_NAME', 'Ubuntu-22.04'), ('WAYLAND_DISPLAY', 'wayland-0'), ('ROS_DISTRO', 'humble'), ('LOGNAME', 'kishu'), ('NAME', 'DESKTOP-07TM2Q3'), ('WSL_INTEROP', '/run/WSL/4941_interop'), ('PULSE_SERVER', 'unix:/mnt/wslg/PulseServer'), ('_', '/usr/bin/colcon'), ('ROS_VERSION', '2'), ('TERM', 'xterm-256color'), ('GAZEBO_MODEL_PATH', '/home/kishu/roboticslab-technical-project/models::/opt/ros/humble/share/turtlebot3_gazebo/models'), ('ROS_LOCALHOST_ONLY', '0'), ('PATH', '/home/kishu/.local/bin:/opt/ros/humble/bin:/usr/local/sbin:/usr/local/bin:/usr/sbin:/usr/bin:/sbin:/bin:/usr/games:/usr/local/games:/usr/lib/wsl/lib:/mnt/c/Program Files/WindowsApps/CanonicalGroupLimited.Ubuntu22.04LTS_2204.5.10021.0_x64__79rhkp1fndgsc:/mnt/c/Windows/system32:/mnt/c/Windows:/mnt/c/Windows/System32/Wbem:/mnt/c/Windows/System32/WindowsPowerShell/v1.0/:/mnt/c/Windows/System32/OpenSSH/:/mnt/c/Program Files/Git/cmd:/mnt/c/Users/Mohamad/AppData/Local/Microsoft/WindowsApps:/mnt/c/Users/Mohamad/AppData/Local/Programs/Microsoft VS Code/bin:/mnt/c/Users/Mohamad/AppData/Local/GitHubDesktop/bin:/snap/bin'), ('XDG_RUNTIME_DIR', '/run/user/1000/'), ('DISPLAY', ':0'), ('LANG', 'C.UTF-8'), ('LS_COLORS', 'rs=0:di=01;34:ln=01;36:mh=00:pi=40;33:so=01;35:do=01;35:bd=40;33;01:cd=40;33;01:or=40;31;01:mi=00:su=37;41:sg=30;43:ca=30;41:tw=30;42:ow=34;42:st=37;44:ex=01;32:*.tar=01;31:*.tgz=01;31:*.arc=01;31:*.arj=01;31:*.taz=01;31:*.lha=01;31:*.lz4=01;31:*.lzh=01;31:*.lzma=01;31:*.tlz=01;31:*.txz=01;31:*.tzo=01;31:*.t7z=01;31:*.zip=01;31:*.z=01;31:*.dz=01;31:*.gz=01;31:*.lrz=01;31:*.lz=01;31:*.lzo=01;31:*.xz=01;31:*.zst=01;31:*.tzst=01;31:*.bz2=01;31:*.bz=01;31:*.tbz=01;31:*.tbz2=01;31:*.tz=01;31:*.deb=01;31:*.rpm=01;31:*.jar=01;31:*.war=01;31:*.ear=01;31:*.sar=01;31:*.rar=01;31:*.alz=01;31:*.ace=01;31:*.zoo=01;31:*.cpio=01;31:*.7z=01;31:*.rz=01;31:*.cab=01;31:*.wim=01;31:*.swm=01;31:*.dwm=01;31:*.esd=01;31:*.jpg=01;35:*.jpeg=01;35:*.mjpg=01;35:*.mjpeg=01;35:*.gif=01;35:*.bmp=01;35:*.pbm=01;35:*.pgm=01;35:*.ppm=01;35:*.tga=01;35:*.xbm=01;35:*.xpm=01;35:*.tif=01;35:*.tiff=01;35:*.png=01;35:*.svg=01;35:*.svgz=01;35:*.mng=01;35:*.pcx=01;35:*.mov=01;35:*.mpg=01;35:*.mpeg=01;35:*.m2v=01;35:*.mkv=01;35:*.webm=01;35:*.webp=01;35:*.ogm=01;35:*.mp4=01;35:*.m4v=01;35:*.mp4v=01;35:*.vob=01;35:*.qt=01;35:*.nuv=01;35:*.wmv=01;35:*.asf=01;35:*.rm=01;35:*.rmvb=01;35:*.flc=01;35:*.avi=01;35:*.fli=01;35:*.flv=01;35:*.gl=01;35:*.dl=01;35:*.xcf=01;35:*.xwd=01;35:*.yuv=01;35:*.cgm=01;35:*.emf=01;35:*.ogv=01;35:*.ogx=01;35:*.aac=00;36:*.au=00;36:*.flac=00;36:*.m4a=00;36:*.mid=00;36:*.midi=00;36:*.mka=00;36:*.mp3=00;36:*.mpc=00;36:*.ogg=00;36:*.ra=00;36:*.wav=00;36:*.oga=00;36:*.opus=00;36:*.spx=00;36:*.xspf=00;36:'), ('AMENT_PREFIX_PATH', '/opt/ros/humble'), ('SHELL', '/bin/bash'), ('LESSCLOSE', '/usr/bin/lesspipe %s %s'), ('PWD', '/home/kishu/roboticslab-technical-project/ros2_ws/build/robotiq_85_description'), ('TURTLEBOT3_MODEL', 'waffle_pi'), ('XDG_DATA_DIRS', '/usr/local/share:/usr/share:/var/lib/snapd/desktop'), ('PYTHONPATH', '/opt/ros/humble/lib/python3.10/site-packages:/opt/ros/humble/local/lib/python3.10/dist-packages'), ('COLCON', '1'), ('WSL2_GUI_APPS_ENABLED', '1'), ('HOSTTYPE', 'x86_64'), ('WSLENV', ''), ('CMAKE_PREFIX_PATH', '/opt/ros/humble')]), 'shell': False}
[1.007143] (robotiq_85_msgs) StdoutLine: {'line': b'running egg_info\n'}
[1.007589] (robotiq_85_msgs) StdoutLine: {'line': b'writing robotiq_85_msgs.egg-info/PKG-INFO\n'}
[1.007762] (robotiq_85_msgs) StdoutLine: {'line': b'writing dependency_links to robotiq_85_msgs.egg-info/dependency_links.txt\n'}
[1.007975] (robotiq_85_msgs) StdoutLine: {'line': b'writing top-level names to robotiq_85_msgs.egg-info/top_level.txt\n'}
[1.008665] (robotiq_85_description) StdoutLine: {'line': b'-- Install configuration: ""\n'}
[1.011384] (-) TimerEvent: {}
[1.012542] (robotiq_85_msgs) StdoutLine: {'line': b"reading manifest file 'robotiq_85_msgs.egg-info/SOURCES.txt'\n"}
[1.012902] (robotiq_85_description) StdoutLine: {'line': b'-- Execute custom install script\n'}
[1.013115] (robotiq_85_description) StdoutLine: {'line': b'-- Up-to-date symlink: /home/kishu/roboticslab-technical-project/ros2_ws/install/robotiq_85_description/share/robotiq_85_description/config/view_gripper.rviz\n'}
[1.013296] (robotiq_85_description) StdoutLine: {'line': b'-- Up-to-date symlink: /home/kishu/roboticslab-technical-project/ros2_ws/install/robotiq_85_description/share/robotiq_85_description/launch/view_gripper.launch.py\n'}
[1.013663] (robotiq_85_msgs) StdoutLine: {'line': b"writing manifest file 'robotiq_85_msgs.egg-info/SOURCES.txt'\n"}
[1.014198] (robotiq_85_description) StdoutLine: {'line': b'-- Up-to-date symlink: /home/kishu/roboticslab-technical-project/ros2_ws/install/robotiq_85_description/share/robotiq_85_description/meshes/collision/robotiq_85_base_link.stl\n'}
[1.016205] (robotiq_85_description) StdoutLine: {'line': b'-- Up-to-date symlink: /home/kishu/roboticslab-technical-project/ros2_ws/install/robotiq_85_description/share/robotiq_85_description/meshes/collision/robotiq_85_finger_link.stl\n'}
[1.016599] (robotiq_85_description) StdoutLine: {'line': b'-- Up-to-date symlink: /home/kishu/roboticslab-technical-project/ros2_ws/install/robotiq_85_description/share/robotiq_85_description/meshes/collision/robotiq_85_finger_tip_link.stl\n'}
[1.016813] (robotiq_85_description) StdoutLine: {'line': b'-- Up-to-date symlink: /home/kishu/roboticslab-technical-project/ros2_ws/install/robotiq_85_description/share/robotiq_85_description/meshes/collision/robotiq_85_inner_knuckle_link.stl\n'}
[1.017008] (robotiq_85_description) StdoutLine: {'line': b'-- Up-to-date symlink: /home/kishu/roboticslab-technical-project/ros2_ws/install/robotiq_85_description/share/robotiq_85_description/meshes/collision/robotiq_85_knuckle_link.stl\n'}
[1.019467] (robotiq_85_description) StdoutLine: {'line': b'-- Up-to-date symlink: /home/kishu/roboticslab-technical-project/ros2_ws/install/robotiq_85_description/share/robotiq_85_description/meshes/collision/ur_to_robotiq_adapter.stl\n'}
[1.019831] (robotiq_85_description) StdoutLine: {'line': b'-- Up-to-date symlink: /home/kishu/roboticslab-technical-project/ros2_ws/install/robotiq_85_description/share/robotiq_85_description/meshes/visual/robotiq_85_base_link.dae\n'}
[1.020062] (robotiq_85_description) StdoutLine: {'line': b'-- Up-to-date symlink: /home/kishu/roboticslab-technical-project/ros2_ws/install/robotiq_85_description/share/robotiq_85_description/meshes/visual/robotiq_85_finger_link.dae\n'}
[1.020308] (robotiq_85_description) StdoutLine: {'line': b'-- Up-to-date symlink: /home/kishu/roboticslab-technical-project/ros2_ws/install/robotiq_85_description/share/robotiq_85_description/meshes/visual/robotiq_85_finger_tip_link.dae\n'}
[1.020484] (robotiq_85_description) StdoutLine: {'line': b'-- Up-to-date symlink: /home/kishu/roboticslab-technical-project/ros2_ws/install/robotiq_85_description/share/robotiq_85_description/meshes/visual/robotiq_85_inner_knuckle_link.dae\n'}
[1.020660] (robotiq_85_description) StdoutLine: {'line': b'-- Up-to-date symlink: /home/kishu/roboticslab-technical-project/ros2_ws/install/robotiq_85_description/share/robotiq_85_description/meshes/visual/robotiq_85_knuckle_link.dae\n'}
[1.023123] (robotiq_85_description) StdoutLine: {'line': b'-- Up-to-date symlink: /home/kishu/roboticslab-technical-project/ros2_ws/install/robotiq_85_description/share/robotiq_85_description/meshes/visual/ur_to_robotiq_adapter.dae\n'}
[1.023474] (robotiq_85_description) StdoutLine: {'line': b'-- Up-to-date symlink: /home/kishu/roboticslab-technical-project/ros2_ws/install/robotiq_85_description/share/robotiq_85_description/urdf/left_robotiq_85_gripper.urdf.xacro\n'}
[1.023726] (robotiq_85_description) StdoutLine: {'line': b'-- Up-to-date symlink: /home/kishu/roboticslab-technical-project/ros2_ws/install/robotiq_85_description/share/robotiq_85_description/urdf/right_robotiq_85_gripper.urdf.xacro\n'}
[1.024160] (robotiq_85_description) StdoutLine: {'line': b'-- Up-to-date symlink: /home/kishu/roboticslab-technical-project/ros2_ws/install/robotiq_85_description/share/robotiq_85_description/urdf/robotiq_85_gripper.ros2_control.xacro\n'}
[1.024373] (robotiq_85_description) StdoutLine: {'line': b'-- Up-to-date symlink: /home/kishu/roboticslab-technical-project/ros2_ws/install/robotiq_85_description/share/robotiq_85_description/urdf/robotiq_85_gripper.transmission.xacro\n'}
[1.027148] (robotiq_85_description) StdoutLine: {'line': b'-- Up-to-date symlink: /home/kishu/roboticslab-technical-project/ros2_ws/install/robotiq_85_description/share/robotiq_85_description/urdf/robotiq_85_gripper.urdf.xacro\n'}
[1.027614] (robotiq_85_description) StdoutLine: {'line': b'-- Up-to-date symlink: /home/kishu/roboticslab-technical-project/ros2_ws/install/robotiq_85_description/share/robotiq_85_description/urdf/robotiq_85_gripper_macro.urdf.xacro\n'}
[1.027859] (robotiq_85_description) StdoutLine: {'line': b'-- Up-to-date symlink: /home/kishu/roboticslab-technical-project/ros2_ws/install/robotiq_85_description/share/robotiq_85_description/urdf/robotiq_85_gripper_sim_base.urdf.xacro\n'}
[1.028044] (robotiq_85_description) StdoutLine: {'line': b'-- Up-to-date symlink: /home/kishu/roboticslab-technical-project/ros2_ws/install/robotiq_85_description/share/robotiq_85_description/urdf/robotiq_arg85_description.urdf.xacro\n'}
[1.028252] (robotiq_85_description) StdoutLine: {'line': b'-- Up-to-date symlink: /home/kishu/roboticslab-technical-project/ros2_ws/install/robotiq_85_description/share/robotiq_85_description/urdf/ur_to_robotiq_adapter.urdf.xacro\n'}
[1.028431] (robotiq_85_description) StdoutLine: {'line': b'-- Up-to-date symlink: /home/kishu/roboticslab-technical-project/ros2_ws/install/robotiq_85_description/share/ament_index/resource_index/package_run_dependencies/robotiq_85_description\n'}
[1.028637] (robotiq_85_description) StdoutLine: {'line': b'-- Up-to-date symlink: /home/kishu/roboticslab-technical-project/ros2_ws/install/robotiq_85_description/share/ament_index/resource_index/parent_prefix_path/robotiq_85_description\n'}
[1.029575] (robotiq_85_description) StdoutLine: {'line': b'-- Up-to-date symlink: /home/kishu/roboticslab-technical-project/ros2_ws/install/robotiq_85_description/share/robotiq_85_description/environment/ament_prefix_path.sh\n'}
[1.034065] (robotiq_85_description) StdoutLine: {'line': b'-- Up-to-date symlink: /home/kishu/roboticslab-technical-project/ros2_ws/install/robotiq_85_description/share/robotiq_85_description/environment/ament_prefix_path.dsv\n'}
[1.034430] (robotiq_85_description) StdoutLine: {'line': b'-- Up-to-date symlink: /home/kishu/roboticslab-technical-project/ros2_ws/install/robotiq_85_description/share/robotiq_85_description/environment/path.sh\n'}
[1.034697] (robotiq_85_description) StdoutLine: {'line': b'-- Up-to-date symlink: /home/kishu/roboticslab-technical-project/ros2_ws/install/robotiq_85_description/share/robotiq_85_description/environment/path.dsv\n'}
[1.034956] (robotiq_85_description) StdoutLine: {'line': b'-- Up-to-date symlink: /home/kishu/roboticslab-technical-project/ros2_ws/install/robotiq_85_description/share/robotiq_85_description/local_setup.bash\n'}
[1.035210] (robotiq_85_description) StdoutLine: {'line': b'-- Up-to-date symlink: /home/kishu/roboticslab-technical-project/ros2_ws/install/robotiq_85_description/share/robotiq_85_description/local_setup.sh\n'}
[1.035387] (robotiq_85_description) StdoutLine: {'line': b'-- Up-to-date symlink: /home/kishu/roboticslab-technical-project/ros2_ws/install/robotiq_85_description/share/robotiq_85_description/local_setup.zsh\n'}
[1.035532] (robotiq_85_description) StdoutLine: {'line': b'-- Up-to-date symlink: /home/kishu/roboticslab-technical-project/ros2_ws/install/robotiq_85_description/share/robotiq_85_description/local_setup.dsv\n'}
[1.035660] (robotiq_85_description) StdoutLine: {'line': b'-- Symlinking: /home/kishu/roboticslab-technical-project/ros2_ws/install/robotiq_85_description/share/robotiq_85_description/package.dsv\n'}
[1.054246] (robotiq_85_description) StdoutLine: {'line': b'-- Up-to-date symlink: /home/kishu/roboticslab-technical-project/ros2_ws/install/robotiq_85_description/share/ament_index/resource_index/packages/robotiq_85_description\n'}
[1.054752] (robotiq_85_description) StdoutLine: {'line': b'-- Up-to-date symlink: /home/kishu/roboticslab-technical-project/ros2_ws/install/robotiq_85_description/share/robotiq_85_description/cmake/robotiq_85_descriptionConfig.cmake\n'}
[1.055106] (robotiq_85_description) StdoutLine: {'line': b'-- Up-to-date symlink: /home/kishu/roboticslab-technical-project/ros2_ws/install/robotiq_85_description/share/robotiq_85_description/cmake/robotiq_85_descriptionConfig-version.cmake\n'}
[1.055412] (robotiq_85_description) StdoutLine: {'line': b'-- Up-to-date symlink: /home/kishu/roboticslab-technical-project/ros2_ws/install/robotiq_85_description/share/robotiq_85_description/package.xml\n'}
[1.063259] (robotiq_85_description) CommandEnded: {'returncode': 0}
[1.089361] (robotiq_85_msgs) StdoutLine: {'line': b'[100%] Built target ament_cmake_python_build_robotiq_85_msgs_egg\n'}
[1.102168] (robotiq_85_description) JobEnded: {'identifier': 'robotiq_85_description', 'rc': 0}
[1.111510] (-) TimerEvent: {}
[1.113444] (robotiq_85_msgs) CommandEnded: {'returncode': 0}
[1.117234] (robotiq_85_msgs) JobProgress: {'identifier': 'robotiq_85_msgs', 'progress': 'install'}
[1.117298] (robotiq_85_msgs) Command: {'cmd': ['/usr/bin/cmake', '--install', '/home/kishu/roboticslab-technical-project/ros2_ws/build/robotiq_85_msgs'], 'cwd': '/home/kishu/roboticslab-technical-project/ros2_ws/build/robotiq_85_msgs', 'env': OrderedDict([('LESSOPEN', '| /usr/bin/lesspipe %s'), ('USER', 'kishu'), ('SHLVL', '1'), ('LD_LIBRARY_PATH', '/usr/lib/x86_64-linux-gnu/gazebo-11/plugins:/opt/ros/humble/opt/rviz_ogre_vendor/lib:/opt/ros/humble/lib/x86_64-linux-gnu:/opt/ros/humble/lib'), ('HOME', '/home/kishu'), ('OLDPWD', '/home/kishu'), ('ROS_PYTHON_VERSION', '3'), ('DBUS_SESSION_BUS_ADDRESS', 'unix:path=/run/user/1000/bus'), ('WSL_DISTRO_NAME', 'Ubuntu-22.04'), ('WAYLAND_DISPLAY', 'wayland-0'), ('ROS_DISTRO', 'humble'), ('LOGNAME', 'kishu'), ('NAME', 'DESKTOP-07TM2Q3'), ('WSL_INTEROP', '/run/WSL/4941_interop'), ('PULSE_SERVER', 'unix:/mnt/wslg/PulseServer'), ('_', '/usr/bin/colcon'), ('ROS_VERSION', '2'), ('TERM', 'xterm-256color'), ('GAZEBO_MODEL_PATH', '/home/kishu/roboticslab-technical-project/models::/opt/ros/humble/share/turtlebot3_gazebo/models'), ('ROS_LOCALHOST_ONLY', '0'), ('PATH', '/home/kishu/.local/bin:/opt/ros/humble/bin:/usr/local/sbin:/usr/local/bin:/usr/sbin:/usr/bin:/sbin:/bin:/usr/games:/usr/local/games:/usr/lib/wsl/lib:/mnt/c/Program Files/WindowsApps/CanonicalGroupLimited.Ubuntu22.04LTS_2204.5.10021.0_x64__79rhkp1fndgsc:/mnt/c/Windows/system32:/mnt/c/Windows:/mnt/c/Windows/System32/Wbem:/mnt/c/Windows/System32/WindowsPowerShell/v1.0/:/mnt/c/Windows/System32/OpenSSH/:/mnt/c/Program Files/Git/cmd:/mnt/c/Users/Mohamad/AppData/Local/Microsoft/WindowsApps:/mnt/c/Users/Mohamad/AppData/Local/Programs/Microsoft VS Code/bin:/mnt/c/Users/Mohamad/AppData/Local/GitHubDesktop/bin:/snap/bin'), ('XDG_RUNTIME_DIR', '/run/user/1000/'), ('DISPLAY', ':0'), ('LANG', 'C.UTF-8'), ('LS_COLORS', 'rs=0:di=01;34:ln=01;36:mh=00:pi=40;33:so=01;35:do=01;35:bd=40;33;01:cd=40;33;01:or=40;31;01:mi=00:su=37;41:sg=30;43:ca=30;41:tw=30;42:ow=34;42:st=37;44:ex=01;32:*.tar=01;31:*.tgz=01;31:*.arc=01;31:*.arj=01;31:*.taz=01;31:*.lha=01;31:*.lz4=01;31:*.lzh=01;31:*.lzma=01;31:*.tlz=01;31:*.txz=01;31:*.tzo=01;31:*.t7z=01;31:*.zip=01;31:*.z=01;31:*.dz=01;31:*.gz=01;31:*.lrz=01;31:*.lz=01;31:*.lzo=01;31:*.xz=01;31:*.zst=01;31:*.tzst=01;31:*.bz2=01;31:*.bz=01;31:*.tbz=01;31:*.tbz2=01;31:*.tz=01;31:*.deb=01;31:*.rpm=01;31:*.jar=01;31:*.war=01;31:*.ear=01;31:*.sar=01;31:*.rar=01;31:*.alz=01;31:*.ace=01;31:*.zoo=01;31:*.cpio=01;31:*.7z=01;31:*.rz=01;31:*.cab=01;31:*.wim=01;31:*.swm=01;31:*.dwm=01;31:*.esd=01;31:*.jpg=01;35:*.jpeg=01;35:*.mjpg=01;35:*.mjpeg=01;35:*.gif=01;35:*.bmp=01;35:*.pbm=01;35:*.pgm=01;35:*.ppm=01;35:*.tga=01;35:*.xbm=01;35:*.xpm=01;35:*.tif=01;35:*.tiff=01;35:*.png=01;35:*.svg=01;35:*.svgz=01;35:*.mng=01;35:*.pcx=01;35:*.mov=01;35:*.mpg=01;35:*.mpeg=01;35:*.m2v=01;35:*.mkv=01;35:*.webm=01;35:*.webp=01;35:*.ogm=01;35:*.mp4=01;35:*.m4v=01;35:*.mp4v=01;35:*.vob=01;35:*.qt=01;35:*.nuv=01;35:*.wmv=01;35:*.asf=01;35:*.rm=01;35:*.rmvb=01;35:*.flc=01;35:*.avi=01;35:*.fli=01;35:*.flv=01;35:*.gl=01;35:*.dl=01;35:*.xcf=01;35:*.xwd=01;35:*.yuv=01;35:*.cgm=01;35:*.emf=01;35:*.ogv=01;35:*.ogx=01;35:*.aac=00;36:*.au=00;36:*.flac=00;36:*.m4a=00;36:*.mid=00;36:*.midi=00;36:*.mka=00;36:*.mp3=00;36:*.mpc=00;36:*.ogg=00;36:*.ra=00;36:*.wav=00;36:*.oga=00;36:*.opus=00;36:*.spx=00;36:*.xspf=00;36:'), ('AMENT_PREFIX_PATH', '/opt/ros/humble'), ('SHELL', '/bin/bash'), ('LESSCLOSE', '/usr/bin/lesspipe %s %s'), ('PWD', '/home/kishu/roboticslab-technical-project/ros2_ws/build/robotiq_85_msgs'), ('TURTLEBOT3_MODEL', 'waffle_pi'), ('XDG_DATA_DIRS', '/usr/local/share:/usr/share:/var/lib/snapd/desktop'), ('PYTHONPATH', '/opt/ros/humble/lib/python3.10/site-packages:/opt/ros/humble/local/lib/python3.10/dist-packages'), ('COLCON', '1'), ('WSL2_GUI_APPS_ENABLED', '1'), ('HOSTTYPE', 'x86_64'), ('WSLENV', ''), ('CMAKE_PREFIX_PATH', '/opt/ros/humble')]), 'shell': False}
[1.127332] (gazebo_ros_link_attacher) StdoutLine: {'line': b'running egg_info\n'}
[1.128700] (gazebo_ros_link_attacher) StdoutLine: {'line': b'writing gazebo_ros_link_attacher.egg-info/PKG-INFO\n'}
[1.129241] (gazebo_ros_link_attacher) StdoutLine: {'line': b'writing dependency_links to gazebo_ros_link_attacher.egg-info/dependency_links.txt\n'}
[1.129679] (gazebo_ros_link_attacher) StdoutLine: {'line': b'writing top-level names to gazebo_ros_link_attacher.egg-info/top_level.txt\n'}
[1.132220] (robotiq_85_msgs) StdoutLine: {'line': b'-- Install configuration: ""\n'}
[1.133377] (robotiq_85_msgs) StdoutLine: {'line': b'-- Execute custom install script\n'}
[1.133977] (robotiq_85_msgs) StdoutLine: {'line': b'-- Up-to-date symlink: /home/kishu/roboticslab-technical-project/ros2_ws/install/robotiq_85_msgs/share/ament_index/resource_index/rosidl_interfaces/robotiq_85_msgs\n'}
[1.134536] (gazebo_ros_link_attacher) StdoutLine: {'line': b"reading manifest file 'gazebo_ros_link_attacher.egg-info/SOURCES.txt'\n"}
[1.135096] (robotiq_85_msgs) StdoutLine: {'line': b'-- Up-to-date symlink: /home/kishu/roboticslab-technical-project/ros2_ws/install/robotiq_85_msgs/include/robotiq_85_msgs/robotiq_85_msgs/msg/detail/gripper_cmd__functions.h\n'}
[1.135392] (robotiq_85_msgs) StdoutLine: {'line': b'-- Up-to-date symlink: /home/kishu/roboticslab-technical-project/ros2_ws/install/robotiq_85_msgs/include/robotiq_85_msgs/robotiq_85_msgs/msg/detail/gripper_cmd__struct.h\n'}
[1.135774] (robotiq_85_msgs) StdoutLine: {'line': b'-- Up-to-date symlink: /home/kishu/roboticslab-technical-project/ros2_ws/install/robotiq_85_msgs/include/robotiq_85_msgs/robotiq_85_msgs/msg/detail/gripper_cmd__type_support.h\n'}
[1.136029] (gazebo_ros_link_attacher) StdoutLine: {'line': b"writing manifest file 'gazebo_ros_link_attacher.egg-info/SOURCES.txt'\n"}
[1.136586] (robotiq_85_msgs) StdoutLine: {'line': b'-- Up-to-date symlink: /home/kishu/roboticslab-technical-project/ros2_ws/install/robotiq_85_msgs/include/robotiq_85_msgs/robotiq_85_msgs/msg/detail/gripper_stat__functions.h\n'}
[1.136803] (robotiq_85_msgs) StdoutLine: {'line': b'-- Up-to-date symlink: /home/kishu/roboticslab-technical-project/ros2_ws/install/robotiq_85_msgs/include/robotiq_85_msgs/robotiq_85_msgs/msg/detail/gripper_stat__struct.h\n'}
[1.137129] (robotiq_85_msgs) StdoutLine: {'line': b'-- Up-to-date symlink: /home/kishu/roboticslab-technical-project/ros2_ws/install/robotiq_85_msgs/include/robotiq_85_msgs/robotiq_85_msgs/msg/detail/gripper_stat__type_support.h\n'}
[1.137453] (robotiq_85_msgs) StdoutLine: {'line': b'-- Up-to-date symlink: /home/kishu/roboticslab-technical-project/ros2_ws/install/robotiq_85_msgs/include/robotiq_85_msgs/robotiq_85_msgs/msg/gripper_cmd.h\n'}
[1.137735] (robotiq_85_msgs) StdoutLine: {'line': b'-- Up-to-date symlink: /home/kishu/roboticslab-technical-project/ros2_ws/install/robotiq_85_msgs/include/robotiq_85_msgs/robotiq_85_msgs/msg/gripper_stat.h\n'}
[1.137958] (robotiq_85_msgs) StdoutLine: {'line': b'-- Up-to-date symlink: /home/kishu/roboticslab-technical-project/ros2_ws/install/robotiq_85_msgs/include/robotiq_85_msgs/robotiq_85_msgs/msg/rosidl_generator_c__visibility_control.h\n'}
[1.138215] (robotiq_85_msgs) StdoutLine: {'line': b'-- Up-to-date symlink: /home/kishu/roboticslab-technical-project/ros2_ws/install/robotiq_85_msgs/share/robotiq_85_msgs/environment/library_path.sh\n'}
[1.138601] (robotiq_85_msgs) StdoutLine: {'line': b'-- Up-to-date symlink: /home/kishu/roboticslab-technical-project/ros2_ws/install/robotiq_85_msgs/share/robotiq_85_msgs/environment/library_path.dsv\n'}
[1.139952] (robotiq_85_msgs) StdoutLine: {'line': b'-- Up-to-date symlink: /home/kishu/roboticslab-technical-project/ros2_ws/install/robotiq_85_msgs/include/robotiq_85_msgs/robotiq_85_msgs/msg/detail/gripper_cmd__rosidl_typesupport_fastrtps_c.h\n'}
[1.140523] (robotiq_85_msgs) StdoutLine: {'line': b'-- Up-to-date symlink: /home/kishu/roboticslab-technical-project/ros2_ws/install/robotiq_85_msgs/include/robotiq_85_msgs/robotiq_85_msgs/msg/detail/gripper_stat__rosidl_typesupport_fastrtps_c.h\n'}
[1.140838] (robotiq_85_msgs) StdoutLine: {'line': b'-- Up-to-date symlink: /home/kishu/roboticslab-technical-project/ros2_ws/install/robotiq_85_msgs/include/robotiq_85_msgs/robotiq_85_msgs/msg/rosidl_typesupport_fastrtps_c__visibility_control.h\n'}
[1.141521] (robotiq_85_msgs) StdoutLine: {'line': b'-- Up-to-date symlink: /home/kishu/roboticslab-technical-project/ros2_ws/install/robotiq_85_msgs/include/robotiq_85_msgs/robotiq_85_msgs/msg/detail/gripper_cmd__builder.hpp\n'}
[1.141905] (robotiq_85_msgs) StdoutLine: {'line': b'-- Up-to-date symlink: /home/kishu/roboticslab-technical-project/ros2_ws/install/robotiq_85_msgs/include/robotiq_85_msgs/robotiq_85_msgs/msg/detail/gripper_cmd__struct.hpp\n'}
[1.142289] (robotiq_85_msgs) StdoutLine: {'line': b'-- Up-to-date symlink: /home/kishu/roboticslab-technical-project/ros2_ws/install/robotiq_85_msgs/include/robotiq_85_msgs/robotiq_85_msgs/msg/detail/gripper_cmd__traits.hpp\n'}
[1.142528] (robotiq_85_msgs) StdoutLine: {'line': b'-- Up-to-date symlink: /home/kishu/roboticslab-technical-project/ros2_ws/install/robotiq_85_msgs/include/robotiq_85_msgs/robotiq_85_msgs/msg/detail/gripper_cmd__type_support.hpp\n'}
[1.142792] (robotiq_85_msgs) StdoutLine: {'line': b'-- Up-to-date symlink: /home/kishu/roboticslab-technical-project/ros2_ws/install/robotiq_85_msgs/include/robotiq_85_msgs/robotiq_85_msgs/msg/detail/gripper_stat__builder.hpp\n'}
[1.143205] (robotiq_85_msgs) StdoutLine: {'line': b'-- Up-to-date symlink: /home/kishu/roboticslab-technical-project/ros2_ws/install/robotiq_85_msgs/include/robotiq_85_msgs/robotiq_85_msgs/msg/detail/gripper_stat__struct.hpp\n'}
[1.143487] (robotiq_85_msgs) StdoutLine: {'line': b'-- Up-to-date symlink: /home/kishu/roboticslab-technical-project/ros2_ws/install/robotiq_85_msgs/include/robotiq_85_msgs/robotiq_85_msgs/msg/detail/gripper_stat__traits.hpp\n'}
[1.143732] (robotiq_85_msgs) StdoutLine: {'line': b'-- Up-to-date symlink: /home/kishu/roboticslab-technical-project/ros2_ws/install/robotiq_85_msgs/include/robotiq_85_msgs/robotiq_85_msgs/msg/detail/gripper_stat__type_support.hpp\n'}
[1.144048] (robotiq_85_msgs) StdoutLine: {'line': b'-- Up-to-date symlink: /home/kishu/roboticslab-technical-project/ros2_ws/install/robotiq_85_msgs/include/robotiq_85_msgs/robotiq_85_msgs/msg/gripper_cmd.hpp\n'}
[1.155689] (robotiq_85_msgs) StdoutLine: {'line': b'-- Up-to-date symlink: /home/kishu/roboticslab-technical-project/ros2_ws/install/robotiq_85_msgs/include/robotiq_85_msgs/robotiq_85_msgs/msg/gripper_stat.hpp\n'}
[1.156347] (robotiq_85_msgs) StdoutLine: {'line': b'-- Up-to-date symlink: /home/kishu/roboticslab-technical-project/ros2_ws/install/robotiq_85_msgs/include/robotiq_85_msgs/robotiq_85_msgs/msg/rosidl_generator_cpp__visibility_control.hpp\n'}
[1.157253] (robotiq_85_msgs) StdoutLine: {'line': b'-- Up-to-date symlink: /home/kishu/roboticslab-technical-project/ros2_ws/install/robotiq_85_msgs/include/robotiq_85_msgs/robotiq_85_msgs/msg/detail/gripper_cmd__rosidl_typesupport_fastrtps_cpp.hpp\n'}
[1.157509] (robotiq_85_msgs) StdoutLine: {'line': b'-- Up-to-date symlink: /home/kishu/roboticslab-technical-project/ros2_ws/install/robotiq_85_msgs/include/robotiq_85_msgs/robotiq_85_msgs/msg/detail/gripper_stat__rosidl_typesupport_fastrtps_cpp.hpp\n'}
[1.157700] (robotiq_85_msgs) StdoutLine: {'line': b'-- Up-to-date symlink: /home/kishu/roboticslab-technical-project/ros2_ws/install/robotiq_85_msgs/include/robotiq_85_msgs/robotiq_85_msgs/msg/rosidl_typesupport_fastrtps_cpp__visibility_control.h\n'}
[1.157863] (robotiq_85_msgs) StdoutLine: {'line': b'-- Up-to-date symlink: /home/kishu/roboticslab-technical-project/ros2_ws/install/robotiq_85_msgs/include/robotiq_85_msgs/robotiq_85_msgs/msg/detail/gripper_cmd__rosidl_typesupport_introspection_c.h\n'}
[1.158016] (robotiq_85_msgs) StdoutLine: {'line': b'-- Up-to-date symlink: /home/kishu/roboticslab-technical-project/ros2_ws/install/robotiq_85_msgs/include/robotiq_85_msgs/robotiq_85_msgs/msg/detail/gripper_stat__rosidl_typesupport_introspection_c.h\n'}
[1.159725] (robotiq_85_msgs) StdoutLine: {'line': b'-- Up-to-date symlink: /home/kishu/roboticslab-technical-project/ros2_ws/install/robotiq_85_msgs/include/robotiq_85_msgs/robotiq_85_msgs/msg/rosidl_typesupport_introspection_c__visibility_control.h\n'}
[1.160080] (robotiq_85_msgs) StdoutLine: {'line': b'-- Up-to-date symlink: /home/kishu/roboticslab-technical-project/ros2_ws/install/robotiq_85_msgs/include/robotiq_85_msgs/robotiq_85_msgs/msg/detail/gripper_cmd__rosidl_typesupport_introspection_cpp.hpp\n'}
[1.160337] (robotiq_85_msgs) StdoutLine: {'line': b'-- Up-to-date symlink: /home/kishu/roboticslab-technical-project/ros2_ws/install/robotiq_85_msgs/include/robotiq_85_msgs/robotiq_85_msgs/msg/detail/gripper_stat__rosidl_typesupport_introspection_cpp.hpp\n'}
[1.160663] (robotiq_85_msgs) StdoutLine: {'line': b'-- Up-to-date symlink: /home/kishu/roboticslab-technical-project/ros2_ws/install/robotiq_85_msgs/share/robotiq_85_msgs/environment/pythonpath.sh\n'}
[1.160898] (robotiq_85_msgs) StdoutLine: {'line': b'-- Up-to-date symlink: /home/kishu/roboticslab-technical-project/ros2_ws/install/robotiq_85_msgs/share/robotiq_85_msgs/environment/pythonpath.dsv\n'}
[1.161312] (robotiq_85_msgs) StdoutLine: {'line': b'-- Up-to-date symlink: /home/kishu/roboticslab-technical-project/ros2_ws/install/robotiq_85_msgs/local/lib/python3.10/dist-packages/robotiq_85_msgs-1.0.1-py3.10.egg-info/PKG-INFO\n'}
[1.171455] (robotiq_85_msgs) StdoutLine: {'line': b'-- Up-to-date symlink: /home/kishu/roboticslab-technical-project/ros2_ws/install/robotiq_85_msgs/local/lib/python3.10/dist-packages/robotiq_85_msgs-1.0.1-py3.10.egg-info/SOURCES.txt\n'}
[1.172169] (robotiq_85_msgs) StdoutLine: {'line': b'-- Up-to-date symlink: /home/kishu/roboticslab-technical-project/ros2_ws/install/robotiq_85_msgs/local/lib/python3.10/dist-packages/robotiq_85_msgs-1.0.1-py3.10.egg-info/dependency_links.txt\n'}
[1.172461] (robotiq_85_msgs) StdoutLine: {'line': b'-- Up-to-date symlink: /home/kishu/roboticslab-technical-project/ros2_ws/install/robotiq_85_msgs/local/lib/python3.10/dist-packages/robotiq_85_msgs-1.0.1-py3.10.egg-info/top_level.txt\n'}
[1.172686] (robotiq_85_msgs) StdoutLine: {'line': b'-- Up-to-date symlink: /home/kishu/roboticslab-technical-project/ros2_ws/install/robotiq_85_msgs/local/lib/python3.10/dist-packages/robotiq_85_msgs/__init__.py\n'}
[1.172942] (robotiq_85_msgs) StdoutLine: {'line': b'-- Up-to-date symlink: /home/kishu/roboticslab-technical-project/ros2_ws/install/robotiq_85_msgs/local/lib/python3.10/dist-packages/robotiq_85_msgs/_robotiq_85_msgs_s.ep.rosidl_typesupport_c.c\n'}
[1.173150] (robotiq_85_msgs) StdoutLine: {'line': b'-- Up-to-date symlink: /home/kishu/roboticslab-technical-project/ros2_ws/install/robotiq_85_msgs/local/lib/python3.10/dist-packages/robotiq_85_msgs/_robotiq_85_msgs_s.ep.rosidl_typesupport_fastrtps_c.c\n'}
[1.173348] (robotiq_85_msgs) StdoutLine: {'line': b'-- Up-to-date symlink: /home/kishu/roboticslab-technical-project/ros2_ws/install/robotiq_85_msgs/local/lib/python3.10/dist-packages/robotiq_85_msgs/_robotiq_85_msgs_s.ep.rosidl_typesupport_introspection_c.c\n'}
[1.173535] (robotiq_85_msgs) StdoutLine: {'line': b'-- Up-to-date symlink: /home/kishu/roboticslab-technical-project/ros2_ws/install/robotiq_85_msgs/local/lib/python3.10/dist-packages/robotiq_85_msgs/librobotiq_85_msgs__rosidl_generator_py.so\n'}
[1.173781] (robotiq_85_msgs) StdoutLine: {'line': b'-- Up-to-date symlink: /home/kishu/roboticslab-technical-project/ros2_ws/install/robotiq_85_msgs/local/lib/python3.10/dist-packages/robotiq_85_msgs/msg/__init__.py\n'}
[1.174122] (robotiq_85_msgs) StdoutLine: {'line': b'-- Up-to-date symlink: /home/kishu/roboticslab-technical-project/ros2_ws/install/robotiq_85_msgs/local/lib/python3.10/dist-packages/robotiq_85_msgs/msg/_gripper_cmd.py\n'}
[1.174308] (robotiq_85_msgs) StdoutLine: {'line': b'-- Up-to-date symlink: /home/kishu/roboticslab-technical-project/ros2_ws/install/robotiq_85_msgs/local/lib/python3.10/dist-packages/robotiq_85_msgs/msg/_gripper_cmd_s.c\n'}
[1.174497] (robotiq_85_msgs) StdoutLine: {'line': b'-- Up-to-date symlink: /home/kishu/roboticslab-technical-project/ros2_ws/install/robotiq_85_msgs/local/lib/python3.10/dist-packages/robotiq_85_msgs/msg/_gripper_stat.py\n'}
[1.174722] (robotiq_85_msgs) StdoutLine: {'line': b'-- Up-to-date symlink: /home/kishu/roboticslab-technical-project/ros2_ws/install/robotiq_85_msgs/local/lib/python3.10/dist-packages/robotiq_85_msgs/msg/_gripper_stat_s.c\n'}
[1.174954] (robotiq_85_msgs) StdoutLine: {'line': b'-- Up-to-date symlink: /home/kishu/roboticslab-technical-project/ros2_ws/install/robotiq_85_msgs/local/lib/python3.10/dist-packages/robotiq_85_msgs/robotiq_85_msgs_s__rosidl_typesupport_c.cpython-310-x86_64-linux-gnu.so\n'}
[1.175465] (robotiq_85_msgs) StdoutLine: {'line': b'-- Up-to-date symlink: /home/kishu/roboticslab-technical-project/ros2_ws/install/robotiq_85_msgs/local/lib/python3.10/dist-packages/robotiq_85_msgs/robotiq_85_msgs_s__rosidl_typesupport_fastrtps_c.cpython-310-x86_64-linux-gnu.so\n'}
[1.175715] (robotiq_85_msgs) StdoutLine: {'line': b'-- Up-to-date symlink: /home/kishu/roboticslab-technical-project/ros2_ws/install/robotiq_85_msgs/local/lib/python3.10/dist-packages/robotiq_85_msgs/robotiq_85_msgs_s__rosidl_typesupport_introspection_c.cpython-310-x86_64-linux-gnu.so\n'}
[1.175911] (robotiq_85_msgs) StdoutLine: {'line': b'-- Up-to-date symlink: /home/kishu/roboticslab-technical-project/ros2_ws/install/robotiq_85_msgs/local/lib/python3.10/dist-packages/robotiq_85_msgs/robotiq_85_msgs_s__rosidl_typesupport_fastrtps_c.cpython-310-x86_64-linux-gnu.so\n'}
[1.176067] (robotiq_85_msgs) StdoutLine: {'line': b'-- Up-to-date symlink: /home/kishu/roboticslab-technical-project/ros2_ws/install/robotiq_85_msgs/local/lib/python3.10/dist-packages/robotiq_85_msgs/robotiq_85_msgs_s__rosidl_typesupport_introspection_c.cpython-310-x86_64-linux-gnu.so\n'}
[1.176222] (robotiq_85_msgs) StdoutLine: {'line': b'-- Up-to-date symlink: /home/kishu/roboticslab-technical-project/ros2_ws/install/robotiq_85_msgs/local/lib/python3.10/dist-packages/robotiq_85_msgs/robotiq_85_msgs_s__rosidl_typesupport_c.cpython-310-x86_64-linux-gnu.so\n'}
[1.180155] (robotiq_85_msgs) StdoutLine: {'line': b'-- Up-to-date symlink: /home/kishu/roboticslab-technical-project/ros2_ws/install/robotiq_85_msgs/share/robotiq_85_msgs/msg/GripperCmd.idl\n'}
[1.187644] (robotiq_85_msgs) StdoutLine: {'line': b'-- Up-to-date symlink: /home/kishu/roboticslab-technical-project/ros2_ws/install/robotiq_85_msgs/share/robotiq_85_msgs/msg/GripperStat.idl\n'}
[1.188005] (robotiq_85_msgs) StdoutLine: {'line': b'-- Up-to-date symlink: /home/kishu/roboticslab-technical-project/ros2_ws/install/robotiq_85_msgs/share/robotiq_85_msgs/msg/GripperCmd.msg\n'}
[1.188235] (robotiq_85_msgs) StdoutLine: {'line': b'-- Up-to-date symlink: /home/kishu/roboticslab-technical-project/ros2_ws/install/robotiq_85_msgs/share/robotiq_85_msgs/msg/GripperStat.msg\n'}
[1.188440] (robotiq_85_msgs) StdoutLine: {'line': b'-- Up-to-date symlink: /home/kishu/roboticslab-technical-project/ros2_ws/install/robotiq_85_msgs/share/ament_index/resource_index/package_run_dependencies/robotiq_85_msgs\n'}
[1.188664] (robotiq_85_msgs) StdoutLine: {'line': b'-- Up-to-date symlink: /home/kishu/roboticslab-technical-project/ros2_ws/install/robotiq_85_msgs/share/ament_index/resource_index/parent_prefix_path/robotiq_85_msgs\n'}
[1.189622] (robotiq_85_msgs) StdoutLine: {'line': b'-- Up-to-date symlink: /home/kishu/roboticslab-technical-project/ros2_ws/install/robotiq_85_msgs/share/robotiq_85_msgs/environment/ament_prefix_path.sh\n'}
[1.190165] (robotiq_85_msgs) StdoutLine: {'line': b'-- Up-to-date symlink: /home/kishu/roboticslab-technical-project/ros2_ws/install/robotiq_85_msgs/share/robotiq_85_msgs/environment/ament_prefix_path.dsv\n'}
[1.190385] (robotiq_85_msgs) StdoutLine: {'line': b'-- Up-to-date symlink: /home/kishu/roboticslab-technical-project/ros2_ws/install/robotiq_85_msgs/share/robotiq_85_msgs/environment/path.sh\n'}
[1.191669] (robotiq_85_msgs) StdoutLine: {'line': b'-- Up-to-date symlink: /home/kishu/roboticslab-technical-project/ros2_ws/install/robotiq_85_msgs/share/robotiq_85_msgs/environment/path.dsv\n'}
[1.192232] (robotiq_85_msgs) StdoutLine: {'line': b'-- Up-to-date symlink: /home/kishu/roboticslab-technical-project/ros2_ws/install/robotiq_85_msgs/share/robotiq_85_msgs/local_setup.bash\n'}
[1.192570] (robotiq_85_msgs) StdoutLine: {'line': b'-- Up-to-date symlink: /home/kishu/roboticslab-technical-project/ros2_ws/install/robotiq_85_msgs/share/robotiq_85_msgs/local_setup.sh\n'}
[1.192937] (robotiq_85_msgs) StdoutLine: {'line': b'-- Up-to-date symlink: /home/kishu/roboticslab-technical-project/ros2_ws/install/robotiq_85_msgs/share/robotiq_85_msgs/local_setup.zsh\n'}
[1.193260] (robotiq_85_msgs) StdoutLine: {'line': b'-- Up-to-date symlink: /home/kishu/roboticslab-technical-project/ros2_ws/install/robotiq_85_msgs/share/robotiq_85_msgs/local_setup.dsv\n'}
[1.193646] (robotiq_85_msgs) StdoutLine: {'line': b'-- Symlinking: /home/kishu/roboticslab-technical-project/ros2_ws/install/robotiq_85_msgs/share/robotiq_85_msgs/package.dsv\n'}
[1.211624] (-) TimerEvent: {}
[1.224250] (robotiq_85_msgs) StdoutLine: {'line': b'-- Up-to-date symlink: /home/kishu/roboticslab-technical-project/ros2_ws/install/robotiq_85_msgs/share/ament_index/resource_index/packages/robotiq_85_msgs\n'}
[1.225291] (robotiq_85_msgs) StdoutLine: {'line': b'-- Up-to-date symlink: /home/kishu/roboticslab-technical-project/ros2_ws/install/robotiq_85_msgs/share/robotiq_85_msgs/cmake/rosidl_cmake-extras.cmake\n'}
[1.227718] (robotiq_85_msgs) StdoutLine: {'line': b'-- Up-to-date symlink: /home/kishu/roboticslab-technical-project/ros2_ws/install/robotiq_85_msgs/share/robotiq_85_msgs/cmake/ament_cmake_export_dependencies-extras.cmake\n'}
[1.227989] (robotiq_85_msgs) StdoutLine: {'line': b'-- Up-to-date symlink: /home/kishu/roboticslab-technical-project/ros2_ws/install/robotiq_85_msgs/share/robotiq_85_msgs/cmake/ament_cmake_export_include_directories-extras.cmake\n'}
[1.228212] (robotiq_85_msgs) StdoutLine: {'line': b'-- Up-to-date symlink: /home/kishu/roboticslab-technical-project/ros2_ws/install/robotiq_85_msgs/share/robotiq_85_msgs/cmake/ament_cmake_export_libraries-extras.cmake\n'}
[1.228367] (robotiq_85_msgs) StdoutLine: {'line': b'-- Up-to-date symlink: /home/kishu/roboticslab-technical-project/ros2_ws/install/robotiq_85_msgs/share/robotiq_85_msgs/cmake/ament_cmake_export_targets-extras.cmake\n'}
[1.232465] (robotiq_85_msgs) StdoutLine: {'line': b'-- Up-to-date symlink: /home/kishu/roboticslab-technical-project/ros2_ws/install/robotiq_85_msgs/share/robotiq_85_msgs/cmake/rosidl_cmake_export_typesupport_targets-extras.cmake\n'}
[1.232829] (robotiq_85_msgs) StdoutLine: {'line': b'-- Up-to-date symlink: /home/kishu/roboticslab-technical-project/ros2_ws/install/robotiq_85_msgs/share/robotiq_85_msgs/cmake/rosidl_cmake_export_typesupport_libraries-extras.cmake\n'}
[1.233504] (robotiq_85_msgs) StdoutLine: {'line': b'-- Up-to-date symlink: /home/kishu/roboticslab-technical-project/ros2_ws/install/robotiq_85_msgs/share/robotiq_85_msgs/cmake/robotiq_85_msgsConfig.cmake\n'}
[1.233854] (robotiq_85_msgs) StdoutLine: {'line': b'-- Up-to-date symlink: /home/kishu/roboticslab-technical-project/ros2_ws/install/robotiq_85_msgs/share/robotiq_85_msgs/cmake/robotiq_85_msgsConfig-version.cmake\n'}
[1.234181] (robotiq_85_msgs) StdoutLine: {'line': b'-- Up-to-date symlink: /home/kishu/roboticslab-technical-project/ros2_ws/install/robotiq_85_msgs/share/robotiq_85_msgs/package.xml\n'}
[1.234669] (robotiq_85_msgs) StdoutLine: {'line': b'-- Up-to-date: /home/kishu/roboticslab-technical-project/ros2_ws/install/robotiq_85_msgs/lib/librobotiq_85_msgs__rosidl_generator_c.so\n'}
[1.235462] (robotiq_85_msgs) StdoutLine: {'line': b'-- Up-to-date: /home/kishu/roboticslab-technical-project/ros2_ws/install/robotiq_85_msgs/lib/librobotiq_85_msgs__rosidl_typesupport_fastrtps_c.so\n'}
[1.236042] (robotiq_85_msgs) StdoutLine: {'line': b'-- Up-to-date: /home/kishu/roboticslab-technical-project/ros2_ws/install/robotiq_85_msgs/lib/librobotiq_85_msgs__rosidl_typesupport_fastrtps_cpp.so\n'}
[1.236575] (robotiq_85_msgs) StdoutLine: {'line': b'-- Up-to-date: /home/kishu/roboticslab-technical-project/ros2_ws/install/robotiq_85_msgs/lib/librobotiq_85_msgs__rosidl_typesupport_introspection_c.so\n'}
[1.237105] (robotiq_85_msgs) StdoutLine: {'line': b'-- Up-to-date: /home/kishu/roboticslab-technical-project/ros2_ws/install/robotiq_85_msgs/lib/librobotiq_85_msgs__rosidl_typesupport_c.so\n'}
[1.237628] (robotiq_85_msgs) StdoutLine: {'line': b'-- Up-to-date: /home/kishu/roboticslab-technical-project/ros2_ws/install/robotiq_85_msgs/lib/librobotiq_85_msgs__rosidl_typesupport_introspection_cpp.so\n'}
[1.238182] (robotiq_85_msgs) StdoutLine: {'line': b'-- Up-to-date: /home/kishu/roboticslab-technical-project/ros2_ws/install/robotiq_85_msgs/lib/librobotiq_85_msgs__rosidl_typesupport_cpp.so\n'}
[1.246243] (gazebo_ros_link_attacher) StdoutLine: {'line': b'[100%] Built target ament_cmake_python_build_gazebo_ros_link_attacher_egg\n'}
[1.272793] (gazebo_ros_link_attacher) CommandEnded: {'returncode': 0}
[1.273463] (gazebo_ros_link_attacher) JobProgress: {'identifier': 'gazebo_ros_link_attacher', 'progress': 'install'}
[1.273535] (gazebo_ros_link_attacher) Command: {'cmd': ['/usr/bin/cmake', '--install', '/home/kishu/roboticslab-technical-project/ros2_ws/build/gazebo_ros_link_attacher'], 'cwd': '/home/kishu/roboticslab-technical-project/ros2_ws/build/gazebo_ros_link_attacher', 'env': OrderedDict([('LESSOPEN', '| /usr/bin/lesspipe %s'), ('USER', 'kishu'), ('SHLVL', '1'), ('LD_LIBRARY_PATH', '/usr/lib/x86_64-linux-gnu/gazebo-11/plugins:/opt/ros/humble/opt/rviz_ogre_vendor/lib:/opt/ros/humble/lib/x86_64-linux-gnu:/opt/ros/humble/lib'), ('HOME', '/home/kishu'), ('OLDPWD', '/home/kishu'), ('ROS_PYTHON_VERSION', '3'), ('DBUS_SESSION_BUS_ADDRESS', 'unix:path=/run/user/1000/bus'), ('WSL_DISTRO_NAME', 'Ubuntu-22.04'), ('WAYLAND_DISPLAY', 'wayland-0'), ('ROS_DISTRO', 'humble'), ('LOGNAME', 'kishu'), ('NAME', 'DESKTOP-07TM2Q3'), ('WSL_INTEROP', '/run/WSL/4941_interop'), ('PULSE_SERVER', 'unix:/mnt/wslg/PulseServer'), ('_', '/usr/bin/colcon'), ('ROS_VERSION', '2'), ('TERM', 'xterm-256color'), ('GAZEBO_MODEL_PATH', '/home/kishu/roboticslab-technical-project/models::/opt/ros/humble/share/turtlebot3_gazebo/models'), ('ROS_LOCALHOST_ONLY', '0'), ('PATH', '/home/kishu/.local/bin:/opt/ros/humble/bin:/usr/local/sbin:/usr/local/bin:/usr/sbin:/usr/bin:/sbin:/bin:/usr/games:/usr/local/games:/usr/lib/wsl/lib:/mnt/c/Program Files/WindowsApps/CanonicalGroupLimited.Ubuntu22.04LTS_2204.5.10021.0_x64__79rhkp1fndgsc:/mnt/c/Windows/system32:/mnt/c/Windows:/mnt/c/Windows/System32/Wbem:/mnt/c/Windows/System32/WindowsPowerShell/v1.0/:/mnt/c/Windows/System32/OpenSSH/:/mnt/c/Program Files/Git/cmd:/mnt/c/Users/Mohamad/AppData/Local/Microsoft/WindowsApps:/mnt/c/Users/Mohamad/AppData/Local/Programs/Microsoft VS Code/bin:/mnt/c/Users/Mohamad/AppData/Local/GitHubDesktop/bin:/snap/bin'), ('XDG_RUNTIME_DIR', '/run/user/1000/'), ('DISPLAY', ':0'), ('LANG', 'C.UTF-8'), ('LS_COLORS', 'rs=0:di=01;34:ln=01;36:mh=00:pi=40;33:so=01;35:do=01;35:bd=40;33;01:cd=40;33;01:or=40;31;01:mi=00:su=37;41:sg=30;43:ca=30;41:tw=30;42:ow=34;42:st=37;44:ex=01;32:*.tar=01;31:*.tgz=01;31:*.arc=01;31:*.arj=01;31:*.taz=01;31:*.lha=01;31:*.lz4=01;31:*.lzh=01;31:*.lzma=01;31:*.tlz=01;31:*.txz=01;31:*.tzo=01;31:*.t7z=01;31:*.zip=01;31:*.z=01;31:*.dz=01;31:*.gz=01;31:*.lrz=01;31:*.lz=01;31:*.lzo=01;31:*.xz=01;31:*.zst=01;31:*.tzst=01;31:*.bz2=01;31:*.bz=01;31:*.tbz=01;31:*.tbz2=01;31:*.tz=01;31:*.deb=01;31:*.rpm=01;31:*.jar=01;31:*.war=01;31:*.ear=01;31:*.sar=01;31:*.rar=01;31:*.alz=01;31:*.ace=01;31:*.zoo=01;31:*.cpio=01;31:*.7z=01;31:*.rz=01;31:*.cab=01;31:*.wim=01;31:*.swm=01;31:*.dwm=01;31:*.esd=01;31:*.jpg=01;35:*.jpeg=01;35:*.mjpg=01;35:*.mjpeg=01;35:*.gif=01;35:*.bmp=01;35:*.pbm=01;35:*.pgm=01;35:*.ppm=01;35:*.tga=01;35:*.xbm=01;35:*.xpm=01;35:*.tif=01;35:*.tiff=01;35:*.png=01;35:*.svg=01;35:*.svgz=01;35:*.mng=01;35:*.pcx=01;35:*.mov=01;35:*.mpg=01;35:*.mpeg=01;35:*.m2v=01;35:*.mkv=01;35:*.webm=01;35:*.webp=01;35:*.ogm=01;35:*.mp4=01;35:*.m4v=01;35:*.mp4v=01;35:*.vob=01;35:*.qt=01;35:*.nuv=01;35:*.wmv=01;35:*.asf=01;35:*.rm=01;35:*.rmvb=01;35:*.flc=01;35:*.avi=01;35:*.fli=01;35:*.flv=01;35:*.gl=01;35:*.dl=01;35:*.xcf=01;35:*.xwd=01;35:*.yuv=01;35:*.cgm=01;35:*.emf=01;35:*.ogv=01;35:*.ogx=01;35:*.aac=00;36:*.au=00;36:*.flac=00;36:*.m4a=00;36:*.mid=00;36:*.midi=00;36:*.mka=00;36:*.mp3=00;36:*.mpc=00;36:*.ogg=00;36:*.ra=00;36:*.wav=00;36:*.oga=00;36:*.opus=00;36:*.spx=00;36:*.xspf=00;36:'), ('AMENT_PREFIX_PATH', '/opt/ros/humble'), ('SHELL', '/bin/bash'), ('LESSCLOSE', '/usr/bin/lesspipe %s %s'), ('PWD', '/home/kishu/roboticslab-technical-project/ros2_ws/build/gazebo_ros_link_attacher'), ('TURTLEBOT3_MODEL', 'waffle_pi'), ('XDG_DATA_DIRS', '/usr/local/share:/usr/share:/var/lib/snapd/desktop'), ('PYTHONPATH', '/opt/ros/humble/lib/python3.10/site-packages:/opt/ros/humble/local/lib/python3.10/dist-packages'), ('COLCON', '1'), ('WSL2_GUI_APPS_ENABLED', '1'), ('HOSTTYPE', 'x86_64'), ('WSLENV', ''), ('CMAKE_PREFIX_PATH', '/opt/ros/humble')]), 'shell': False}
[1.288911] (gazebo_ros_link_attacher) StdoutLine: {'line': b'-- Install configuration: ""\n'}
[1.289985] (robotiq_85_msgs) StdoutLine: {'line': b"Listing '/home/kishu/roboticslab-technical-project/ros2_ws/install/robotiq_85_msgs/local/lib/python3.10/dist-packages/robotiq_85_msgs'...\n"}
[1.290360] (gazebo_ros_link_attacher) StdoutLine: {'line': b'-- Execute custom install script\n'}
[1.290559] (robotiq_85_msgs) StdoutLine: {'line': b"Listing '/home/kishu/roboticslab-technical-project/ros2_ws/install/robotiq_85_msgs/local/lib/python3.10/dist-packages/robotiq_85_msgs/msg'...\n"}
[1.290852] (gazebo_ros_link_attacher) StdoutLine: {'line': b'-- Up-to-date symlink: /home/kishu/roboticslab-technical-project/ros2_ws/install/gazebo_ros_link_attacher/share/ament_index/resource_index/rosidl_interfaces/gazebo_ros_link_attacher\n'}
[1.291782] (gazebo_ros_link_attacher) StdoutLine: {'line': b'-- Up-to-date symlink: /home/kishu/roboticslab-technical-project/ros2_ws/install/gazebo_ros_link_attacher/include/gazebo_ros_link_attacher/gazebo_ros_link_attacher/msg/rosidl_generator_c__visibility_control.h\n'}
[1.292406] (gazebo_ros_link_attacher) StdoutLine: {'line': b'-- Up-to-date symlink: /home/kishu/roboticslab-technical-project/ros2_ws/install/gazebo_ros_link_attacher/include/gazebo_ros_link_attacher/gazebo_ros_link_attacher/srv/attach.h\n'}
[1.292647] (gazebo_ros_link_attacher) StdoutLine: {'line': b'-- Up-to-date symlink: /home/kishu/roboticslab-technical-project/ros2_ws/install/gazebo_ros_link_attacher/include/gazebo_ros_link_attacher/gazebo_ros_link_attacher/srv/detail/attach__functions.h\n'}
[1.292958] (gazebo_ros_link_attacher) StdoutLine: {'line': b'-- Up-to-date symlink: /home/kishu/roboticslab-technical-project/ros2_ws/install/gazebo_ros_link_attacher/include/gazebo_ros_link_attacher/gazebo_ros_link_attacher/srv/detail/attach__struct.h\n'}
[1.293215] (gazebo_ros_link_attacher) StdoutLine: {'line': b'-- Up-to-date symlink: /home/kishu/roboticslab-technical-project/ros2_ws/install/gazebo_ros_link_attacher/include/gazebo_ros_link_attacher/gazebo_ros_link_attacher/srv/detail/attach__type_support.h\n'}
[1.293676] (gazebo_ros_link_attacher) StdoutLine: {'line': b'-- Up-to-date symlink: /home/kishu/roboticslab-technical-project/ros2_ws/install/gazebo_ros_link_attacher/share/gazebo_ros_link_attacher/environment/library_path.sh\n'}
[1.294165] (gazebo_ros_link_attacher) StdoutLine: {'line': b'-- Up-to-date symlink: /home/kishu/roboticslab-technical-project/ros2_ws/install/gazebo_ros_link_attacher/share/gazebo_ros_link_attacher/environment/library_path.dsv\n'}
[1.295630] (gazebo_ros_link_attacher) StdoutLine: {'line': b'-- Up-to-date symlink: /home/kishu/roboticslab-technical-project/ros2_ws/install/gazebo_ros_link_attacher/include/gazebo_ros_link_attacher/gazebo_ros_link_attacher/msg/rosidl_typesupport_fastrtps_c__visibility_control.h\n'}
[1.295968] (gazebo_ros_link_attacher) StdoutLine: {'line': b'-- Up-to-date symlink: /home/kishu/roboticslab-technical-project/ros2_ws/install/gazebo_ros_link_attacher/include/gazebo_ros_link_attacher/gazebo_ros_link_attacher/srv/detail/attach__rosidl_typesupport_fastrtps_c.h\n'}
[1.297006] (gazebo_ros_link_attacher) StdoutLine: {'line': b'-- Up-to-date symlink: /home/kishu/roboticslab-technical-project/ros2_ws/install/gazebo_ros_link_attacher/include/gazebo_ros_link_attacher/gazebo_ros_link_attacher/msg/rosidl_generator_cpp__visibility_control.hpp\n'}
[1.297314] (gazebo_ros_link_attacher) StdoutLine: {'line': b'-- Up-to-date symlink: /home/kishu/roboticslab-technical-project/ros2_ws/install/gazebo_ros_link_attacher/include/gazebo_ros_link_attacher/gazebo_ros_link_attacher/srv/attach.hpp\n'}
[1.297711] (gazebo_ros_link_attacher) StdoutLine: {'line': b'-- Up-to-date symlink: /home/kishu/roboticslab-technical-project/ros2_ws/install/gazebo_ros_link_attacher/include/gazebo_ros_link_attacher/gazebo_ros_link_attacher/srv/detail/attach__builder.hpp\n'}
[1.298070] (gazebo_ros_link_attacher) StdoutLine: {'line': b'-- Up-to-date symlink: /home/kishu/roboticslab-technical-project/ros2_ws/install/gazebo_ros_link_attacher/include/gazebo_ros_link_attacher/gazebo_ros_link_attacher/srv/detail/attach__struct.hpp\n'}
[1.298409] (gazebo_ros_link_attacher) StdoutLine: {'line': b'-- Up-to-date symlink: /home/kishu/roboticslab-technical-project/ros2_ws/install/gazebo_ros_link_attacher/include/gazebo_ros_link_attacher/gazebo_ros_link_attacher/srv/detail/attach__traits.hpp\n'}
[1.298804] (gazebo_ros_link_attacher) StdoutLine: {'line': b'-- Up-to-date symlink: /home/kishu/roboticslab-technical-project/ros2_ws/install/gazebo_ros_link_attacher/include/gazebo_ros_link_attacher/gazebo_ros_link_attacher/srv/detail/attach__type_support.hpp\n'}
[1.299974] (gazebo_ros_link_attacher) StdoutLine: {'line': b'-- Up-to-date symlink: /home/kishu/roboticslab-technical-project/ros2_ws/install/gazebo_ros_link_attacher/include/gazebo_ros_link_attacher/gazebo_ros_link_attacher/msg/rosidl_typesupport_fastrtps_cpp__visibility_control.h\n'}
[1.300285] (gazebo_ros_link_attacher) StdoutLine: {'line': b'-- Up-to-date symlink: /home/kishu/roboticslab-technical-project/ros2_ws/install/gazebo_ros_link_attacher/include/gazebo_ros_link_attacher/gazebo_ros_link_attacher/srv/detail/attach__rosidl_typesupport_fastrtps_cpp.hpp\n'}
[1.300577] (robotiq_85_msgs) StdoutLine: {'line': b'-- Up-to-date: /home/kishu/roboticslab-technical-project/ros2_ws/install/robotiq_85_msgs/lib/librobotiq_85_msgs__rosidl_generator_py.so\n'}
[1.301087] (robotiq_85_msgs) StdoutLine: {'line': b'-- Up-to-date: /home/kishu/roboticslab-technical-project/ros2_ws/install/robotiq_85_msgs/share/robotiq_85_msgs/cmake/export_robotiq_85_msgs__rosidl_generator_cExport.cmake\n'}
[1.301308] (gazebo_ros_link_attacher) StdoutLine: {'line': b'-- Up-to-date symlink: /home/kishu/roboticslab-technical-project/ros2_ws/install/gazebo_ros_link_attacher/include/gazebo_ros_link_attacher/gazebo_ros_link_attacher/msg/rosidl_typesupport_introspection_c__visibility_control.h\n'}
[1.301601] (gazebo_ros_link_attacher) StdoutLine: {'line': b'-- Up-to-date symlink: /home/kishu/roboticslab-technical-project/ros2_ws/install/gazebo_ros_link_attacher/include/gazebo_ros_link_attacher/gazebo_ros_link_attacher/srv/detail/attach__rosidl_typesupport_introspection_c.h\n'}
[1.301820] (robotiq_85_msgs) StdoutLine: {'line': b'-- Up-to-date: /home/kishu/roboticslab-technical-project/ros2_ws/install/robotiq_85_msgs/share/robotiq_85_msgs/cmake/export_robotiq_85_msgs__rosidl_generator_cExport-noconfig.cmake\n'}
[1.302070] (robotiq_85_msgs) StdoutLine: {'line': b'-- Up-to-date: /home/kishu/roboticslab-technical-project/ros2_ws/install/robotiq_85_msgs/share/robotiq_85_msgs/cmake/export_robotiq_85_msgs__rosidl_typesupport_fastrtps_cExport.cmake\n'}
[1.302463] (robotiq_85_msgs) StdoutLine: {'line': b'-- Up-to-date: /home/kishu/roboticslab-technical-project/ros2_ws/install/robotiq_85_msgs/share/robotiq_85_msgs/cmake/export_robotiq_85_msgs__rosidl_typesupport_fastrtps_cExport-noconfig.cmake\n'}
[1.302631] (robotiq_85_msgs) StdoutLine: {'line': b'-- Up-to-date: /home/kishu/roboticslab-technical-project/ros2_ws/install/robotiq_85_msgs/share/robotiq_85_msgs/cmake/export_robotiq_85_msgs__rosidl_generator_cppExport.cmake\n'}
[1.302778] (robotiq_85_msgs) StdoutLine: {'line': b'-- Up-to-date: /home/kishu/roboticslab-technical-project/ros2_ws/install/robotiq_85_msgs/share/robotiq_85_msgs/cmake/export_robotiq_85_msgs__rosidl_typesupport_fastrtps_cppExport.cmake\n'}
[1.302938] (robotiq_85_msgs) StdoutLine: {'line': b'-- Up-to-date: /home/kishu/roboticslab-technical-project/ros2_ws/install/robotiq_85_msgs/share/robotiq_85_msgs/cmake/export_robotiq_85_msgs__rosidl_typesupport_fastrtps_cppExport-noconfig.cmake\n'}
[1.303115] (gazebo_ros_link_attacher) StdoutLine: {'line': b'-- Up-to-date symlink: /home/kishu/roboticslab-technical-project/ros2_ws/install/gazebo_ros_link_attacher/include/gazebo_ros_link_attacher/gazebo_ros_link_attacher/srv/detail/attach__rosidl_typesupport_introspection_cpp.hpp\n'}
[1.303342] (robotiq_85_msgs) StdoutLine: {'line': b'-- Up-to-date: /home/kishu/roboticslab-technical-project/ros2_ws/install/robotiq_85_msgs/share/robotiq_85_msgs/cmake/robotiq_85_msgs__rosidl_typesupport_introspection_cExport.cmake\n'}
[1.303682] (robotiq_85_msgs) StdoutLine: {'line': b'-- Up-to-date: /home/kishu/roboticslab-technical-project/ros2_ws/install/robotiq_85_msgs/share/robotiq_85_msgs/cmake/robotiq_85_msgs__rosidl_typesupport_introspection_cExport-noconfig.cmake\n'}
[1.303982] (robotiq_85_msgs) StdoutLine: {'line': b'-- Up-to-date: /home/kishu/roboticslab-technical-project/ros2_ws/install/robotiq_85_msgs/share/robotiq_85_msgs/cmake/robotiq_85_msgs__rosidl_typesupport_cExport.cmake\n'}
[1.304248] (robotiq_85_msgs) StdoutLine: {'line': b'-- Up-to-date: /home/kishu/roboticslab-technical-project/ros2_ws/install/robotiq_85_msgs/share/robotiq_85_msgs/cmake/robotiq_85_msgs__rosidl_typesupport_cExport-noconfig.cmake\n'}
[1.304401] (robotiq_85_msgs) StdoutLine: {'line': b'-- Up-to-date: /home/kishu/roboticslab-technical-project/ros2_ws/install/robotiq_85_msgs/share/robotiq_85_msgs/cmake/robotiq_85_msgs__rosidl_typesupport_introspection_cppExport.cmake\n'}
[1.304613] (robotiq_85_msgs) StdoutLine: {'line': b'-- Up-to-date: /home/kishu/roboticslab-technical-project/ros2_ws/install/robotiq_85_msgs/share/robotiq_85_msgs/cmake/robotiq_85_msgs__rosidl_typesupport_introspection_cppExport-noconfig.cmake\n'}
[1.304801] (robotiq_85_msgs) StdoutLine: {'line': b'-- Up-to-date: /home/kishu/roboticslab-technical-project/ros2_ws/install/robotiq_85_msgs/share/robotiq_85_msgs/cmake/robotiq_85_msgs__rosidl_typesupport_cppExport.cmake\n'}
[1.304935] (robotiq_85_msgs) StdoutLine: {'line': b'-- Up-to-date: /home/kishu/roboticslab-technical-project/ros2_ws/install/robotiq_85_msgs/share/robotiq_85_msgs/cmake/robotiq_85_msgs__rosidl_typesupport_cppExport-noconfig.cmake\n'}
[1.305093] (gazebo_ros_link_attacher) StdoutLine: {'line': b'-- Up-to-date symlink: /home/kishu/roboticslab-technical-project/ros2_ws/install/gazebo_ros_link_attacher/share/gazebo_ros_link_attacher/environment/pythonpath.sh\n'}
[1.305225] (gazebo_ros_link_attacher) StdoutLine: {'line': b'-- Up-to-date symlink: /home/kishu/roboticslab-technical-project/ros2_ws/install/gazebo_ros_link_attacher/share/gazebo_ros_link_attacher/environment/pythonpath.dsv\n'}
[1.305337] (robotiq_85_msgs) StdoutLine: {'line': b'-- Up-to-date: /home/kishu/roboticslab-technical-project/ros2_ws/install/robotiq_85_msgs/share/robotiq_85_msgs/cmake/export_robotiq_85_msgs__rosidl_generator_pyExport.cmake\n'}
[1.305449] (robotiq_85_msgs) StdoutLine: {'line': b'-- Up-to-date: /home/kishu/roboticslab-technical-project/ros2_ws/install/robotiq_85_msgs/share/robotiq_85_msgs/cmake/export_robotiq_85_msgs__rosidl_generator_pyExport-noconfig.cmake\n'}
[1.305561] (gazebo_ros_link_attacher) StdoutLine: {'line': b'-- Up-to-date symlink: /home/kishu/roboticslab-technical-project/ros2_ws/install/gazebo_ros_link_attacher/local/lib/python3.10/dist-packages/gazebo_ros_link_attacher-0.0.0-py3.10.egg-info/PKG-INFO\n'}
[1.305674] (gazebo_ros_link_attacher) StdoutLine: {'line': b'-- Up-to-date symlink: /home/kishu/roboticslab-technical-project/ros2_ws/install/gazebo_ros_link_attacher/local/lib/python3.10/dist-packages/gazebo_ros_link_attacher-0.0.0-py3.10.egg-info/SOURCES.txt\n'}
[1.305787] (gazebo_ros_link_attacher) StdoutLine: {'line': b'-- Up-to-date symlink: /home/kishu/roboticslab-technical-project/ros2_ws/install/gazebo_ros_link_attacher/local/lib/python3.10/dist-packages/gazebo_ros_link_attacher-0.0.0-py3.10.egg-info/dependency_links.txt\n'}
[1.305903] (gazebo_ros_link_attacher) StdoutLine: {'line': b'-- Up-to-date symlink: /home/kishu/roboticslab-technical-project/ros2_ws/install/gazebo_ros_link_attacher/local/lib/python3.10/dist-packages/gazebo_ros_link_attacher-0.0.0-py3.10.egg-info/top_level.txt\n'}
[1.306569] (gazebo_ros_link_attacher) StdoutLine: {'line': b'-- Up-to-date symlink: /home/kishu/roboticslab-technical-project/ros2_ws/install/gazebo_ros_link_attacher/local/lib/python3.10/dist-packages/gazebo_ros_link_attacher/__init__.py\n'}
[1.307280] (gazebo_ros_link_attacher) StdoutLine: {'line': b'-- Up-to-date symlink: /home/kishu/roboticslab-technical-project/ros2_ws/install/gazebo_ros_link_attacher/local/lib/python3.10/dist-packages/gazebo_ros_link_attacher/_gazebo_ros_link_attacher_s.ep.rosidl_typesupport_c.c\n'}
[1.308237] (gazebo_ros_link_attacher) StdoutLine: {'line': b'-- Up-to-date symlink: /home/kishu/roboticslab-technical-project/ros2_ws/install/gazebo_ros_link_attacher/local/lib/python3.10/dist-packages/gazebo_ros_link_attacher/_gazebo_ros_link_attacher_s.ep.rosidl_typesupport_fastrtps_c.c\n'}
[1.308877] (gazebo_ros_link_attacher) StdoutLine: {'line': b'-- Up-to-date symlink: /home/kishu/roboticslab-technical-project/ros2_ws/install/gazebo_ros_link_attacher/local/lib/python3.10/dist-packages/gazebo_ros_link_attacher/_gazebo_ros_link_attacher_s.ep.rosidl_typesupport_introspection_c.c\n'}
[1.309232] (gazebo_ros_link_attacher) StdoutLine: {'line': b'-- Up-to-date symlink: /home/kishu/roboticslab-technical-project/ros2_ws/install/gazebo_ros_link_attacher/local/lib/python3.10/dist-packages/gazebo_ros_link_attacher/gazebo_ros_link_attacher_s__rosidl_typesupport_c.cpython-310-x86_64-linux-gnu.so\n'}
[1.309556] (gazebo_ros_link_attacher) StdoutLine: {'line': b'-- Up-to-date symlink: /home/kishu/roboticslab-technical-project/ros2_ws/install/gazebo_ros_link_attacher/local/lib/python3.10/dist-packages/gazebo_ros_link_attacher/gazebo_ros_link_attacher_s__rosidl_typesupport_fastrtps_c.cpython-310-x86_64-linux-gnu.so\n'}
[1.311140] (gazebo_ros_link_attacher) StdoutLine: {'line': b'-- Up-to-date symlink: /home/kishu/roboticslab-technical-project/ros2_ws/install/gazebo_ros_link_attacher/local/lib/python3.10/dist-packages/gazebo_ros_link_attacher/gazebo_ros_link_attacher_s__rosidl_typesupport_introspection_c.cpython-310-x86_64-linux-gnu.so\n'}
[1.311657] (-) TimerEvent: {}
[1.313908] (gazebo_ros_link_attacher) StdoutLine: {'line': b'-- Up-to-date symlink: /home/kishu/roboticslab-technical-project/ros2_ws/install/gazebo_ros_link_attacher/local/lib/python3.10/dist-packages/gazebo_ros_link_attacher/libgazebo_ros_link_attacher__rosidl_generator_py.so\n'}
[1.314434] (gazebo_ros_link_attacher) StdoutLine: {'line': b'-- Up-to-date symlink: /home/kishu/roboticslab-technical-project/ros2_ws/install/gazebo_ros_link_attacher/local/lib/python3.10/dist-packages/gazebo_ros_link_attacher/srv/__init__.py\n'}
[1.314793] (gazebo_ros_link_attacher) StdoutLine: {'line': b'-- Up-to-date symlink: /home/kishu/roboticslab-technical-project/ros2_ws/install/gazebo_ros_link_attacher/local/lib/python3.10/dist-packages/gazebo_ros_link_attacher/srv/_attach.py\n'}
[1.315341] (gazebo_ros_link_attacher) StdoutLine: {'line': b'-- Up-to-date symlink: /home/kishu/roboticslab-technical-project/ros2_ws/install/gazebo_ros_link_attacher/local/lib/python3.10/dist-packages/gazebo_ros_link_attacher/srv/_attach_s.c\n'}
[1.315695] (gazebo_ros_link_attacher) StdoutLine: {'line': b'-- Up-to-date symlink: /home/kishu/roboticslab-technical-project/ros2_ws/install/gazebo_ros_link_attacher/local/lib/python3.10/dist-packages/gazebo_ros_link_attacher/gazebo_ros_link_attacher_s__rosidl_typesupport_fastrtps_c.cpython-310-x86_64-linux-gnu.so\n'}
[1.316024] (robotiq_85_msgs) CommandEnded: {'returncode': 0}
[1.316673] (gazebo_ros_link_attacher) StdoutLine: {'line': b'-- Up-to-date symlink: /home/kishu/roboticslab-technical-project/ros2_ws/install/gazebo_ros_link_attacher/local/lib/python3.10/dist-packages/gazebo_ros_link_attacher/gazebo_ros_link_attacher_s__rosidl_typesupport_introspection_c.cpython-310-x86_64-linux-gnu.so\n'}
[1.317007] (gazebo_ros_link_attacher) StdoutLine: {'line': b'-- Up-to-date symlink: /home/kishu/roboticslab-technical-project/ros2_ws/install/gazebo_ros_link_attacher/local/lib/python3.10/dist-packages/gazebo_ros_link_attacher/gazebo_ros_link_attacher_s__rosidl_typesupport_c.cpython-310-x86_64-linux-gnu.so\n'}
[1.317351] (gazebo_ros_link_attacher) StdoutLine: {'line': b'-- Up-to-date symlink: /home/kishu/roboticslab-technical-project/ros2_ws/install/gazebo_ros_link_attacher/share/gazebo_ros_link_attacher/srv/Attach.idl\n'}
[1.317842] (gazebo_ros_link_attacher) StdoutLine: {'line': b'-- Up-to-date symlink: /home/kishu/roboticslab-technical-project/ros2_ws/install/gazebo_ros_link_attacher/share/gazebo_ros_link_attacher/srv/Attach.srv\n'}
[1.318134] (gazebo_ros_link_attacher) StdoutLine: {'line': b'-- Up-to-date symlink: /home/kishu/roboticslab-technical-project/ros2_ws/install/gazebo_ros_link_attacher/share/gazebo_ros_link_attacher/srv/Attach_Request.msg\n'}
[1.318412] (gazebo_ros_link_attacher) StdoutLine: {'line': b'-- Up-to-date symlink: /home/kishu/roboticslab-technical-project/ros2_ws/install/gazebo_ros_link_attacher/share/gazebo_ros_link_attacher/srv/Attach_Response.msg\n'}
[1.318728] (gazebo_ros_link_attacher) StdoutLine: {'line': b'-- Up-to-date symlink: /home/kishu/roboticslab-technical-project/ros2_ws/install/gazebo_ros_link_attacher/lib/libgazebo_ros_link_attacher_plugin.so\n'}
[1.319157] (gazebo_ros_link_attacher) StdoutLine: {'line': b'-- Up-to-date symlink: /home/kishu/roboticslab-technical-project/ros2_ws/install/gazebo_ros_link_attacher/lib/gazebo_ros_link_attacher/demo.py\n'}
[1.319908] (gazebo_ros_link_attacher) StdoutLine: {'line': b'-- Up-to-date symlink: /home/kishu/roboticslab-technical-project/ros2_ws/install/gazebo_ros_link_attacher/lib/gazebo_ros_link_attacher/demo_multiple.py\n'}
[1.320268] (gazebo_ros_link_attacher) StdoutLine: {'line': b'-- Up-to-date symlink: /home/kishu/roboticslab-technical-project/ros2_ws/install/gazebo_ros_link_attacher/lib/gazebo_ros_link_attacher/spawn_models.py\n'}
[1.320650] (gazebo_ros_link_attacher) StdoutLine: {'line': b'-- Up-to-date symlink: /home/kishu/roboticslab-technical-project/ros2_ws/install/gazebo_ros_link_attacher/lib/gazebo_ros_link_attacher/attach.py\n'}
[1.321013] (gazebo_ros_link_attacher) StdoutLine: {'line': b'-- Up-to-date symlink: /home/kishu/roboticslab-technical-project/ros2_ws/install/gazebo_ros_link_attacher/lib/gazebo_ros_link_attacher/detach.py\n'}
[1.322044] (gazebo_ros_link_attacher) StdoutLine: {'line': b'-- Up-to-date symlink: /home/kishu/roboticslab-technical-project/ros2_ws/install/gazebo_ros_link_attacher/share/gazebo_ros_link_attacher/launch/test_attacher.py\n'}
[1.322398] (gazebo_ros_link_attacher) StdoutLine: {'line': b'-- Up-to-date symlink: /home/kishu/roboticslab-technical-project/ros2_ws/install/gazebo_ros_link_attacher/share/gazebo_ros_link_attacher/worlds/test_attacher.world\n'}
[1.322740] (gazebo_ros_link_attacher) StdoutLine: {'line': b'-- Up-to-date symlink: /home/kishu/roboticslab-technical-project/ros2_ws/install/gazebo_ros_link_attacher/share/ament_index/resource_index/package_run_dependencies/gazebo_ros_link_attacher\n'}
[1.323098] (gazebo_ros_link_attacher) StdoutLine: {'line': b'-- Up-to-date symlink: /home/kishu/roboticslab-technical-project/ros2_ws/install/gazebo_ros_link_attacher/share/ament_index/resource_index/parent_prefix_path/gazebo_ros_link_attacher\n'}
[1.323510] (gazebo_ros_link_attacher) StdoutLine: {'line': b'-- Up-to-date symlink: /home/kishu/roboticslab-technical-project/ros2_ws/install/gazebo_ros_link_attacher/share/gazebo_ros_link_attacher/environment/ament_prefix_path.sh\n'}
[1.323688] (gazebo_ros_link_attacher) StdoutLine: {'line': b'-- Up-to-date symlink: /home/kishu/roboticslab-technical-project/ros2_ws/install/gazebo_ros_link_attacher/share/gazebo_ros_link_attacher/environment/ament_prefix_path.dsv\n'}
[1.323957] (gazebo_ros_link_attacher) StdoutLine: {'line': b'-- Up-to-date symlink: /home/kishu/roboticslab-technical-project/ros2_ws/install/gazebo_ros_link_attacher/share/gazebo_ros_link_attacher/environment/path.sh\n'}
[1.324288] (gazebo_ros_link_attacher) StdoutLine: {'line': b'-- Up-to-date symlink: /home/kishu/roboticslab-technical-project/ros2_ws/install/gazebo_ros_link_attacher/share/gazebo_ros_link_attacher/environment/path.dsv\n'}
[1.324612] (gazebo_ros_link_attacher) StdoutLine: {'line': b'-- Up-to-date symlink: /home/kishu/roboticslab-technical-project/ros2_ws/install/gazebo_ros_link_attacher/share/gazebo_ros_link_attacher/local_setup.bash\n'}
[1.325280] (gazebo_ros_link_attacher) StdoutLine: {'line': b'-- Up-to-date symlink: /home/kishu/roboticslab-technical-project/ros2_ws/install/gazebo_ros_link_attacher/share/gazebo_ros_link_attacher/local_setup.sh\n'}
[1.325729] (gazebo_ros_link_attacher) StdoutLine: {'line': b'-- Up-to-date symlink: /home/kishu/roboticslab-technical-project/ros2_ws/install/gazebo_ros_link_attacher/share/gazebo_ros_link_attacher/local_setup.zsh\n'}
[1.326087] (gazebo_ros_link_attacher) StdoutLine: {'line': b'-- Up-to-date symlink: /home/kishu/roboticslab-technical-project/ros2_ws/install/gazebo_ros_link_attacher/share/gazebo_ros_link_attacher/local_setup.dsv\n'}
[1.326419] (gazebo_ros_link_attacher) StdoutLine: {'line': b'-- Symlinking: /home/kishu/roboticslab-technical-project/ros2_ws/install/gazebo_ros_link_attacher/share/gazebo_ros_link_attacher/package.dsv\n'}
[1.342058] (gazebo_ros_link_attacher) StdoutLine: {'line': b'-- Up-to-date symlink: /home/kishu/roboticslab-technical-project/ros2_ws/install/gazebo_ros_link_attacher/share/ament_index/resource_index/packages/gazebo_ros_link_attacher\n'}
[1.343641] (gazebo_ros_link_attacher) StdoutLine: {'line': b'-- Up-to-date symlink: /home/kishu/roboticslab-technical-project/ros2_ws/install/gazebo_ros_link_attacher/share/gazebo_ros_link_attacher/cmake/rosidl_cmake-extras.cmake\n'}
[1.344203] (gazebo_ros_link_attacher) StdoutLine: {'line': b'-- Up-to-date symlink: /home/kishu/roboticslab-technical-project/ros2_ws/install/gazebo_ros_link_attacher/share/gazebo_ros_link_attacher/cmake/ament_cmake_export_dependencies-extras.cmake\n'}
[1.344420] (gazebo_ros_link_attacher) StdoutLine: {'line': b'-- Up-to-date symlink: /home/kishu/roboticslab-technical-project/ros2_ws/install/gazebo_ros_link_attacher/share/gazebo_ros_link_attacher/cmake/ament_cmake_export_include_directories-extras.cmake\n'}
[1.344791] (gazebo_ros_link_attacher) StdoutLine: {'line': b'-- Up-to-date symlink: /home/kishu/roboticslab-technical-project/ros2_ws/install/gazebo_ros_link_attacher/share/gazebo_ros_link_attacher/cmake/ament_cmake_export_libraries-extras.cmake\n'}
[1.345131] (gazebo_ros_link_attacher) StdoutLine: {'line': b'-- Up-to-date symlink: /home/kishu/roboticslab-technical-project/ros2_ws/install/gazebo_ros_link_attacher/share/gazebo_ros_link_attacher/cmake/ament_cmake_export_targets-extras.cmake\n'}
[1.345525] (gazebo_ros_link_attacher) StdoutLine: {'line': b'-- Up-to-date symlink: /home/kishu/roboticslab-technical-project/ros2_ws/install/gazebo_ros_link_attacher/share/gazebo_ros_link_attacher/cmake/rosidl_cmake_export_typesupport_targets-extras.cmake\n'}
[1.345894] (gazebo_ros_link_attacher) StdoutLine: {'line': b'-- Up-to-date symlink: /home/kishu/roboticslab-technical-project/ros2_ws/install/gazebo_ros_link_attacher/share/gazebo_ros_link_attacher/cmake/rosidl_cmake_export_typesupport_libraries-extras.cmake\n'}
[1.346230] (gazebo_ros_link_attacher) StdoutLine: {'line': b'-- Up-to-date symlink: /home/kishu/roboticslab-technical-project/ros2_ws/install/gazebo_ros_link_attacher/share/gazebo_ros_link_attacher/cmake/gazebo_ros_link_attacherConfig.cmake\n'}
[1.346560] (gazebo_ros_link_attacher) StdoutLine: {'line': b'-- Up-to-date symlink: /home/kishu/roboticslab-technical-project/ros2_ws/install/gazebo_ros_link_attacher/share/gazebo_ros_link_attacher/cmake/gazebo_ros_link_attacherConfig-version.cmake\n'}
[1.347028] (gazebo_ros_link_attacher) StdoutLine: {'line': b'-- Up-to-date symlink: /home/kishu/roboticslab-technical-project/ros2_ws/install/gazebo_ros_link_attacher/share/gazebo_ros_link_attacher/package.xml\n'}
[1.347377] (gazebo_ros_link_attacher) StdoutLine: {'line': b'-- Up-to-date: /home/kishu/roboticslab-technical-project/ros2_ws/install/gazebo_ros_link_attacher/lib/libgazebo_ros_link_attacher__rosidl_generator_c.so\n'}
[1.347710] (gazebo_ros_link_attacher) StdoutLine: {'line': b'-- Up-to-date: /home/kishu/roboticslab-technical-project/ros2_ws/install/gazebo_ros_link_attacher/lib/libgazebo_ros_link_attacher__rosidl_typesupport_fastrtps_c.so\n'}
[1.348024] (gazebo_ros_link_attacher) StdoutLine: {'line': b'-- Up-to-date: /home/kishu/roboticslab-technical-project/ros2_ws/install/gazebo_ros_link_attacher/lib/libgazebo_ros_link_attacher__rosidl_typesupport_fastrtps_cpp.so\n'}
[1.348353] (gazebo_ros_link_attacher) StdoutLine: {'line': b'-- Up-to-date: /home/kishu/roboticslab-technical-project/ros2_ws/install/gazebo_ros_link_attacher/lib/libgazebo_ros_link_attacher__rosidl_typesupport_introspection_c.so\n'}
[1.348690] (gazebo_ros_link_attacher) StdoutLine: {'line': b'-- Up-to-date: /home/kishu/roboticslab-technical-project/ros2_ws/install/gazebo_ros_link_attacher/lib/libgazebo_ros_link_attacher__rosidl_typesupport_c.so\n'}
[1.349166] (gazebo_ros_link_attacher) StdoutLine: {'line': b'-- Up-to-date: /home/kishu/roboticslab-technical-project/ros2_ws/install/gazebo_ros_link_attacher/lib/libgazebo_ros_link_attacher__rosidl_typesupport_introspection_cpp.so\n'}
[1.349608] (gazebo_ros_link_attacher) StdoutLine: {'line': b'-- Up-to-date: /home/kishu/roboticslab-technical-project/ros2_ws/install/gazebo_ros_link_attacher/lib/libgazebo_ros_link_attacher__rosidl_typesupport_cpp.so\n'}
[1.373997] (robotiq_85_msgs) JobEnded: {'identifier': 'robotiq_85_msgs', 'rc': 0}
[1.376669] (robotiq_85_driver) JobStarted: {'identifier': 'robotiq_85_driver'}
[1.407353] (gazebo_ros_link_attacher) StdoutLine: {'line': b"Listing '/home/kishu/roboticslab-technical-project/ros2_ws/install/gazebo_ros_link_attacher/local/lib/python3.10/dist-packages/gazebo_ros_link_attacher'...\n"}
[1.407753] (gazebo_ros_link_attacher) StdoutLine: {'line': b"Listing '/home/kishu/roboticslab-technical-project/ros2_ws/install/gazebo_ros_link_attacher/local/lib/python3.10/dist-packages/gazebo_ros_link_attacher/srv'...\n"}
[1.411771] (-) TimerEvent: {}
[1.422980] (gazebo_ros_link_attacher) StdoutLine: {'line': b'-- Up-to-date: /home/kishu/roboticslab-technical-project/ros2_ws/install/gazebo_ros_link_attacher/lib/libgazebo_ros_link_attacher__rosidl_generator_py.so\n'}
[1.425181] (gazebo_ros_link_attacher) StdoutLine: {'line': b'-- Up-to-date: /home/kishu/roboticslab-technical-project/ros2_ws/install/gazebo_ros_link_attacher/share/gazebo_ros_link_attacher/cmake/export_gazebo_ros_link_attacher__rosidl_generator_cExport.cmake\n'}
[1.425968] (gazebo_ros_link_attacher) StdoutLine: {'line': b'-- Up-to-date: /home/kishu/roboticslab-technical-project/ros2_ws/install/gazebo_ros_link_attacher/share/gazebo_ros_link_attacher/cmake/export_gazebo_ros_link_attacher__rosidl_generator_cExport-noconfig.cmake\n'}
[1.426460] (gazebo_ros_link_attacher) StdoutLine: {'line': b'-- Up-to-date: /home/kishu/roboticslab-technical-project/ros2_ws/install/gazebo_ros_link_attacher/share/gazebo_ros_link_attacher/cmake/export_gazebo_ros_link_attacher__rosidl_typesupport_fastrtps_cExport.cmake\n'}
[1.426764] (gazebo_ros_link_attacher) StdoutLine: {'line': b'-- Up-to-date: /home/kishu/roboticslab-technical-project/ros2_ws/install/gazebo_ros_link_attacher/share/gazebo_ros_link_attacher/cmake/export_gazebo_ros_link_attacher__rosidl_typesupport_fastrtps_cExport-noconfig.cmake\n'}
[1.427194] (gazebo_ros_link_attacher) StdoutLine: {'line': b'-- Up-to-date: /home/kishu/roboticslab-technical-project/ros2_ws/install/gazebo_ros_link_attacher/share/gazebo_ros_link_attacher/cmake/export_gazebo_ros_link_attacher__rosidl_generator_cppExport.cmake\n'}
[1.428273] (gazebo_ros_link_attacher) StdoutLine: {'line': b'-- Up-to-date: /home/kishu/roboticslab-technical-project/ros2_ws/install/gazebo_ros_link_attacher/share/gazebo_ros_link_attacher/cmake/export_gazebo_ros_link_attacher__rosidl_typesupport_fastrtps_cppExport.cmake\n'}
[1.428671] (gazebo_ros_link_attacher) StdoutLine: {'line': b'-- Up-to-date: /home/kishu/roboticslab-technical-project/ros2_ws/install/gazebo_ros_link_attacher/share/gazebo_ros_link_attacher/cmake/export_gazebo_ros_link_attacher__rosidl_typesupport_fastrtps_cppExport-noconfig.cmake\n'}
[1.428998] (gazebo_ros_link_attacher) StdoutLine: {'line': b'-- Up-to-date: /home/kishu/roboticslab-technical-project/ros2_ws/install/gazebo_ros_link_attacher/share/gazebo_ros_link_attacher/cmake/gazebo_ros_link_attacher__rosidl_typesupport_introspection_cExport.cmake\n'}
[1.429208] (gazebo_ros_link_attacher) StdoutLine: {'line': b'-- Up-to-date: /home/kishu/roboticslab-technical-project/ros2_ws/install/gazebo_ros_link_attacher/share/gazebo_ros_link_attacher/cmake/gazebo_ros_link_attacher__rosidl_typesupport_introspection_cExport-noconfig.cmake\n'}
[1.429388] (gazebo_ros_link_attacher) StdoutLine: {'line': b'-- Up-to-date: /home/kishu/roboticslab-technical-project/ros2_ws/install/gazebo_ros_link_attacher/share/gazebo_ros_link_attacher/cmake/gazebo_ros_link_attacher__rosidl_typesupport_cExport.cmake\n'}
[1.429563] (gazebo_ros_link_attacher) StdoutLine: {'line': b'-- Up-to-date: /home/kishu/roboticslab-technical-project/ros2_ws/install/gazebo_ros_link_attacher/share/gazebo_ros_link_attacher/cmake/gazebo_ros_link_attacher__rosidl_typesupport_cExport-noconfig.cmake\n'}
[1.429730] (gazebo_ros_link_attacher) StdoutLine: {'line': b'-- Up-to-date: /home/kishu/roboticslab-technical-project/ros2_ws/install/gazebo_ros_link_attacher/share/gazebo_ros_link_attacher/cmake/gazebo_ros_link_attacher__rosidl_typesupport_introspection_cppExport.cmake\n'}
[1.430110] (gazebo_ros_link_attacher) StdoutLine: {'line': b'-- Up-to-date: /home/kishu/roboticslab-technical-project/ros2_ws/install/gazebo_ros_link_attacher/share/gazebo_ros_link_attacher/cmake/gazebo_ros_link_attacher__rosidl_typesupport_introspection_cppExport-noconfig.cmake\n'}
[1.430468] (gazebo_ros_link_attacher) StdoutLine: {'line': b'-- Up-to-date: /home/kishu/roboticslab-technical-project/ros2_ws/install/gazebo_ros_link_attacher/share/gazebo_ros_link_attacher/cmake/gazebo_ros_link_attacher__rosidl_typesupport_cppExport.cmake\n'}
[1.430860] (gazebo_ros_link_attacher) StdoutLine: {'line': b'-- Up-to-date: /home/kishu/roboticslab-technical-project/ros2_ws/install/gazebo_ros_link_attacher/share/gazebo_ros_link_attacher/cmake/gazebo_ros_link_attacher__rosidl_typesupport_cppExport-noconfig.cmake\n'}
[1.431345] (gazebo_ros_link_attacher) StdoutLine: {'line': b'-- Up-to-date: /home/kishu/roboticslab-technical-project/ros2_ws/install/gazebo_ros_link_attacher/share/gazebo_ros_link_attacher/cmake/export_gazebo_ros_link_attacher__rosidl_generator_pyExport.cmake\n'}
[1.432346] (gazebo_ros_link_attacher) StdoutLine: {'line': b'-- Up-to-date: /home/kishu/roboticslab-technical-project/ros2_ws/install/gazebo_ros_link_attacher/share/gazebo_ros_link_attacher/cmake/export_gazebo_ros_link_attacher__rosidl_generator_pyExport-noconfig.cmake\n'}
[1.435163] (gazebo_ros_link_attacher) CommandEnded: {'returncode': 0}
[1.473513] (gazebo_ros_link_attacher) JobEnded: {'identifier': 'gazebo_ros_link_attacher', 'rc': 0}
[1.511922] (-) TimerEvent: {}
[1.612452] (-) TimerEvent: {}
[1.712923] (-) TimerEvent: {}
[1.813343] (-) TimerEvent: {}
[1.914886] (-) TimerEvent: {}
[1.923376] (multi_robot_coop) Command: {'cmd': ['/usr/bin/python3', '-W', 'ignore:setup.py install is deprecated', '-W', 'ignore:easy_install command is deprecated', 'setup.py', 'develop', '--editable', '--build-directory', '/home/kishu/roboticslab-technical-project/ros2_ws/build/multi_robot_coop/build', '--no-deps', 'symlink_data'], 'cwd': '/home/kishu/roboticslab-technical-project/ros2_ws/build/multi_robot_coop', 'env': {'LESSOPEN': '| /usr/bin/lesspipe %s', 'USER': 'kishu', 'SHLVL': '1', 'LD_LIBRARY_PATH': '/usr/lib/x86_64-linux-gnu/gazebo-11/plugins:/opt/ros/humble/opt/rviz_ogre_vendor/lib:/opt/ros/humble/lib/x86_64-linux-gnu:/opt/ros/humble/lib', 'HOME': '/home/kishu', 'OLDPWD': '/home/kishu', 'ROS_PYTHON_VERSION': '3', 'DBUS_SESSION_BUS_ADDRESS': 'unix:path=/run/user/1000/bus', 'WSL_DISTRO_NAME': 'Ubuntu-22.04', 'WAYLAND_DISPLAY': 'wayland-0', 'ROS_DISTRO': 'humble', 'LOGNAME': 'kishu', 'NAME': 'DESKTOP-07TM2Q3', 'WSL_INTEROP': '/run/WSL/4941_interop', 'PULSE_SERVER': 'unix:/mnt/wslg/PulseServer', '_': '/usr/bin/colcon', 'ROS_VERSION': '2', 'TERM': 'xterm-256color', 'GAZEBO_MODEL_PATH': '/home/kishu/roboticslab-technical-project/models::/opt/ros/humble/share/turtlebot3_gazebo/models', 'ROS_LOCALHOST_ONLY': '0', 'PATH': '/home/kishu/.local/bin:/opt/ros/humble/bin:/usr/local/sbin:/usr/local/bin:/usr/sbin:/usr/bin:/sbin:/bin:/usr/games:/usr/local/games:/usr/lib/wsl/lib:/mnt/c/Program Files/WindowsApps/CanonicalGroupLimited.Ubuntu22.04LTS_2204.5.10021.0_x64__79rhkp1fndgsc:/mnt/c/Windows/system32:/mnt/c/Windows:/mnt/c/Windows/System32/Wbem:/mnt/c/Windows/System32/WindowsPowerShell/v1.0/:/mnt/c/Windows/System32/OpenSSH/:/mnt/c/Program Files/Git/cmd:/mnt/c/Users/Mohamad/AppData/Local/Microsoft/WindowsApps:/mnt/c/Users/Mohamad/AppData/Local/Programs/Microsoft VS Code/bin:/mnt/c/Users/Mohamad/AppData/Local/GitHubDesktop/bin:/snap/bin', 'XDG_RUNTIME_DIR': '/run/user/1000/', 'DISPLAY': ':0', 'LANG': 'C.UTF-8', 'LS_COLORS': 'rs=0:di=01;34:ln=01;36:mh=00:pi=40;33:so=01;35:do=01;35:bd=40;33;01:cd=40;33;01:or=40;31;01:mi=00:su=37;41:sg=30;43:ca=30;41:tw=30;42:ow=34;42:st=37;44:ex=01;32:*.tar=01;31:*.tgz=01;31:*.arc=01;31:*.arj=01;31:*.taz=01;31:*.lha=01;31:*.lz4=01;31:*.lzh=01;31:*.lzma=01;31:*.tlz=01;31:*.txz=01;31:*.tzo=01;31:*.t7z=01;31:*.zip=01;31:*.z=01;31:*.dz=01;31:*.gz=01;31:*.lrz=01;31:*.lz=01;31:*.lzo=01;31:*.xz=01;31:*.zst=01;31:*.tzst=01;31:*.bz2=01;31:*.bz=01;31:*.tbz=01;31:*.tbz2=01;31:*.tz=01;31:*.deb=01;31:*.rpm=01;31:*.jar=01;31:*.war=01;31:*.ear=01;31:*.sar=01;31:*.rar=01;31:*.alz=01;31:*.ace=01;31:*.zoo=01;31:*.cpio=01;31:*.7z=01;31:*.rz=01;31:*.cab=01;31:*.wim=01;31:*.swm=01;31:*.dwm=01;31:*.esd=01;31:*.jpg=01;35:*.jpeg=01;35:*.mjpg=01;35:*.mjpeg=01;35:*.gif=01;35:*.bmp=01;35:*.pbm=01;35:*.pgm=01;35:*.ppm=01;35:*.tga=01;35:*.xbm=01;35:*.xpm=01;35:*.tif=01;35:*.tiff=01;35:*.png=01;35:*.svg=01;35:*.svgz=01;35:*.mng=01;35:*.pcx=01;35:*.mov=01;35:*.mpg=01;35:*.mpeg=01;35:*.m2v=01;35:*.mkv=01;35:*.webm=01;35:*.webp=01;35:*.ogm=01;35:*.mp4=01;35:*.m4v=01;35:*.mp4v=01;35:*.vob=01;35:*.qt=01;35:*.nuv=01;35:*.wmv=01;35:*.asf=01;35:*.rm=01;35:*.rmvb=01;35:*.flc=01;35:*.avi=01;35:*.fli=01;35:*.flv=01;35:*.gl=01;35:*.dl=01;35:*.xcf=01;35:*.xwd=01;35:*.yuv=01;35:*.cgm=01;35:*.emf=01;35:*.ogv=01;35:*.ogx=01;35:*.aac=00;36:*.au=00;36:*.flac=00;36:*.m4a=00;36:*.mid=00;36:*.midi=00;36:*.mka=00;36:*.mp3=00;36:*.mpc=00;36:*.ogg=00;36:*.ra=00;36:*.wav=00;36:*.oga=00;36:*.opus=00;36:*.spx=00;36:*.xspf=00;36:', 'AMENT_PREFIX_PATH': '/opt/ros/humble', 'SHELL': '/bin/bash', 'LESSCLOSE': '/usr/bin/lesspipe %s %s', 'PWD': '/home/kishu/roboticslab-technical-project/ros2_ws/build/multi_robot_coop', 'TURTLEBOT3_MODEL': 'waffle_pi', 'XDG_DATA_DIRS': '/usr/local/share:/usr/share:/var/lib/snapd/desktop', 'PYTHONPATH': '/home/kishu/roboticslab-technical-project/ros2_ws/build/multi_robot_coop/prefix_override:/usr/lib/python3/dist-packages/colcon_core/task/python/colcon_distutils_commands:/home/kishu/roboticslab-technical-project/ros2_ws/install/multi_robot_coop/lib/python3.10/site-packages:/opt/ros/humble/lib/python3.10/site-packages:/opt/ros/humble/local/lib/python3.10/dist-packages', 'COLCON': '1', 'WSL2_GUI_APPS_ENABLED': '1', 'HOSTTYPE': 'x86_64', 'WSLENV': ''}, 'shell': False}
[2.015025] (-) TimerEvent: {}
[2.115576] (-) TimerEvent: {}
[2.215991] (-) TimerEvent: {}
[2.316343] (-) TimerEvent: {}
[2.407603] (multi_robot_coop) StdoutLine: {'line': b'running develop\n'}
[2.416484] (-) TimerEvent: {}
[2.516977] (-) TimerEvent: {}
[2.608806] (robotiq_85_driver) Command: {'cmd': ['/usr/bin/python3', '-W', 'ignore:setup.py install is deprecated', '-W', 'ignore:easy_install command is deprecated', 'setup.py', 'develop', '--editable', '--build-directory', '/home/kishu/roboticslab-technical-project/ros2_ws/build/robotiq_85_driver/build', '--no-deps', 'symlink_data'], 'cwd': '/home/kishu/roboticslab-technical-project/ros2_ws/build/robotiq_85_driver', 'env': {'LESSOPEN': '| /usr/bin/lesspipe %s', 'USER': 'kishu', 'SHLVL': '1', 'LD_LIBRARY_PATH': '/home/kishu/roboticslab-technical-project/ros2_ws/install/robotiq_85_msgs/lib:/usr/lib/x86_64-linux-gnu/gazebo-11/plugins:/opt/ros/humble/opt/rviz_ogre_vendor/lib:/opt/ros/humble/lib/x86_64-linux-gnu:/opt/ros/humble/lib', 'HOME': '/home/kishu', 'OLDPWD': '/home/kishu', 'ROS_PYTHON_VERSION': '3', 'DBUS_SESSION_BUS_ADDRESS': 'unix:path=/run/user/1000/bus', 'WSL_DISTRO_NAME': 'Ubuntu-22.04', 'WAYLAND_DISPLAY': 'wayland-0', 'ROS_DISTRO': 'humble', 'LOGNAME': 'kishu', 'NAME': 'DESKTOP-07TM2Q3', 'WSL_INTEROP': '/run/WSL/4941_interop', 'PULSE_SERVER': 'unix:/mnt/wslg/PulseServer', '_': '/usr/bin/colcon', 'ROS_VERSION': '2', 'TERM': 'xterm-256color', 'GAZEBO_MODEL_PATH': '/home/kishu/roboticslab-technical-project/models::/opt/ros/humble/share/turtlebot3_gazebo/models', 'ROS_LOCALHOST_ONLY': '0', 'PATH': '/home/kishu/.local/bin:/opt/ros/humble/bin:/usr/local/sbin:/usr/local/bin:/usr/sbin:/usr/bin:/sbin:/bin:/usr/games:/usr/local/games:/usr/lib/wsl/lib:/mnt/c/Program Files/WindowsApps/CanonicalGroupLimited.Ubuntu22.04LTS_2204.5.10021.0_x64__79rhkp1fndgsc:/mnt/c/Windows/system32:/mnt/c/Windows:/mnt/c/Windows/System32/Wbem:/mnt/c/Windows/System32/WindowsPowerShell/v1.0/:/mnt/c/Windows/System32/OpenSSH/:/mnt/c/Program Files/Git/cmd:/mnt/c/Users/Mohamad/AppData/Local/Microsoft/WindowsApps:/mnt/c/Users/Mohamad/AppData/Local/Programs/Microsoft VS Code/bin:/mnt/c/Users/Mohamad/AppData/Local/GitHubDesktop/bin:/snap/bin', 'XDG_RUNTIME_DIR': '/run/user/1000/', 'DISPLAY': ':0', 'LANG': 'C.UTF-8', 'LS_COLORS': 'rs=0:di=01;34:ln=01;36:mh=00:pi=40;33:so=01;35:do=01;35:bd=40;33;01:cd=40;33;01:or=40;31;01:mi=00:su=37;41:sg=30;43:ca=30;41:tw=30;42:ow=34;42:st=37;44:ex=01;32:*.tar=01;31:*.tgz=01;31:*.arc=01;31:*.arj=01;31:*.taz=01;31:*.lha=01;31:*.lz4=01;31:*.lzh=01;31:*.lzma=01;31:*.tlz=01;31:*.txz=01;31:*.tzo=01;31:*.t7z=01;31:*.zip=01;31:*.z=01;31:*.dz=01;31:*.gz=01;31:*.lrz=01;31:*.lz=01;31:*.lzo=01;31:*.xz=01;31:*.zst=01;31:*.tzst=01;31:*.bz2=01;31:*.bz=01;31:*.tbz=01;31:*.tbz2=01;31:*.tz=01;31:*.deb=01;31:*.rpm=01;31:*.jar=01;31:*.war=01;31:*.ear=01;31:*.sar=01;31:*.rar=01;31:*.alz=01;31:*.ace=01;31:*.zoo=01;31:*.cpio=01;31:*.7z=01;31:*.rz=01;31:*.cab=01;31:*.wim=01;31:*.swm=01;31:*.dwm=01;31:*.esd=01;31:*.jpg=01;35:*.jpeg=01;35:*.mjpg=01;35:*.mjpeg=01;35:*.gif=01;35:*.bmp=01;35:*.pbm=01;35:*.pgm=01;35:*.ppm=01;35:*.tga=01;35:*.xbm=01;35:*.xpm=01;35:*.tif=01;35:*.tiff=01;35:*.png=01;35:*.svg=01;35:*.svgz=01;35:*.mng=01;35:*.pcx=01;35:*.mov=01;35:*.mpg=01;35:*.mpeg=01;35:*.m2v=01;35:*.mkv=01;35:*.webm=01;35:*.webp=01;35:*.ogm=01;35:*.mp4=01;35:*.m4v=01;35:*.mp4v=01;35:*.vob=01;35:*.qt=01;35:*.nuv=01;35:*.wmv=01;35:*.asf=01;35:*.rm=01;35:*.rmvb=01;35:*.flc=01;35:*.avi=01;35:*.fli=01;35:*.flv=01;35:*.gl=01;35:*.dl=01;35:*.xcf=01;35:*.xwd=01;35:*.yuv=01;35:*.cgm=01;35:*.emf=01;35:*.ogv=01;35:*.ogx=01;35:*.aac=00;36:*.au=00;36:*.flac=00;36:*.m4a=00;36:*.mid=00;36:*.midi=00;36:*.mka=00;36:*.mp3=00;36:*.mpc=00;36:*.ogg=00;36:*.ra=00;36:*.wav=00;36:*.oga=00;36:*.opus=00;36:*.spx=00;36:*.xspf=00;36:', 'AMENT_PREFIX_PATH': '/home/kishu/roboticslab-technical-project/ros2_ws/install/robotiq_85_msgs:/opt/ros/humble', 'SHELL': '/bin/bash', 'LESSCLOSE': '/usr/bin/lesspipe %s %s', 'PWD': '/home/kishu/roboticslab-technical-project/ros2_ws/build/robotiq_85_driver', 'TURTLEBOT3_MODEL': 'waffle_pi', 'XDG_DATA_DIRS': '/usr/local/share:/usr/share:/var/lib/snapd/desktop', 'PYTHONPATH': '/home/kishu/roboticslab-technical-project/ros2_ws/build/robotiq_85_driver/prefix_override:/usr/lib/python3/dist-packages/colcon_core/task/python/colcon_distutils_commands:/home/kishu/roboticslab-technical-project/ros2_ws/install/robotiq_85_driver/lib/python3.10/site-packages:/home/kishu/roboticslab-technical-project/ros2_ws/install/robotiq_85_msgs/local/lib/python3.10/dist-packages:/opt/ros/humble/lib/python3.10/site-packages:/opt/ros/humble/local/lib/python3.10/dist-packages', 'COLCON': '1', 'WSL2_GUI_APPS_ENABLED': '1', 'HOSTTYPE': 'x86_64', 'WSLENV': '', 'CMAKE_PREFIX_PATH': '/home/kishu/roboticslab-technical-project/ros2_ws/install/robotiq_85_msgs'}, 'shell': False}
[2.617118] (-) TimerEvent: {}
[2.717541] (-) TimerEvent: {}
[2.757718] (multi_robot_coop) StdoutLine: {'line': b'running egg_info\n'}
[2.758166] (multi_robot_coop) StdoutLine: {'line': b'writing multi_robot_coop.egg-info/PKG-INFO\n'}
[2.758644] (multi_robot_coop) StdoutLine: {'line': b'writing dependency_links to multi_robot_coop.egg-info/dependency_links.txt\n'}
[2.759296] (multi_robot_coop) StdoutLine: {'line': b'writing entry points to multi_robot_coop.egg-info/entry_points.txt\n'}
[2.759740] (multi_robot_coop) StdoutLine: {'line': b'writing requirements to multi_robot_coop.egg-info/requires.txt\n'}
[2.760127] (multi_robot_coop) StdoutLine: {'line': b'writing top-level names to multi_robot_coop.egg-info/top_level.txt\n'}
[2.763735] (multi_robot_coop) StdoutLine: {'line': b"reading manifest file 'multi_robot_coop.egg-info/SOURCES.txt'\n"}
[2.765206] (multi_robot_coop) StdoutLine: {'line': b"writing manifest file 'multi_robot_coop.egg-info/SOURCES.txt'\n"}
[2.768122] (multi_robot_coop) StdoutLine: {'line': b'running build_ext\n'}
[2.768668] (multi_robot_coop) StdoutLine: {'line': b'Creating /home/kishu/roboticslab-technical-project/ros2_ws/install/multi_robot_coop/lib/python3.10/site-packages/multi-robot-coop.egg-link (link to .)\n'}
[2.770969] (multi_robot_coop) StdoutLine: {'line': b'Installing arm_controller script to /home/kishu/roboticslab-technical-project/ros2_ws/install/multi_robot_coop/lib/multi_robot_coop\n'}
[2.771863] (multi_robot_coop) StdoutLine: {'line': b'Installing arm_coordinator script to /home/kishu/roboticslab-technical-project/ros2_ws/install/multi_robot_coop/lib/multi_robot_coop\n'}
[2.772234] (multi_robot_coop) StdoutLine: {'line': b'Installing arm_real_controller script to /home/kishu/roboticslab-technical-project/ros2_ws/install/multi_robot_coop/lib/multi_robot_coop\n'}
[2.772575] (multi_robot_coop) StdoutLine: {'line': b'Installing scenario_coordinator script to /home/kishu/roboticslab-technical-project/ros2_ws/install/multi_robot_coop/lib/multi_robot_coop\n'}
[2.772869] (multi_robot_coop) StdoutLine: {'line': b'Installing tb3_controller script to /home/kishu/roboticslab-technical-project/ros2_ws/install/multi_robot_coop/lib/multi_robot_coop\n'}
[2.773134] (multi_robot_coop) StdoutLine: {'line': b'Installing tb3_coordinator script to /home/kishu/roboticslab-technical-project/ros2_ws/install/multi_robot_coop/lib/multi_robot_coop\n'}
[2.773686] (multi_robot_coop) StdoutLine: {'line': b'\n'}
[2.773829] (multi_robot_coop) StdoutLine: {'line': b'Installed /home/kishu/roboticslab-technical-project/ros2_ws/build/multi_robot_coop\n'}
[2.774063] (multi_robot_coop) StdoutLine: {'line': b'running symlink_data\n'}
[2.817718] (-) TimerEvent: {}
[2.821620] (multi_robot_coop) CommandEnded: {'returncode': 0}
[2.839120] (multi_robot_coop) JobEnded: {'identifier': 'multi_robot_coop', 'rc': 0}
[2.917825] (-) TimerEvent: {}
[3.018162] (-) TimerEvent: {}
[3.022615] (robotiq_85_driver) StderrLine: {'line': b"/usr/lib/python3/dist-packages/setuptools/dist.py:723: UserWarning: Usage of dash-separated 'script-dir' will not be supported in future versions. Please use the underscore name 'script_dir' instead\n"}
[3.023106] (robotiq_85_driver) StderrLine: {'line': b'  warnings.warn(\n'}
[3.062198] (robotiq_85_driver) StdoutLine: {'line': b'running develop\n'}
[3.118317] (-) TimerEvent: {}
[3.218660] (-) TimerEvent: {}
[3.319013] (-) TimerEvent: {}
[3.341212] (robotiq_85_driver) StdoutLine: {'line': b'running egg_info\n'}
[3.341544] (robotiq_85_driver) StdoutLine: {'line': b'writing robotiq_85_driver.egg-info/PKG-INFO\n'}
[3.341987] (robotiq_85_driver) StdoutLine: {'line': b'writing dependency_links to robotiq_85_driver.egg-info/dependency_links.txt\n'}
[3.342454] (robotiq_85_driver) StdoutLine: {'line': b'writing entry points to robotiq_85_driver.egg-info/entry_points.txt\n'}
[3.342876] (robotiq_85_driver) StdoutLine: {'line': b'writing requirements to robotiq_85_driver.egg-info/requires.txt\n'}
[3.343265] (robotiq_85_driver) StdoutLine: {'line': b'writing top-level names to robotiq_85_driver.egg-info/top_level.txt\n'}
[3.346026] (robotiq_85_driver) StdoutLine: {'line': b"reading manifest file 'robotiq_85_driver.egg-info/SOURCES.txt'\n"}
[3.347228] (robotiq_85_driver) StdoutLine: {'line': b"writing manifest file 'robotiq_85_driver.egg-info/SOURCES.txt'\n"}
[3.349319] (robotiq_85_driver) StdoutLine: {'line': b'running build_ext\n'}
[3.349710] (robotiq_85_driver) StdoutLine: {'line': b'Creating /home/kishu/roboticslab-technical-project/ros2_ws/install/robotiq_85_driver/lib/python3.10/site-packages/robotiq-85-driver.egg-link (link to .)\n'}
[3.351295] (robotiq_85_driver) StdoutLine: {'line': b'Installing robotiq_85_driver script to /home/kishu/roboticslab-technical-project/ros2_ws/install/robotiq_85_driver/lib/robotiq_85_driver\n'}
[3.351827] (robotiq_85_driver) StdoutLine: {'line': b'Installing robotiq_85_test script to /home/kishu/roboticslab-technical-project/ros2_ws/install/robotiq_85_driver/lib/robotiq_85_driver\n'}
[3.352178] (robotiq_85_driver) StdoutLine: {'line': b'Installing robotiq_85_test_close script to /home/kishu/roboticslab-technical-project/ros2_ws/install/robotiq_85_driver/lib/robotiq_85_driver\n'}
[3.352603] (robotiq_85_driver) StdoutLine: {'line': b'Installing single_robotiq_85_action_server script to /home/kishu/roboticslab-technical-project/ros2_ws/install/robotiq_85_driver/lib/robotiq_85_driver\n'}
[3.352938] (robotiq_85_driver) StdoutLine: {'line': b'\n'}
[3.353161] (robotiq_85_driver) StdoutLine: {'line': b'Installed /home/kishu/roboticslab-technical-project/ros2_ws/build/robotiq_85_driver\n'}
[3.353474] (robotiq_85_driver) StdoutLine: {'line': b'running symlink_data\n'}
[3.393739] (robotiq_85_driver) CommandEnded: {'returncode': 0}
[3.405680] (robotiq_85_driver) JobEnded: {'identifier': 'robotiq_85_driver', 'rc': 0}
[3.407213] (robotiq_85_gripper) JobStarted: {'identifier': 'robotiq_85_gripper'}
[3.419164] (-) TimerEvent: {}
[3.519578] (-) TimerEvent: {}
[3.570284] (robotiq_85_gripper) JobProgress: {'identifier': 'robotiq_85_gripper', 'progress': 'cmake'}
[3.571301] (robotiq_85_gripper) JobProgress: {'identifier': 'robotiq_85_gripper', 'progress': 'build'}
[3.572547] (robotiq_85_gripper) Command: {'cmd': ['/usr/bin/cmake', '--build', '/home/kishu/roboticslab-technical-project/ros2_ws/build/robotiq_85_gripper', '--', '-j4', '-l4'], 'cwd': '/home/kishu/roboticslab-technical-project/ros2_ws/build/robotiq_85_gripper', 'env': OrderedDict([('LESSOPEN', '| /usr/bin/lesspipe %s'), ('USER', 'kishu'), ('SHLVL', '1'), ('LD_LIBRARY_PATH', '/home/kishu/roboticslab-technical-project/ros2_ws/install/robotiq_85_msgs/lib:/usr/lib/x86_64-linux-gnu/gazebo-11/plugins:/opt/ros/humble/opt/rviz_ogre_vendor/lib:/opt/ros/humble/lib/x86_64-linux-gnu:/opt/ros/humble/lib'), ('HOME', '/home/kishu'), ('OLDPWD', '/home/kishu'), ('ROS_PYTHON_VERSION', '3'), ('DBUS_SESSION_BUS_ADDRESS', 'unix:path=/run/user/1000/bus'), ('WSL_DISTRO_NAME', 'Ubuntu-22.04'), ('WAYLAND_DISPLAY', 'wayland-0'), ('ROS_DISTRO', 'humble'), ('LOGNAME', 'kishu'), ('NAME', 'DESKTOP-07TM2Q3'), ('WSL_INTEROP', '/run/WSL/4941_interop'), ('PULSE_SERVER', 'unix:/mnt/wslg/PulseServer'), ('_', '/usr/bin/colcon'), ('ROS_VERSION', '2'), ('TERM', 'xterm-256color'), ('GAZEBO_MODEL_PATH', '/home/kishu/roboticslab-technical-project/models::/opt/ros/humble/share/turtlebot3_gazebo/models'), ('ROS_LOCALHOST_ONLY', '0'), ('PATH', '/home/kishu/.local/bin:/opt/ros/humble/bin:/usr/local/sbin:/usr/local/bin:/usr/sbin:/usr/bin:/sbin:/bin:/usr/games:/usr/local/games:/usr/lib/wsl/lib:/mnt/c/Program Files/WindowsApps/CanonicalGroupLimited.Ubuntu22.04LTS_2204.5.10021.0_x64__79rhkp1fndgsc:/mnt/c/Windows/system32:/mnt/c/Windows:/mnt/c/Windows/System32/Wbem:/mnt/c/Windows/System32/WindowsPowerShell/v1.0/:/mnt/c/Windows/System32/OpenSSH/:/mnt/c/Program Files/Git/cmd:/mnt/c/Users/Mohamad/AppData/Local/Microsoft/WindowsApps:/mnt/c/Users/Mohamad/AppData/Local/Programs/Microsoft VS Code/bin:/mnt/c/Users/Mohamad/AppData/Local/GitHubDesktop/bin:/snap/bin'), ('XDG_RUNTIME_DIR', '/run/user/1000/'), ('DISPLAY', ':0'), ('LANG', 'C.UTF-8'), ('LS_COLORS', 'rs=0:di=01;34:ln=01;36:mh=00:pi=40;33:so=01;35:do=01;35:bd=40;33;01:cd=40;33;01:or=40;31;01:mi=00:su=37;41:sg=30;43:ca=30;41:tw=30;42:ow=34;42:st=37;44:ex=01;32:*.tar=01;31:*.tgz=01;31:*.arc=01;31:*.arj=01;31:*.taz=01;31:*.lha=01;31:*.lz4=01;31:*.lzh=01;31:*.lzma=01;31:*.tlz=01;31:*.txz=01;31:*.tzo=01;31:*.t7z=01;31:*.zip=01;31:*.z=01;31:*.dz=01;31:*.gz=01;31:*.lrz=01;31:*.lz=01;31:*.lzo=01;31:*.xz=01;31:*.zst=01;31:*.tzst=01;31:*.bz2=01;31:*.bz=01;31:*.tbz=01;31:*.tbz2=01;31:*.tz=01;31:*.deb=01;31:*.rpm=01;31:*.jar=01;31:*.war=01;31:*.ear=01;31:*.sar=01;31:*.rar=01;31:*.alz=01;31:*.ace=01;31:*.zoo=01;31:*.cpio=01;31:*.7z=01;31:*.rz=01;31:*.cab=01;31:*.wim=01;31:*.swm=01;31:*.dwm=01;31:*.esd=01;31:*.jpg=01;35:*.jpeg=01;35:*.mjpg=01;35:*.mjpeg=01;35:*.gif=01;35:*.bmp=01;35:*.pbm=01;35:*.pgm=01;35:*.ppm=01;35:*.tga=01;35:*.xbm=01;35:*.xpm=01;35:*.tif=01;35:*.tiff=01;35:*.png=01;35:*.svg=01;35:*.svgz=01;35:*.mng=01;35:*.pcx=01;35:*.mov=01;35:*.mpg=01;35:*.mpeg=01;35:*.m2v=01;35:*.mkv=01;35:*.webm=01;35:*.webp=01;35:*.ogm=01;35:*.mp4=01;35:*.m4v=01;35:*.mp4v=01;35:*.vob=01;35:*.qt=01;35:*.nuv=01;35:*.wmv=01;35:*.asf=01;35:*.rm=01;35:*.rmvb=01;35:*.flc=01;35:*.avi=01;35:*.fli=01;35:*.flv=01;35:*.gl=01;35:*.dl=01;35:*.xcf=01;35:*.xwd=01;35:*.yuv=01;35:*.cgm=01;35:*.emf=01;35:*.ogv=01;35:*.ogx=01;35:*.aac=00;36:*.au=00;36:*.flac=00;36:*.m4a=00;36:*.mid=00;36:*.midi=00;36:*.mka=00;36:*.mp3=00;36:*.mpc=00;36:*.ogg=00;36:*.ra=00;36:*.wav=00;36:*.oga=00;36:*.opus=00;36:*.spx=00;36:*.xspf=00;36:'), ('AMENT_PREFIX_PATH', '/home/kishu/roboticslab-technical-project/ros2_ws/install/robotiq_85_driver:/home/kishu/roboticslab-technical-project/ros2_ws/install/robotiq_85_msgs:/home/kishu/roboticslab-technical-project/ros2_ws/install/robotiq_85_description:/opt/ros/humble'), ('SHELL', '/bin/bash'), ('LESSCLOSE', '/usr/bin/lesspipe %s %s'), ('PWD', '/home/kishu/roboticslab-technical-project/ros2_ws/build/robotiq_85_gripper'), ('TURTLEBOT3_MODEL', 'waffle_pi'), ('XDG_DATA_DIRS', '/usr/local/share:/usr/share:/var/lib/snapd/desktop'), ('PYTHONPATH', '/home/kishu/roboticslab-technical-project/ros2_ws/build/robotiq_85_driver:/home/kishu/roboticslab-technical-project/ros2_ws/install/robotiq_85_driver/lib/python3.10/site-packages:/home/kishu/roboticslab-technical-project/ros2_ws/install/robotiq_85_msgs/local/lib/python3.10/dist-packages:/opt/ros/humble/lib/python3.10/site-packages:/opt/ros/humble/local/lib/python3.10/dist-packages'), ('COLCON', '1'), ('WSL2_GUI_APPS_ENABLED', '1'), ('HOSTTYPE', 'x86_64'), ('WSLENV', ''), ('CMAKE_PREFIX_PATH', '/home/kishu/roboticslab-technical-project/ros2_ws/install/robotiq_85_msgs:/home/kishu/roboticslab-technical-project/ros2_ws/install/robotiq_85_description:/opt/ros/humble')]), 'shell': False}
[3.619727] (-) TimerEvent: {}
[3.623425] (robotiq_85_gripper) CommandEnded: {'returncode': 0}
[3.625823] (robotiq_85_gripper) JobProgress: {'identifier': 'robotiq_85_gripper', 'progress': 'install'}
[3.625959] (robotiq_85_gripper) Command: {'cmd': ['/usr/bin/cmake', '--install', '/home/kishu/roboticslab-technical-project/ros2_ws/build/robotiq_85_gripper'], 'cwd': '/home/kishu/roboticslab-technical-project/ros2_ws/build/robotiq_85_gripper', 'env': OrderedDict([('LESSOPEN', '| /usr/bin/lesspipe %s'), ('USER', 'kishu'), ('SHLVL', '1'), ('LD_LIBRARY_PATH', '/home/kishu/roboticslab-technical-project/ros2_ws/install/robotiq_85_msgs/lib:/usr/lib/x86_64-linux-gnu/gazebo-11/plugins:/opt/ros/humble/opt/rviz_ogre_vendor/lib:/opt/ros/humble/lib/x86_64-linux-gnu:/opt/ros/humble/lib'), ('HOME', '/home/kishu'), ('OLDPWD', '/home/kishu'), ('ROS_PYTHON_VERSION', '3'), ('DBUS_SESSION_BUS_ADDRESS', 'unix:path=/run/user/1000/bus'), ('WSL_DISTRO_NAME', 'Ubuntu-22.04'), ('WAYLAND_DISPLAY', 'wayland-0'), ('ROS_DISTRO', 'humble'), ('LOGNAME', 'kishu'), ('NAME', 'DESKTOP-07TM2Q3'), ('WSL_INTEROP', '/run/WSL/4941_interop'), ('PULSE_SERVER', 'unix:/mnt/wslg/PulseServer'), ('_', '/usr/bin/colcon'), ('ROS_VERSION', '2'), ('TERM', 'xterm-256color'), ('GAZEBO_MODEL_PATH', '/home/kishu/roboticslab-technical-project/models::/opt/ros/humble/share/turtlebot3_gazebo/models'), ('ROS_LOCALHOST_ONLY', '0'), ('PATH', '/home/kishu/.local/bin:/opt/ros/humble/bin:/usr/local/sbin:/usr/local/bin:/usr/sbin:/usr/bin:/sbin:/bin:/usr/games:/usr/local/games:/usr/lib/wsl/lib:/mnt/c/Program Files/WindowsApps/CanonicalGroupLimited.Ubuntu22.04LTS_2204.5.10021.0_x64__79rhkp1fndgsc:/mnt/c/Windows/system32:/mnt/c/Windows:/mnt/c/Windows/System32/Wbem:/mnt/c/Windows/System32/WindowsPowerShell/v1.0/:/mnt/c/Windows/System32/OpenSSH/:/mnt/c/Program Files/Git/cmd:/mnt/c/Users/Mohamad/AppData/Local/Microsoft/WindowsApps:/mnt/c/Users/Mohamad/AppData/Local/Programs/Microsoft VS Code/bin:/mnt/c/Users/Mohamad/AppData/Local/GitHubDesktop/bin:/snap/bin'), ('XDG_RUNTIME_DIR', '/run/user/1000/'), ('DISPLAY', ':0'), ('LANG', 'C.UTF-8'), ('LS_COLORS', 'rs=0:di=01;34:ln=01;36:mh=00:pi=40;33:so=01;35:do=01;35:bd=40;33;01:cd=40;33;01:or=40;31;01:mi=00:su=37;41:sg=30;43:ca=30;41:tw=30;42:ow=34;42:st=37;44:ex=01;32:*.tar=01;31:*.tgz=01;31:*.arc=01;31:*.arj=01;31:*.taz=01;31:*.lha=01;31:*.lz4=01;31:*.lzh=01;31:*.lzma=01;31:*.tlz=01;31:*.txz=01;31:*.tzo=01;31:*.t7z=01;31:*.zip=01;31:*.z=01;31:*.dz=01;31:*.gz=01;31:*.lrz=01;31:*.lz=01;31:*.lzo=01;31:*.xz=01;31:*.zst=01;31:*.tzst=01;31:*.bz2=01;31:*.bz=01;31:*.tbz=01;31:*.tbz2=01;31:*.tz=01;31:*.deb=01;31:*.rpm=01;31:*.jar=01;31:*.war=01;31:*.ear=01;31:*.sar=01;31:*.rar=01;31:*.alz=01;31:*.ace=01;31:*.zoo=01;31:*.cpio=01;31:*.7z=01;31:*.rz=01;31:*.cab=01;31:*.wim=01;31:*.swm=01;31:*.dwm=01;31:*.esd=01;31:*.jpg=01;35:*.jpeg=01;35:*.mjpg=01;35:*.mjpeg=01;35:*.gif=01;35:*.bmp=01;35:*.pbm=01;35:*.pgm=01;35:*.ppm=01;35:*.tga=01;35:*.xbm=01;35:*.xpm=01;35:*.tif=01;35:*.tiff=01;35:*.png=01;35:*.svg=01;35:*.svgz=01;35:*.mng=01;35:*.pcx=01;35:*.mov=01;35:*.mpg=01;35:*.mpeg=01;35:*.m2v=01;35:*.mkv=01;35:*.webm=01;35:*.webp=01;35:*.ogm=01;35:*.mp4=01;35:*.m4v=01;35:*.mp4v=01;35:*.vob=01;35:*.qt=01;35:*.nuv=01;35:*.wmv=01;35:*.asf=01;35:*.rm=01;35:*.rmvb=01;35:*.flc=01;35:*.avi=01;35:*.fli=01;35:*.flv=01;35:*.gl=01;35:*.dl=01;35:*.xcf=01;35:*.xwd=01;35:*.yuv=01;35:*.cgm=01;35:*.emf=01;35:*.ogv=01;35:*.ogx=01;35:*.aac=00;36:*.au=00;36:*.flac=00;36:*.m4a=00;36:*.mid=00;36:*.midi=00;36:*.mka=00;36:*.mp3=00;36:*.mpc=00;36:*.ogg=00;36:*.ra=00;36:*.wav=00;36:*.oga=00;36:*.opus=00;36:*.spx=00;36:*.xspf=00;36:'), ('AMENT_PREFIX_PATH', '/home/kishu/roboticslab-technical-project/ros2_ws/install/robotiq_85_driver:/home/kishu/roboticslab-technical-project/ros2_ws/install/robotiq_85_msgs:/home/kishu/roboticslab-technical-project/ros2_ws/install/robotiq_85_description:/opt/ros/humble'), ('SHELL', '/bin/bash'), ('LESSCLOSE', '/usr/bin/lesspipe %s %s'), ('PWD', '/home/kishu/roboticslab-technical-project/ros2_ws/build/robotiq_85_gripper'), ('TURTLEBOT3_MODEL', 'waffle_pi'), ('XDG_DATA_DIRS', '/usr/local/share:/usr/share:/var/lib/snapd/desktop'), ('PYTHONPATH', '/home/kishu/roboticslab-technical-project/ros2_ws/build/robotiq_85_driver:/home/kishu/roboticslab-technical-project/ros2_ws/install/robotiq_85_driver/lib/python3.10/site-packages:/home/kishu/roboticslab-technical-project/ros2_ws/install/robotiq_85_msgs/local/lib/python3.10/dist-packages:/opt/ros/humble/lib/python3.10/site-packages:/opt/ros/humble/local/lib/python3.10/dist-packages'), ('COLCON', '1'), ('WSL2_GUI_APPS_ENABLED', '1'), ('HOSTTYPE', 'x86_64'), ('WSLENV', ''), ('CMAKE_PREFIX_PATH', '/home/kishu/roboticslab-technical-project/ros2_ws/install/robotiq_85_msgs:/home/kishu/roboticslab-technical-project/ros2_ws/install/robotiq_85_description:/opt/ros/humble')]), 'shell': False}
[3.635957] (robotiq_85_gripper) StdoutLine: {'line': b'-- Install configuration: ""\n'}
[3.636623] (robotiq_85_gripper) StdoutLine: {'line': b'-- Execute custom install script\n'}
[3.637085] (robotiq_85_gripper) StdoutLine: {'line': b'-- Up-to-date symlink: /home/kishu/roboticslab-technical-project/ros2_ws/install/robotiq_85_gripper/share/ament_index/resource_index/package_run_dependencies/robotiq_85_gripper\n'}
[3.637436] (robotiq_85_gripper) StdoutLine: {'line': b'-- Up-to-date symlink: /home/kishu/roboticslab-technical-project/ros2_ws/install/robotiq_85_gripper/share/ament_index/resource_index/parent_prefix_path/robotiq_85_gripper\n'}
[3.637891] (robotiq_85_gripper) StdoutLine: {'line': b'-- Up-to-date symlink: /home/kishu/roboticslab-technical-project/ros2_ws/install/robotiq_85_gripper/share/robotiq_85_gripper/environment/ament_prefix_path.sh\n'}
[3.638265] (robotiq_85_gripper) StdoutLine: {'line': b'-- Up-to-date symlink: /home/kishu/roboticslab-technical-project/ros2_ws/install/robotiq_85_gripper/share/robotiq_85_gripper/environment/ament_prefix_path.dsv\n'}
[3.638822] (robotiq_85_gripper) StdoutLine: {'line': b'-- Up-to-date symlink: /home/kishu/roboticslab-technical-project/ros2_ws/install/robotiq_85_gripper/share/robotiq_85_gripper/environment/path.sh\n'}
[3.639224] (robotiq_85_gripper) StdoutLine: {'line': b'-- Up-to-date symlink: /home/kishu/roboticslab-technical-project/ros2_ws/install/robotiq_85_gripper/share/robotiq_85_gripper/environment/path.dsv\n'}
[3.639522] (robotiq_85_gripper) StdoutLine: {'line': b'-- Up-to-date symlink: /home/kishu/roboticslab-technical-project/ros2_ws/install/robotiq_85_gripper/share/robotiq_85_gripper/local_setup.bash\n'}
[3.639851] (robotiq_85_gripper) StdoutLine: {'line': b'-- Up-to-date symlink: /home/kishu/roboticslab-technical-project/ros2_ws/install/robotiq_85_gripper/share/robotiq_85_gripper/local_setup.sh\n'}
[3.640105] (robotiq_85_gripper) StdoutLine: {'line': b'-- Up-to-date symlink: /home/kishu/roboticslab-technical-project/ros2_ws/install/robotiq_85_gripper/share/robotiq_85_gripper/local_setup.zsh\n'}
[3.640408] (robotiq_85_gripper) StdoutLine: {'line': b'-- Up-to-date symlink: /home/kishu/roboticslab-technical-project/ros2_ws/install/robotiq_85_gripper/share/robotiq_85_gripper/local_setup.dsv\n'}
[3.640761] (robotiq_85_gripper) StdoutLine: {'line': b'-- Symlinking: /home/kishu/roboticslab-technical-project/ros2_ws/install/robotiq_85_gripper/share/robotiq_85_gripper/package.dsv\n'}
[3.652764] (robotiq_85_gripper) StdoutLine: {'line': b'-- Up-to-date symlink: /home/kishu/roboticslab-technical-project/ros2_ws/install/robotiq_85_gripper/share/ament_index/resource_index/packages/robotiq_85_gripper\n'}
[3.653245] (robotiq_85_gripper) StdoutLine: {'line': b'-- Up-to-date symlink: /home/kishu/roboticslab-technical-project/ros2_ws/install/robotiq_85_gripper/share/robotiq_85_gripper/cmake/robotiq_85_gripperConfig.cmake\n'}
[3.653806] (robotiq_85_gripper) StdoutLine: {'line': b'-- Up-to-date symlink: /home/kishu/roboticslab-technical-project/ros2_ws/install/robotiq_85_gripper/share/robotiq_85_gripper/cmake/robotiq_85_gripperConfig-version.cmake\n'}
[3.654289] (robotiq_85_gripper) StdoutLine: {'line': b'-- Up-to-date symlink: /home/kishu/roboticslab-technical-project/ros2_ws/install/robotiq_85_gripper/share/robotiq_85_gripper/package.xml\n'}
[3.657840] (robotiq_85_gripper) CommandEnded: {'returncode': 0}
[3.676755] (robotiq_85_gripper) JobEnded: {'identifier': 'robotiq_85_gripper', 'rc': 0}
[3.679328] (-) EventReactorShutdown: {}
