[0.000000] (-) TimerEvent: {}
[0.000433] (gazebo_ros_link_attacher) JobQueued: {'identifier': 'gazebo_ros_link_attacher', 'dependencies': OrderedDict()}
[0.000516] (multi_robot_coop) JobQueued: {'identifier': 'multi_robot_coop', 'dependencies': OrderedDict()}
[0.000638] (robotiq_85_description) JobQueued: {'identifier': 'robotiq_85_description', 'dependencies': OrderedDict()}
[0.000738] (robotiq_85_msgs) JobQueued: {'identifier': 'robotiq_85_msgs', 'dependencies': OrderedDict()}
[0.000810] (robotiq_85_driver) JobQueued: {'identifier': 'robotiq_85_driver', 'dependencies': OrderedDict([('robotiq_85_msgs', '/home/kishu/roboticslab-technical-project/ros2_ws/install/robotiq_85_msgs')])}
[0.000890] (robotiq_85_gripper) JobQueued: {'identifier': 'robotiq_85_gripper', 'dependencies': OrderedDict([('robotiq_85_description', '/home/kishu/roboticslab-technical-project/ros2_ws/install/robotiq_85_description'), ('robotiq_85_msgs', '/home/kishu/roboticslab-technical-project/ros2_ws/install/robotiq_85_msgs'), ('robotiq_85_driver', '/home/kishu/roboticslab-technical-project/ros2_ws/install/robotiq_85_driver')])}
[0.000957] (robotiq_85_msgs) JobStarted: {'identifier': 'robotiq_85_msgs'}
[0.017411] (robotiq_85_description) JobStarted: {'identifier': 'robotiq_85_description'}
[0.024171] (gazebo_ros_link_attacher) JobStarted: {'identifier': 'gazebo_ros_link_attacher'}
[0.030685] (multi_robot_coop) JobStarted: {'identifier': 'multi_robot_coop'}
[0.048595] (robotiq_85_msgs) JobProgress: {'identifier': 'robotiq_85_msgs', 'progress': 'cmake'}
[0.052590] (robotiq_85_msgs) JobProgress: {'identifier': 'robotiq_85_msgs', 'progress': 'build'}
[0.052705] (robotiq_85_msgs) Command: {'cmd': ['/usr/bin/cmake', '--build', '/home/kishu/roboticslab-technical-project/ros2_ws/build/robotiq_85_msgs', '--', '-j4', '-l4'], 'cwd': '/home/kishu/roboticslab-technical-project/ros2_ws/build/robotiq_85_msgs', 'env': OrderedDict([('LESSOPEN', '| /usr/bin/lesspipe %s'), ('USER', 'kishu'), ('SHLVL', '1'), ('LD_LIBRARY_PATH', '/usr/lib/x86_64-linux-gnu/gazebo-11/plugins:/opt/ros/humble/opt/rviz_ogre_vendor/lib:/opt/ros/humble/lib/x86_64-linux-gnu:/opt/ros/humble/lib'), ('HOME', '/home/kishu'), ('OLDPWD', '/home/kishu'), ('ROS_PYTHON_VERSION', '3'), ('DBUS_SESSION_BUS_ADDRESS', 'unix:path=/run/user/1000/bus'), ('WSL_DISTRO_NAME', 'Ubuntu-22.04'), ('WAYLAND_DISPLAY', 'wayland-0'), ('ROS_DISTRO', 'humble'), ('LOGNAME', 'kishu'), ('NAME', 'DESKTOP-07TM2Q3'), ('WSL_INTEROP', '/run/WSL/320_interop'), ('PULSE_SERVER', 'unix:/mnt/wslg/PulseServer'), ('_', '/usr/bin/colcon'), ('ROS_VERSION', '2'), ('TERM', 'xterm-256color'), ('GAZEBO_MODEL_PATH', '/home/kishu/roboticslab-technical-project/models::/opt/ros/humble/share/turtlebot3_gazebo/models'), ('ROS_LOCALHOST_ONLY', '0'), ('PATH', '/home/kishu/.local/bin:/opt/ros/humble/bin:/usr/local/sbin:/usr/local/bin:/usr/sbin:/usr/bin:/sbin:/bin:/usr/games:/usr/local/games:/usr/lib/wsl/lib:/mnt/c/Program Files/WindowsApps/CanonicalGroupLimited.Ubuntu22.04LTS_2204.5.10021.0_x64__79rhkp1fndgsc:/mnt/c/Windows/system32:/mnt/c/Windows:/mnt/c/Windows/System32/Wbem:/mnt/c/Windows/System32/WindowsPowerShell/v1.0/:/mnt/c/Windows/System32/OpenSSH/:/mnt/c/Program Files/Git/cmd:/mnt/c/Users/Mohamad/AppData/Local/Microsoft/WindowsApps:/mnt/c/Users/Mohamad/AppData/Local/Programs/Microsoft VS Code/bin:/mnt/c/Users/Mohamad/AppData/Local/GitHubDesktop/bin:/snap/bin'), ('XDG_RUNTIME_DIR', '/run/user/1000/'), ('DISPLAY', ':0'), ('LANG', 'C.UTF-8'), ('LS_COLORS', 'rs=0:di=01;34:ln=01;36:mh=00:pi=40;33:so=01;35:do=01;35:bd=40;33;01:cd=40;33;01:or=40;31;01:mi=00:su=37;41:sg=30;43:ca=30;41:tw=30;42:ow=34;42:st=37;44:ex=01;32:*.tar=01;31:*.tgz=01;31:*.arc=01;31:*.arj=01;31:*.taz=01;31:*.lha=01;31:*.lz4=01;31:*.lzh=01;31:*.lzma=01;31:*.tlz=01;31:*.txz=01;31:*.tzo=01;31:*.t7z=01;31:*.zip=01;31:*.z=01;31:*.dz=01;31:*.gz=01;31:*.lrz=01;31:*.lz=01;31:*.lzo=01;31:*.xz=01;31:*.zst=01;31:*.tzst=01;31:*.bz2=01;31:*.bz=01;31:*.tbz=01;31:*.tbz2=01;31:*.tz=01;31:*.deb=01;31:*.rpm=01;31:*.jar=01;31:*.war=01;31:*.ear=01;31:*.sar=01;31:*.rar=01;31:*.alz=01;31:*.ace=01;31:*.zoo=01;31:*.cpio=01;31:*.7z=01;31:*.rz=01;31:*.cab=01;31:*.wim=01;31:*.swm=01;31:*.dwm=01;31:*.esd=01;31:*.jpg=01;35:*.jpeg=01;35:*.mjpg=01;35:*.mjpeg=01;35:*.gif=01;35:*.bmp=01;35:*.pbm=01;35:*.pgm=01;35:*.ppm=01;35:*.tga=01;35:*.xbm=01;35:*.xpm=01;35:*.tif=01;35:*.tiff=01;35:*.png=01;35:*.svg=01;35:*.svgz=01;35:*.mng=01;35:*.pcx=01;35:*.mov=01;35:*.mpg=01;35:*.mpeg=01;35:*.m2v=01;35:*.mkv=01;35:*.webm=01;35:*.webp=01;35:*.ogm=01;35:*.mp4=01;35:*.m4v=01;35:*.mp4v=01;35:*.vob=01;35:*.qt=01;35:*.nuv=01;35:*.wmv=01;35:*.asf=01;35:*.rm=01;35:*.rmvb=01;35:*.flc=01;35:*.avi=01;35:*.fli=01;35:*.flv=01;35:*.gl=01;35:*.dl=01;35:*.xcf=01;35:*.xwd=01;35:*.yuv=01;35:*.cgm=01;35:*.emf=01;35:*.ogv=01;35:*.ogx=01;35:*.aac=00;36:*.au=00;36:*.flac=00;36:*.m4a=00;36:*.mid=00;36:*.midi=00;36:*.mka=00;36:*.mp3=00;36:*.mpc=00;36:*.ogg=00;36:*.ra=00;36:*.wav=00;36:*.oga=00;36:*.opus=00;36:*.spx=00;36:*.xspf=00;36:'), ('AMENT_PREFIX_PATH', '/opt/ros/humble'), ('SHELL', '/bin/bash'), ('LESSCLOSE', '/usr/bin/lesspipe %s %s'), ('PWD', '/home/kishu/roboticslab-technical-project/ros2_ws/build/robotiq_85_msgs'), ('TURTLEBOT3_MODEL', 'waffle_pi'), ('XDG_DATA_DIRS', '/usr/local/share:/usr/share:/var/lib/snapd/desktop'), ('PYTHONPATH', '/opt/ros/humble/lib/python3.10/site-packages:/opt/ros/humble/local/lib/python3.10/dist-packages'), ('COLCON', '1'), ('WSL2_GUI_APPS_ENABLED', '1'), ('HOSTTYPE', 'x86_64'), ('WSLENV', ''), ('CMAKE_PREFIX_PATH', '/opt/ros/humble')]), 'shell': False}
[0.057727] (robotiq_85_description) JobProgress: {'identifier': 'robotiq_85_description', 'progress': 'cmake'}
[0.060386] (robotiq_85_description) JobProgress: {'identifier': 'robotiq_85_description', 'progress': 'build'}
[0.062538] (robotiq_85_description) Command: {'cmd': ['/usr/bin/cmake', '--build', '/home/kishu/roboticslab-technical-project/ros2_ws/build/robotiq_85_description', '--', '-j4', '-l4'], 'cwd': '/home/kishu/roboticslab-technical-project/ros2_ws/build/robotiq_85_description', 'env': OrderedDict([('LESSOPEN', '| /usr/bin/lesspipe %s'), ('USER', 'kishu'), ('SHLVL', '1'), ('LD_LIBRARY_PATH', '/usr/lib/x86_64-linux-gnu/gazebo-11/plugins:/opt/ros/humble/opt/rviz_ogre_vendor/lib:/opt/ros/humble/lib/x86_64-linux-gnu:/opt/ros/humble/lib'), ('HOME', '/home/kishu'), ('OLDPWD', '/home/kishu'), ('ROS_PYTHON_VERSION', '3'), ('DBUS_SESSION_BUS_ADDRESS', 'unix:path=/run/user/1000/bus'), ('WSL_DISTRO_NAME', 'Ubuntu-22.04'), ('WAYLAND_DISPLAY', 'wayland-0'), ('ROS_DISTRO', 'humble'), ('LOGNAME', 'kishu'), ('NAME', 'DESKTOP-07TM2Q3'), ('WSL_INTEROP', '/run/WSL/320_interop'), ('PULSE_SERVER', 'unix:/mnt/wslg/PulseServer'), ('_', '/usr/bin/colcon'), ('ROS_VERSION', '2'), ('TERM', 'xterm-256color'), ('GAZEBO_MODEL_PATH', '/home/kishu/roboticslab-technical-project/models::/opt/ros/humble/share/turtlebot3_gazebo/models'), ('ROS_LOCALHOST_ONLY', '0'), ('PATH', '/home/kishu/.local/bin:/opt/ros/humble/bin:/usr/local/sbin:/usr/local/bin:/usr/sbin:/usr/bin:/sbin:/bin:/usr/games:/usr/local/games:/usr/lib/wsl/lib:/mnt/c/Program Files/WindowsApps/CanonicalGroupLimited.Ubuntu22.04LTS_2204.5.10021.0_x64__79rhkp1fndgsc:/mnt/c/Windows/system32:/mnt/c/Windows:/mnt/c/Windows/System32/Wbem:/mnt/c/Windows/System32/WindowsPowerShell/v1.0/:/mnt/c/Windows/System32/OpenSSH/:/mnt/c/Program Files/Git/cmd:/mnt/c/Users/Mohamad/AppData/Local/Microsoft/WindowsApps:/mnt/c/Users/Mohamad/AppData/Local/Programs/Microsoft VS Code/bin:/mnt/c/Users/Mohamad/AppData/Local/GitHubDesktop/bin:/snap/bin'), ('XDG_RUNTIME_DIR', '/run/user/1000/'), ('DISPLAY', ':0'), ('LANG', 'C.UTF-8'), ('LS_COLORS', 'rs=0:di=01;34:ln=01;36:mh=00:pi=40;33:so=01;35:do=01;35:bd=40;33;01:cd=40;33;01:or=40;31;01:mi=00:su=37;41:sg=30;43:ca=30;41:tw=30;42:ow=34;42:st=37;44:ex=01;32:*.tar=01;31:*.tgz=01;31:*.arc=01;31:*.arj=01;31:*.taz=01;31:*.lha=01;31:*.lz4=01;31:*.lzh=01;31:*.lzma=01;31:*.tlz=01;31:*.txz=01;31:*.tzo=01;31:*.t7z=01;31:*.zip=01;31:*.z=01;31:*.dz=01;31:*.gz=01;31:*.lrz=01;31:*.lz=01;31:*.lzo=01;31:*.xz=01;31:*.zst=01;31:*.tzst=01;31:*.bz2=01;31:*.bz=01;31:*.tbz=01;31:*.tbz2=01;31:*.tz=01;31:*.deb=01;31:*.rpm=01;31:*.jar=01;31:*.war=01;31:*.ear=01;31:*.sar=01;31:*.rar=01;31:*.alz=01;31:*.ace=01;31:*.zoo=01;31:*.cpio=01;31:*.7z=01;31:*.rz=01;31:*.cab=01;31:*.wim=01;31:*.swm=01;31:*.dwm=01;31:*.esd=01;31:*.jpg=01;35:*.jpeg=01;35:*.mjpg=01;35:*.mjpeg=01;35:*.gif=01;35:*.bmp=01;35:*.pbm=01;35:*.pgm=01;35:*.ppm=01;35:*.tga=01;35:*.xbm=01;35:*.xpm=01;35:*.tif=01;35:*.tiff=01;35:*.png=01;35:*.svg=01;35:*.svgz=01;35:*.mng=01;35:*.pcx=01;35:*.mov=01;35:*.mpg=01;35:*.mpeg=01;35:*.m2v=01;35:*.mkv=01;35:*.webm=01;35:*.webp=01;35:*.ogm=01;35:*.mp4=01;35:*.m4v=01;35:*.mp4v=01;35:*.vob=01;35:*.qt=01;35:*.nuv=01;35:*.wmv=01;35:*.asf=01;35:*.rm=01;35:*.rmvb=01;35:*.flc=01;35:*.avi=01;35:*.fli=01;35:*.flv=01;35:*.gl=01;35:*.dl=01;35:*.xcf=01;35:*.xwd=01;35:*.yuv=01;35:*.cgm=01;35:*.emf=01;35:*.ogv=01;35:*.ogx=01;35:*.aac=00;36:*.au=00;36:*.flac=00;36:*.m4a=00;36:*.mid=00;36:*.midi=00;36:*.mka=00;36:*.mp3=00;36:*.mpc=00;36:*.ogg=00;36:*.ra=00;36:*.wav=00;36:*.oga=00;36:*.opus=00;36:*.spx=00;36:*.xspf=00;36:'), ('AMENT_PREFIX_PATH', '/opt/ros/humble'), ('SHELL', '/bin/bash'), ('LESSCLOSE', '/usr/bin/lesspipe %s %s'), ('PWD', '/home/kishu/roboticslab-technical-project/ros2_ws/build/robotiq_85_description'), ('TURTLEBOT3_MODEL', 'waffle_pi'), ('XDG_DATA_DIRS', '/usr/local/share:/usr/share:/var/lib/snapd/desktop'), ('PYTHONPATH', '/opt/ros/humble/lib/python3.10/site-packages:/opt/ros/humble/local/lib/python3.10/dist-packages'), ('COLCON', '1'), ('WSL2_GUI_APPS_ENABLED', '1'), ('HOSTTYPE', 'x86_64'), ('WSLENV', ''), ('CMAKE_PREFIX_PATH', '/opt/ros/humble')]), 'shell': False}
[0.064574] (gazebo_ros_link_attacher) JobProgress: {'identifier': 'gazebo_ros_link_attacher', 'progress': 'cmake'}
[0.069305] (gazebo_ros_link_attacher) JobProgress: {'identifier': 'gazebo_ros_link_attacher', 'progress': 'build'}
[0.071003] (gazebo_ros_link_attacher) Command: {'cmd': ['/usr/bin/cmake', '--build', '/home/kishu/roboticslab-technical-project/ros2_ws/build/gazebo_ros_link_attacher', '--', '-j4', '-l4'], 'cwd': '/home/kishu/roboticslab-technical-project/ros2_ws/build/gazebo_ros_link_attacher', 'env': OrderedDict([('LESSOPEN', '| /usr/bin/lesspipe %s'), ('USER', 'kishu'), ('SHLVL', '1'), ('LD_LIBRARY_PATH', '/usr/lib/x86_64-linux-gnu/gazebo-11/plugins:/opt/ros/humble/opt/rviz_ogre_vendor/lib:/opt/ros/humble/lib/x86_64-linux-gnu:/opt/ros/humble/lib'), ('HOME', '/home/kishu'), ('OLDPWD', '/home/kishu'), ('ROS_PYTHON_VERSION', '3'), ('DBUS_SESSION_BUS_ADDRESS', 'unix:path=/run/user/1000/bus'), ('WSL_DISTRO_NAME', 'Ubuntu-22.04'), ('WAYLAND_DISPLAY', 'wayland-0'), ('ROS_DISTRO', 'humble'), ('LOGNAME', 'kishu'), ('NAME', 'DESKTOP-07TM2Q3'), ('WSL_INTEROP', '/run/WSL/320_interop'), ('PULSE_SERVER', 'unix:/mnt/wslg/PulseServer'), ('_', '/usr/bin/colcon'), ('ROS_VERSION', '2'), ('TERM', 'xterm-256color'), ('GAZEBO_MODEL_PATH', '/home/kishu/roboticslab-technical-project/models::/opt/ros/humble/share/turtlebot3_gazebo/models'), ('ROS_LOCALHOST_ONLY', '0'), ('PATH', '/home/kishu/.local/bin:/opt/ros/humble/bin:/usr/local/sbin:/usr/local/bin:/usr/sbin:/usr/bin:/sbin:/bin:/usr/games:/usr/local/games:/usr/lib/wsl/lib:/mnt/c/Program Files/WindowsApps/CanonicalGroupLimited.Ubuntu22.04LTS_2204.5.10021.0_x64__79rhkp1fndgsc:/mnt/c/Windows/system32:/mnt/c/Windows:/mnt/c/Windows/System32/Wbem:/mnt/c/Windows/System32/WindowsPowerShell/v1.0/:/mnt/c/Windows/System32/OpenSSH/:/mnt/c/Program Files/Git/cmd:/mnt/c/Users/Mohamad/AppData/Local/Microsoft/WindowsApps:/mnt/c/Users/Mohamad/AppData/Local/Programs/Microsoft VS Code/bin:/mnt/c/Users/Mohamad/AppData/Local/GitHubDesktop/bin:/snap/bin'), ('XDG_RUNTIME_DIR', '/run/user/1000/'), ('DISPLAY', ':0'), ('LANG', 'C.UTF-8'), ('LS_COLORS', 'rs=0:di=01;34:ln=01;36:mh=00:pi=40;33:so=01;35:do=01;35:bd=40;33;01:cd=40;33;01:or=40;31;01:mi=00:su=37;41:sg=30;43:ca=30;41:tw=30;42:ow=34;42:st=37;44:ex=01;32:*.tar=01;31:*.tgz=01;31:*.arc=01;31:*.arj=01;31:*.taz=01;31:*.lha=01;31:*.lz4=01;31:*.lzh=01;31:*.lzma=01;31:*.tlz=01;31:*.txz=01;31:*.tzo=01;31:*.t7z=01;31:*.zip=01;31:*.z=01;31:*.dz=01;31:*.gz=01;31:*.lrz=01;31:*.lz=01;31:*.lzo=01;31:*.xz=01;31:*.zst=01;31:*.tzst=01;31:*.bz2=01;31:*.bz=01;31:*.tbz=01;31:*.tbz2=01;31:*.tz=01;31:*.deb=01;31:*.rpm=01;31:*.jar=01;31:*.war=01;31:*.ear=01;31:*.sar=01;31:*.rar=01;31:*.alz=01;31:*.ace=01;31:*.zoo=01;31:*.cpio=01;31:*.7z=01;31:*.rz=01;31:*.cab=01;31:*.wim=01;31:*.swm=01;31:*.dwm=01;31:*.esd=01;31:*.jpg=01;35:*.jpeg=01;35:*.mjpg=01;35:*.mjpeg=01;35:*.gif=01;35:*.bmp=01;35:*.pbm=01;35:*.pgm=01;35:*.ppm=01;35:*.tga=01;35:*.xbm=01;35:*.xpm=01;35:*.tif=01;35:*.tiff=01;35:*.png=01;35:*.svg=01;35:*.svgz=01;35:*.mng=01;35:*.pcx=01;35:*.mov=01;35:*.mpg=01;35:*.mpeg=01;35:*.m2v=01;35:*.mkv=01;35:*.webm=01;35:*.webp=01;35:*.ogm=01;35:*.mp4=01;35:*.m4v=01;35:*.mp4v=01;35:*.vob=01;35:*.qt=01;35:*.nuv=01;35:*.wmv=01;35:*.asf=01;35:*.rm=01;35:*.rmvb=01;35:*.flc=01;35:*.avi=01;35:*.fli=01;35:*.flv=01;35:*.gl=01;35:*.dl=01;35:*.xcf=01;35:*.xwd=01;35:*.yuv=01;35:*.cgm=01;35:*.emf=01;35:*.ogv=01;35:*.ogx=01;35:*.aac=00;36:*.au=00;36:*.flac=00;36:*.m4a=00;36:*.mid=00;36:*.midi=00;36:*.mka=00;36:*.mp3=00;36:*.mpc=00;36:*.ogg=00;36:*.ra=00;36:*.wav=00;36:*.oga=00;36:*.opus=00;36:*.spx=00;36:*.xspf=00;36:'), ('AMENT_PREFIX_PATH', '/opt/ros/humble'), ('SHELL', '/bin/bash'), ('LESSCLOSE', '/usr/bin/lesspipe %s %s'), ('PWD', '/home/kishu/roboticslab-technical-project/ros2_ws/build/gazebo_ros_link_attacher'), ('TURTLEBOT3_MODEL', 'waffle_pi'), ('XDG_DATA_DIRS', '/usr/local/share:/usr/share:/var/lib/snapd/desktop'), ('PYTHONPATH', '/opt/ros/humble/lib/python3.10/site-packages:/opt/ros/humble/local/lib/python3.10/dist-packages'), ('COLCON', '1'), ('WSL2_GUI_APPS_ENABLED', '1'), ('HOSTTYPE', 'x86_64'), ('WSLENV', ''), ('CMAKE_PREFIX_PATH', '/opt/ros/humble')]), 'shell': False}
[0.098360] (-) TimerEvent: {}
[0.198857] (-) TimerEvent: {}
[0.300294] (-) TimerEvent: {}
[0.301096] (robotiq_85_msgs) StdoutLine: {'line': b'[  2%] Built target robotiq_85_msgs__cpp\n'}
[0.311536] (robotiq_85_msgs) StdoutLine: {'line': b'[  2%] Built target ament_cmake_python_symlink_robotiq_85_msgs\n'}
[0.348083] (gazebo_ros_link_attacher) StdoutLine: {'line': b'[  3%] Built target gazebo_ros_link_attacher__cpp\n'}
[0.383843] (gazebo_ros_link_attacher) StdoutLine: {'line': b'[  3%] Built target ament_cmake_python_symlink_gazebo_ros_link_attacher\n'}
[0.395840] (robotiq_85_msgs) StdoutLine: {'line': b'[ 12%] Built target robotiq_85_msgs__rosidl_generator_c\n'}
[0.396790] (gazebo_ros_link_attacher) StdoutLine: {'line': b'[ 12%] Built target gazebo_ros_link_attacher__rosidl_generator_c\n'}
[0.400396] (-) TimerEvent: {}
[0.452324] (gazebo_ros_link_attacher) StdoutLine: {'line': b'[ 21%] Built target gazebo_ros_link_attacher__rosidl_typesupport_cpp\n'}
[0.472061] (robotiq_85_msgs) StdoutLine: {'line': b'[ 23%] Built target robotiq_85_msgs__rosidl_typesupport_cpp\n'}
[0.481224] (robotiq_85_msgs) StdoutLine: {'line': b'[ 33%] Built target robotiq_85_msgs__rosidl_typesupport_fastrtps_cpp\n'}
[0.485876] (robotiq_85_msgs) StdoutLine: {'line': b'[ 43%] Built target robotiq_85_msgs__rosidl_typesupport_introspection_cpp\n'}
[0.486321] (gazebo_ros_link_attacher) StdoutLine: {'line': b'[ 30%] Built target gazebo_ros_link_attacher__rosidl_typesupport_fastrtps_cpp\n'}
[0.500500] (-) TimerEvent: {}
[0.506778] (gazebo_ros_link_attacher) StdoutLine: {'line': b'[ 39%] Built target gazebo_ros_link_attacher__rosidl_typesupport_introspection_cpp\n'}
[0.597957] (robotiq_85_msgs) StdoutLine: {'line': b'[ 53%] Built target robotiq_85_msgs__rosidl_typesupport_c\n'}
[0.602980] (-) TimerEvent: {}
[0.603357] (gazebo_ros_link_attacher) StdoutLine: {'line': b'[ 48%] Built target gazebo_ros_link_attacher__rosidl_typesupport_introspection_c\n'}
[0.608111] (robotiq_85_msgs) StdoutLine: {'line': b'[ 64%] Built target robotiq_85_msgs__rosidl_typesupport_fastrtps_c\n'}
[0.609096] (gazebo_ros_link_attacher) StdoutLine: {'line': b'[ 57%] Built target gazebo_ros_link_attacher__rosidl_typesupport_fastrtps_c\n'}
[0.610373] (robotiq_85_msgs) StdoutLine: {'line': b'[ 74%] Built target robotiq_85_msgs__rosidl_typesupport_introspection_c\n'}
[0.636502] (gazebo_ros_link_attacher) StdoutLine: {'line': b'[ 66%] Built target gazebo_ros_link_attacher__rosidl_typesupport_c\n'}
[0.681976] (robotiq_85_msgs) StdoutLine: {'line': b'[ 74%] Built target robotiq_85_msgs\n'}
[0.703103] (-) TimerEvent: {}
[0.742598] (gazebo_ros_link_attacher) StdoutLine: {'line': b'[ 66%] Built target gazebo_ros_link_attacher\n'}
[0.784734] (robotiq_85_msgs) StdoutLine: {'line': b'[ 76%] Built target robotiq_85_msgs__py\n'}
[0.804044] (-) TimerEvent: {}
[0.818034] (gazebo_ros_link_attacher) StdoutLine: {'line': b'[ 69%] Built target gazebo_ros_link_attacher__py\n'}
[0.895145] (gazebo_ros_link_attacher) StdoutLine: {'line': b'[ 75%] Built target gazebo_ros_link_attacher__rosidl_generator_py\n'}
[0.907340] (-) TimerEvent: {}
[0.910394] (robotiq_85_msgs) StdoutLine: {'line': b'[ 84%] Built target robotiq_85_msgs__rosidl_generator_py\n'}
[1.005442] (gazebo_ros_link_attacher) StdoutLine: {'line': b'[ 81%] Built target gazebo_ros_link_attacher__rosidl_typesupport_fastrtps_c__pyext\n'}
[1.010100] (-) TimerEvent: {}
[1.044054] (gazebo_ros_link_attacher) StdoutLine: {'line': b'[ 87%] Built target gazebo_ros_link_attacher__rosidl_typesupport_introspection_c__pyext\n'}
[1.047019] (robotiq_85_msgs) StdoutLine: {'line': b'[ 89%] Built target robotiq_85_msgs__rosidl_typesupport_introspection_c__pyext\n'}
[1.051680] (robotiq_85_msgs) StdoutLine: {'line': b'[ 94%] Built target robotiq_85_msgs__rosidl_typesupport_c__pyext\n'}
[1.060160] (robotiq_85_msgs) StdoutLine: {'line': b'[100%] Built target robotiq_85_msgs__rosidl_typesupport_fastrtps_c__pyext\n'}
[1.060492] (robotiq_85_description) CommandEnded: {'returncode': 0}
[1.067341] (robotiq_85_description) JobProgress: {'identifier': 'robotiq_85_description', 'progress': 'install'}
[1.085182] (gazebo_ros_link_attacher) StdoutLine: {'line': b'[ 93%] Built target gazebo_ros_link_attacher__rosidl_typesupport_c__pyext\n'}
[1.086847] (robotiq_85_description) Command: {'cmd': ['/usr/bin/cmake', '--install', '/home/kishu/roboticslab-technical-project/ros2_ws/build/robotiq_85_description'], 'cwd': '/home/kishu/roboticslab-technical-project/ros2_ws/build/robotiq_85_description', 'env': OrderedDict([('LESSOPEN', '| /usr/bin/lesspipe %s'), ('USER', 'kishu'), ('SHLVL', '1'), ('LD_LIBRARY_PATH', '/usr/lib/x86_64-linux-gnu/gazebo-11/plugins:/opt/ros/humble/opt/rviz_ogre_vendor/lib:/opt/ros/humble/lib/x86_64-linux-gnu:/opt/ros/humble/lib'), ('HOME', '/home/kishu'), ('OLDPWD', '/home/kishu'), ('ROS_PYTHON_VERSION', '3'), ('DBUS_SESSION_BUS_ADDRESS', 'unix:path=/run/user/1000/bus'), ('WSL_DISTRO_NAME', 'Ubuntu-22.04'), ('WAYLAND_DISPLAY', 'wayland-0'), ('ROS_DISTRO', 'humble'), ('LOGNAME', 'kishu'), ('NAME', 'DESKTOP-07TM2Q3'), ('WSL_INTEROP', '/run/WSL/320_interop'), ('PULSE_SERVER', 'unix:/mnt/wslg/PulseServer'), ('_', '/usr/bin/colcon'), ('ROS_VERSION', '2'), ('TERM', 'xterm-256color'), ('GAZEBO_MODEL_PATH', '/home/kishu/roboticslab-technical-project/models::/opt/ros/humble/share/turtlebot3_gazebo/models'), ('ROS_LOCALHOST_ONLY', '0'), ('PATH', '/home/kishu/.local/bin:/opt/ros/humble/bin:/usr/local/sbin:/usr/local/bin:/usr/sbin:/usr/bin:/sbin:/bin:/usr/games:/usr/local/games:/usr/lib/wsl/lib:/mnt/c/Program Files/WindowsApps/CanonicalGroupLimited.Ubuntu22.04LTS_2204.5.10021.0_x64__79rhkp1fndgsc:/mnt/c/Windows/system32:/mnt/c/Windows:/mnt/c/Windows/System32/Wbem:/mnt/c/Windows/System32/WindowsPowerShell/v1.0/:/mnt/c/Windows/System32/OpenSSH/:/mnt/c/Program Files/Git/cmd:/mnt/c/Users/Mohamad/AppData/Local/Microsoft/WindowsApps:/mnt/c/Users/Mohamad/AppData/Local/Programs/Microsoft VS Code/bin:/mnt/c/Users/Mohamad/AppData/Local/GitHubDesktop/bin:/snap/bin'), ('XDG_RUNTIME_DIR', '/run/user/1000/'), ('DISPLAY', ':0'), ('LANG', 'C.UTF-8'), ('LS_COLORS', 'rs=0:di=01;34:ln=01;36:mh=00:pi=40;33:so=01;35:do=01;35:bd=40;33;01:cd=40;33;01:or=40;31;01:mi=00:su=37;41:sg=30;43:ca=30;41:tw=30;42:ow=34;42:st=37;44:ex=01;32:*.tar=01;31:*.tgz=01;31:*.arc=01;31:*.arj=01;31:*.taz=01;31:*.lha=01;31:*.lz4=01;31:*.lzh=01;31:*.lzma=01;31:*.tlz=01;31:*.txz=01;31:*.tzo=01;31:*.t7z=01;31:*.zip=01;31:*.z=01;31:*.dz=01;31:*.gz=01;31:*.lrz=01;31:*.lz=01;31:*.lzo=01;31:*.xz=01;31:*.zst=01;31:*.tzst=01;31:*.bz2=01;31:*.bz=01;31:*.tbz=01;31:*.tbz2=01;31:*.tz=01;31:*.deb=01;31:*.rpm=01;31:*.jar=01;31:*.war=01;31:*.ear=01;31:*.sar=01;31:*.rar=01;31:*.alz=01;31:*.ace=01;31:*.zoo=01;31:*.cpio=01;31:*.7z=01;31:*.rz=01;31:*.cab=01;31:*.wim=01;31:*.swm=01;31:*.dwm=01;31:*.esd=01;31:*.jpg=01;35:*.jpeg=01;35:*.mjpg=01;35:*.mjpeg=01;35:*.gif=01;35:*.bmp=01;35:*.pbm=01;35:*.pgm=01;35:*.ppm=01;35:*.tga=01;35:*.xbm=01;35:*.xpm=01;35:*.tif=01;35:*.tiff=01;35:*.png=01;35:*.svg=01;35:*.svgz=01;35:*.mng=01;35:*.pcx=01;35:*.mov=01;35:*.mpg=01;35:*.mpeg=01;35:*.m2v=01;35:*.mkv=01;35:*.webm=01;35:*.webp=01;35:*.ogm=01;35:*.mp4=01;35:*.m4v=01;35:*.mp4v=01;35:*.vob=01;35:*.qt=01;35:*.nuv=01;35:*.wmv=01;35:*.asf=01;35:*.rm=01;35:*.rmvb=01;35:*.flc=01;35:*.avi=01;35:*.fli=01;35:*.flv=01;35:*.gl=01;35:*.dl=01;35:*.xcf=01;35:*.xwd=01;35:*.yuv=01;35:*.cgm=01;35:*.emf=01;35:*.ogv=01;35:*.ogx=01;35:*.aac=00;36:*.au=00;36:*.flac=00;36:*.m4a=00;36:*.mid=00;36:*.midi=00;36:*.mka=00;36:*.mp3=00;36:*.mpc=00;36:*.ogg=00;36:*.ra=00;36:*.wav=00;36:*.oga=00;36:*.opus=00;36:*.spx=00;36:*.xspf=00;36:'), ('AMENT_PREFIX_PATH', '/opt/ros/humble'), ('SHELL', '/bin/bash'), ('LESSCLOSE', '/usr/bin/lesspipe %s %s'), ('PWD', '/home/kishu/roboticslab-technical-project/ros2_ws/build/robotiq_85_description'), ('TURTLEBOT3_MODEL', 'waffle_pi'), ('XDG_DATA_DIRS', '/usr/local/share:/usr/share:/var/lib/snapd/desktop'), ('PYTHONPATH', '/opt/ros/humble/lib/python3.10/site-packages:/opt/ros/humble/local/lib/python3.10/dist-packages'), ('COLCON', '1'), ('WSL2_GUI_APPS_ENABLED', '1'), ('HOSTTYPE', 'x86_64'), ('WSLENV', ''), ('CMAKE_PREFIX_PATH', '/opt/ros/humble')]), 'shell': False}
[1.110216] (-) TimerEvent: {}
[1.111849] (robotiq_85_description) StdoutLine: {'line': b'-- Install configuration: ""\n'}
[1.121100] (robotiq_85_description) StdoutLine: {'line': b'-- Execute custom install script\n'}
[1.129320] (robotiq_85_description) StdoutLine: {'line': b'-- Up-to-date symlink: /home/kishu/roboticslab-technical-project/ros2_ws/install/robotiq_85_description/share/robotiq_85_description/config/view_gripper.rviz\n'}
[1.131823] (robotiq_85_description) StdoutLine: {'line': b'-- Up-to-date symlink: /home/kishu/roboticslab-technical-project/ros2_ws/install/robotiq_85_description/share/robotiq_85_description/launch/view_gripper.launch.py\n'}
[1.138718] (robotiq_85_description) StdoutLine: {'line': b'-- Up-to-date symlink: /home/kishu/roboticslab-technical-project/ros2_ws/install/robotiq_85_description/share/robotiq_85_description/meshes/collision/robotiq_85_base_link.stl\n'}
[1.139980] (robotiq_85_description) StdoutLine: {'line': b'-- Up-to-date symlink: /home/kishu/roboticslab-technical-project/ros2_ws/install/robotiq_85_description/share/robotiq_85_description/meshes/collision/robotiq_85_finger_link.stl\n'}
[1.141937] (robotiq_85_description) StdoutLine: {'line': b'-- Up-to-date symlink: /home/kishu/roboticslab-technical-project/ros2_ws/install/robotiq_85_description/share/robotiq_85_description/meshes/collision/robotiq_85_finger_tip_link.stl\n'}
[1.143292] (robotiq_85_description) StdoutLine: {'line': b'-- Up-to-date symlink: /home/kishu/roboticslab-technical-project/ros2_ws/install/robotiq_85_description/share/robotiq_85_description/meshes/collision/robotiq_85_inner_knuckle_link.stl\n'}
[1.144868] (robotiq_85_description) StdoutLine: {'line': b'-- Up-to-date symlink: /home/kishu/roboticslab-technical-project/ros2_ws/install/robotiq_85_description/share/robotiq_85_description/meshes/collision/robotiq_85_knuckle_link.stl\n'}
[1.146257] (robotiq_85_description) StdoutLine: {'line': b'-- Up-to-date symlink: /home/kishu/roboticslab-technical-project/ros2_ws/install/robotiq_85_description/share/robotiq_85_description/meshes/collision/ur_to_robotiq_adapter.stl\n'}
[1.148377] (robotiq_85_description) StdoutLine: {'line': b'-- Up-to-date symlink: /home/kishu/roboticslab-technical-project/ros2_ws/install/robotiq_85_description/share/robotiq_85_description/meshes/visual/robotiq_85_base_link.dae\n'}
[1.149190] (robotiq_85_description) StdoutLine: {'line': b'-- Up-to-date symlink: /home/kishu/roboticslab-technical-project/ros2_ws/install/robotiq_85_description/share/robotiq_85_description/meshes/visual/robotiq_85_finger_link.dae\n'}
[1.150428] (robotiq_85_description) StdoutLine: {'line': b'-- Up-to-date symlink: /home/kishu/roboticslab-technical-project/ros2_ws/install/robotiq_85_description/share/robotiq_85_description/meshes/visual/robotiq_85_finger_tip_link.dae\n'}
[1.151632] (robotiq_85_description) StdoutLine: {'line': b'-- Up-to-date symlink: /home/kishu/roboticslab-technical-project/ros2_ws/install/robotiq_85_description/share/robotiq_85_description/meshes/visual/robotiq_85_inner_knuckle_link.dae\n'}
[1.154013] (robotiq_85_description) StdoutLine: {'line': b'-- Up-to-date symlink: /home/kishu/roboticslab-technical-project/ros2_ws/install/robotiq_85_description/share/robotiq_85_description/meshes/visual/robotiq_85_knuckle_link.dae\n'}
[1.161592] (robotiq_85_description) StdoutLine: {'line': b'-- Up-to-date symlink: /home/kishu/roboticslab-technical-project/ros2_ws/install/robotiq_85_description/share/robotiq_85_description/meshes/visual/ur_to_robotiq_adapter.dae\n'}
[1.165330] (robotiq_85_description) StdoutLine: {'line': b'-- Up-to-date symlink: /home/kishu/roboticslab-technical-project/ros2_ws/install/robotiq_85_description/share/robotiq_85_description/urdf/left_robotiq_85_gripper.urdf.xacro\n'}
[1.166201] (robotiq_85_description) StdoutLine: {'line': b'-- Up-to-date symlink: /home/kishu/roboticslab-technical-project/ros2_ws/install/robotiq_85_description/share/robotiq_85_description/urdf/right_robotiq_85_gripper.urdf.xacro\n'}
[1.167391] (robotiq_85_description) StdoutLine: {'line': b'-- Up-to-date symlink: /home/kishu/roboticslab-technical-project/ros2_ws/install/robotiq_85_description/share/robotiq_85_description/urdf/robotiq_85_gripper.ros2_control.xacro\n'}
[1.169006] (robotiq_85_description) StdoutLine: {'line': b'-- Up-to-date symlink: /home/kishu/roboticslab-technical-project/ros2_ws/install/robotiq_85_description/share/robotiq_85_description/urdf/robotiq_85_gripper.transmission.xacro\n'}
[1.170490] (robotiq_85_description) StdoutLine: {'line': b'-- Up-to-date symlink: /home/kishu/roboticslab-technical-project/ros2_ws/install/robotiq_85_description/share/robotiq_85_description/urdf/robotiq_85_gripper.urdf.xacro\n'}
[1.172124] (robotiq_85_description) StdoutLine: {'line': b'-- Up-to-date symlink: /home/kishu/roboticslab-technical-project/ros2_ws/install/robotiq_85_description/share/robotiq_85_description/urdf/robotiq_85_gripper_macro.urdf.xacro\n'}
[1.173359] (robotiq_85_description) StdoutLine: {'line': b'-- Up-to-date symlink: /home/kishu/roboticslab-technical-project/ros2_ws/install/robotiq_85_description/share/robotiq_85_description/urdf/robotiq_85_gripper_sim_base.urdf.xacro\n'}
[1.174798] (robotiq_85_description) StdoutLine: {'line': b'-- Up-to-date symlink: /home/kishu/roboticslab-technical-project/ros2_ws/install/robotiq_85_description/share/robotiq_85_description/urdf/robotiq_arg85_description.urdf.xacro\n'}
[1.176567] (robotiq_85_description) StdoutLine: {'line': b'-- Up-to-date symlink: /home/kishu/roboticslab-technical-project/ros2_ws/install/robotiq_85_description/share/robotiq_85_description/urdf/ur_to_robotiq_adapter.urdf.xacro\n'}
[1.180865] (robotiq_85_description) StdoutLine: {'line': b'-- Up-to-date symlink: /home/kishu/roboticslab-technical-project/ros2_ws/install/robotiq_85_description/share/ament_index/resource_index/package_run_dependencies/robotiq_85_description\n'}
[1.183175] (robotiq_85_description) StdoutLine: {'line': b'-- Up-to-date symlink: /home/kishu/roboticslab-technical-project/ros2_ws/install/robotiq_85_description/share/ament_index/resource_index/parent_prefix_path/robotiq_85_description\n'}
[1.185021] (robotiq_85_description) StdoutLine: {'line': b'-- Up-to-date symlink: /home/kishu/roboticslab-technical-project/ros2_ws/install/robotiq_85_description/share/robotiq_85_description/environment/ament_prefix_path.sh\n'}
[1.187227] (robotiq_85_description) StdoutLine: {'line': b'-- Up-to-date symlink: /home/kishu/roboticslab-technical-project/ros2_ws/install/robotiq_85_description/share/robotiq_85_description/environment/ament_prefix_path.dsv\n'}
[1.188936] (robotiq_85_description) StdoutLine: {'line': b'-- Up-to-date symlink: /home/kishu/roboticslab-technical-project/ros2_ws/install/robotiq_85_description/share/robotiq_85_description/environment/path.sh\n'}
[1.189947] (robotiq_85_description) StdoutLine: {'line': b'-- Up-to-date symlink: /home/kishu/roboticslab-technical-project/ros2_ws/install/robotiq_85_description/share/robotiq_85_description/environment/path.dsv\n'}
[1.191826] (robotiq_85_description) StdoutLine: {'line': b'-- Up-to-date symlink: /home/kishu/roboticslab-technical-project/ros2_ws/install/robotiq_85_description/share/robotiq_85_description/local_setup.bash\n'}
[1.193504] (robotiq_85_description) StdoutLine: {'line': b'-- Up-to-date symlink: /home/kishu/roboticslab-technical-project/ros2_ws/install/robotiq_85_description/share/robotiq_85_description/local_setup.sh\n'}
[1.195088] (robotiq_85_description) StdoutLine: {'line': b'-- Up-to-date symlink: /home/kishu/roboticslab-technical-project/ros2_ws/install/robotiq_85_description/share/robotiq_85_description/local_setup.zsh\n'}
[1.196273] (robotiq_85_description) StdoutLine: {'line': b'-- Up-to-date symlink: /home/kishu/roboticslab-technical-project/ros2_ws/install/robotiq_85_description/share/robotiq_85_description/local_setup.dsv\n'}
[1.198297] (robotiq_85_description) StdoutLine: {'line': b'-- Symlinking: /home/kishu/roboticslab-technical-project/ros2_ws/install/robotiq_85_description/share/robotiq_85_description/package.dsv\n'}
[1.216060] (-) TimerEvent: {}
[1.221559] (robotiq_85_description) StdoutLine: {'line': b'-- Up-to-date symlink: /home/kishu/roboticslab-technical-project/ros2_ws/install/robotiq_85_description/share/ament_index/resource_index/packages/robotiq_85_description\n'}
[1.223311] (robotiq_85_description) StdoutLine: {'line': b'-- Up-to-date symlink: /home/kishu/roboticslab-technical-project/ros2_ws/install/robotiq_85_description/share/robotiq_85_description/cmake/robotiq_85_descriptionConfig.cmake\n'}
[1.224839] (robotiq_85_description) StdoutLine: {'line': b'-- Up-to-date symlink: /home/kishu/roboticslab-technical-project/ros2_ws/install/robotiq_85_description/share/robotiq_85_description/cmake/robotiq_85_descriptionConfig-version.cmake\n'}
[1.226555] (robotiq_85_description) StdoutLine: {'line': b'-- Up-to-date symlink: /home/kishu/roboticslab-technical-project/ros2_ws/install/robotiq_85_description/share/robotiq_85_description/package.xml\n'}
[1.231355] (robotiq_85_description) CommandEnded: {'returncode': 0}
[1.267541] (robotiq_85_msgs) StdoutLine: {'line': b'running egg_info\n'}
[1.274980] (robotiq_85_msgs) StdoutLine: {'line': b'writing robotiq_85_msgs.egg-info/PKG-INFO\n'}
[1.275574] (robotiq_85_msgs) StdoutLine: {'line': b'writing dependency_links to robotiq_85_msgs.egg-info/dependency_links.txt\n'}
[1.275826] (robotiq_85_msgs) StdoutLine: {'line': b'writing top-level names to robotiq_85_msgs.egg-info/top_level.txt\n'}
[1.281164] (robotiq_85_msgs) StdoutLine: {'line': b"reading manifest file 'robotiq_85_msgs.egg-info/SOURCES.txt'\n"}
[1.284329] (robotiq_85_msgs) StdoutLine: {'line': b"writing manifest file 'robotiq_85_msgs.egg-info/SOURCES.txt'\n"}
[1.318637] (robotiq_85_description) JobEnded: {'identifier': 'robotiq_85_description', 'rc': 0}
[1.319526] (-) TimerEvent: {}
[1.356264] (gazebo_ros_link_attacher) StdoutLine: {'line': b'running egg_info\n'}
[1.356614] (gazebo_ros_link_attacher) StdoutLine: {'line': b'writing gazebo_ros_link_attacher.egg-info/PKG-INFO\n'}
[1.356847] (gazebo_ros_link_attacher) StdoutLine: {'line': b'writing dependency_links to gazebo_ros_link_attacher.egg-info/dependency_links.txt\n'}
[1.357074] (gazebo_ros_link_attacher) StdoutLine: {'line': b'writing top-level names to gazebo_ros_link_attacher.egg-info/top_level.txt\n'}
[1.357247] (robotiq_85_msgs) StdoutLine: {'line': b'[100%] Built target ament_cmake_python_build_robotiq_85_msgs_egg\n'}
[1.359935] (gazebo_ros_link_attacher) StdoutLine: {'line': b'[100%] Built target gazebo_ros_link_attacher_plugin\n'}
[1.363059] (gazebo_ros_link_attacher) StdoutLine: {'line': b"reading manifest file 'gazebo_ros_link_attacher.egg-info/SOURCES.txt'\n"}
[1.365349] (gazebo_ros_link_attacher) StdoutLine: {'line': b"writing manifest file 'gazebo_ros_link_attacher.egg-info/SOURCES.txt'\n"}
[1.380111] (robotiq_85_msgs) CommandEnded: {'returncode': 0}
[1.383315] (robotiq_85_msgs) JobProgress: {'identifier': 'robotiq_85_msgs', 'progress': 'install'}
[1.383817] (robotiq_85_msgs) Command: {'cmd': ['/usr/bin/cmake', '--install', '/home/kishu/roboticslab-technical-project/ros2_ws/build/robotiq_85_msgs'], 'cwd': '/home/kishu/roboticslab-technical-project/ros2_ws/build/robotiq_85_msgs', 'env': OrderedDict([('LESSOPEN', '| /usr/bin/lesspipe %s'), ('USER', 'kishu'), ('SHLVL', '1'), ('LD_LIBRARY_PATH', '/usr/lib/x86_64-linux-gnu/gazebo-11/plugins:/opt/ros/humble/opt/rviz_ogre_vendor/lib:/opt/ros/humble/lib/x86_64-linux-gnu:/opt/ros/humble/lib'), ('HOME', '/home/kishu'), ('OLDPWD', '/home/kishu'), ('ROS_PYTHON_VERSION', '3'), ('DBUS_SESSION_BUS_ADDRESS', 'unix:path=/run/user/1000/bus'), ('WSL_DISTRO_NAME', 'Ubuntu-22.04'), ('WAYLAND_DISPLAY', 'wayland-0'), ('ROS_DISTRO', 'humble'), ('LOGNAME', 'kishu'), ('NAME', 'DESKTOP-07TM2Q3'), ('WSL_INTEROP', '/run/WSL/320_interop'), ('PULSE_SERVER', 'unix:/mnt/wslg/PulseServer'), ('_', '/usr/bin/colcon'), ('ROS_VERSION', '2'), ('TERM', 'xterm-256color'), ('GAZEBO_MODEL_PATH', '/home/kishu/roboticslab-technical-project/models::/opt/ros/humble/share/turtlebot3_gazebo/models'), ('ROS_LOCALHOST_ONLY', '0'), ('PATH', '/home/kishu/.local/bin:/opt/ros/humble/bin:/usr/local/sbin:/usr/local/bin:/usr/sbin:/usr/bin:/sbin:/bin:/usr/games:/usr/local/games:/usr/lib/wsl/lib:/mnt/c/Program Files/WindowsApps/CanonicalGroupLimited.Ubuntu22.04LTS_2204.5.10021.0_x64__79rhkp1fndgsc:/mnt/c/Windows/system32:/mnt/c/Windows:/mnt/c/Windows/System32/Wbem:/mnt/c/Windows/System32/WindowsPowerShell/v1.0/:/mnt/c/Windows/System32/OpenSSH/:/mnt/c/Program Files/Git/cmd:/mnt/c/Users/Mohamad/AppData/Local/Microsoft/WindowsApps:/mnt/c/Users/Mohamad/AppData/Local/Programs/Microsoft VS Code/bin:/mnt/c/Users/Mohamad/AppData/Local/GitHubDesktop/bin:/snap/bin'), ('XDG_RUNTIME_DIR', '/run/user/1000/'), ('DISPLAY', ':0'), ('LANG', 'C.UTF-8'), ('LS_COLORS', 'rs=0:di=01;34:ln=01;36:mh=00:pi=40;33:so=01;35:do=01;35:bd=40;33;01:cd=40;33;01:or=40;31;01:mi=00:su=37;41:sg=30;43:ca=30;41:tw=30;42:ow=34;42:st=37;44:ex=01;32:*.tar=01;31:*.tgz=01;31:*.arc=01;31:*.arj=01;31:*.taz=01;31:*.lha=01;31:*.lz4=01;31:*.lzh=01;31:*.lzma=01;31:*.tlz=01;31:*.txz=01;31:*.tzo=01;31:*.t7z=01;31:*.zip=01;31:*.z=01;31:*.dz=01;31:*.gz=01;31:*.lrz=01;31:*.lz=01;31:*.lzo=01;31:*.xz=01;31:*.zst=01;31:*.tzst=01;31:*.bz2=01;31:*.bz=01;31:*.tbz=01;31:*.tbz2=01;31:*.tz=01;31:*.deb=01;31:*.rpm=01;31:*.jar=01;31:*.war=01;31:*.ear=01;31:*.sar=01;31:*.rar=01;31:*.alz=01;31:*.ace=01;31:*.zoo=01;31:*.cpio=01;31:*.7z=01;31:*.rz=01;31:*.cab=01;31:*.wim=01;31:*.swm=01;31:*.dwm=01;31:*.esd=01;31:*.jpg=01;35:*.jpeg=01;35:*.mjpg=01;35:*.mjpeg=01;35:*.gif=01;35:*.bmp=01;35:*.pbm=01;35:*.pgm=01;35:*.ppm=01;35:*.tga=01;35:*.xbm=01;35:*.xpm=01;35:*.tif=01;35:*.tiff=01;35:*.png=01;35:*.svg=01;35:*.svgz=01;35:*.mng=01;35:*.pcx=01;35:*.mov=01;35:*.mpg=01;35:*.mpeg=01;35:*.m2v=01;35:*.mkv=01;35:*.webm=01;35:*.webp=01;35:*.ogm=01;35:*.mp4=01;35:*.m4v=01;35:*.mp4v=01;35:*.vob=01;35:*.qt=01;35:*.nuv=01;35:*.wmv=01;35:*.asf=01;35:*.rm=01;35:*.rmvb=01;35:*.flc=01;35:*.avi=01;35:*.fli=01;35:*.flv=01;35:*.gl=01;35:*.dl=01;35:*.xcf=01;35:*.xwd=01;35:*.yuv=01;35:*.cgm=01;35:*.emf=01;35:*.ogv=01;35:*.ogx=01;35:*.aac=00;36:*.au=00;36:*.flac=00;36:*.m4a=00;36:*.mid=00;36:*.midi=00;36:*.mka=00;36:*.mp3=00;36:*.mpc=00;36:*.ogg=00;36:*.ra=00;36:*.wav=00;36:*.oga=00;36:*.opus=00;36:*.spx=00;36:*.xspf=00;36:'), ('AMENT_PREFIX_PATH', '/opt/ros/humble'), ('SHELL', '/bin/bash'), ('LESSCLOSE', '/usr/bin/lesspipe %s %s'), ('PWD', '/home/kishu/roboticslab-technical-project/ros2_ws/build/robotiq_85_msgs'), ('TURTLEBOT3_MODEL', 'waffle_pi'), ('XDG_DATA_DIRS', '/usr/local/share:/usr/share:/var/lib/snapd/desktop'), ('PYTHONPATH', '/opt/ros/humble/lib/python3.10/site-packages:/opt/ros/humble/local/lib/python3.10/dist-packages'), ('COLCON', '1'), ('WSL2_GUI_APPS_ENABLED', '1'), ('HOSTTYPE', 'x86_64'), ('WSLENV', ''), ('CMAKE_PREFIX_PATH', '/opt/ros/humble')]), 'shell': False}
[1.397898] (robotiq_85_msgs) StdoutLine: {'line': b'-- Install configuration: ""\n'}
[1.399731] (robotiq_85_msgs) StdoutLine: {'line': b'-- Execute custom install script\n'}
[1.402562] (robotiq_85_msgs) StdoutLine: {'line': b'-- Up-to-date symlink: /home/kishu/roboticslab-technical-project/ros2_ws/install/robotiq_85_msgs/share/ament_index/resource_index/rosidl_interfaces/robotiq_85_msgs\n'}
[1.406758] (robotiq_85_msgs) StdoutLine: {'line': b'-- Up-to-date symlink: /home/kishu/roboticslab-technical-project/ros2_ws/install/robotiq_85_msgs/include/robotiq_85_msgs/robotiq_85_msgs/msg/detail/gripper_cmd__functions.h\n'}
[1.407359] (robotiq_85_msgs) StdoutLine: {'line': b'-- Up-to-date symlink: /home/kishu/roboticslab-technical-project/ros2_ws/install/robotiq_85_msgs/include/robotiq_85_msgs/robotiq_85_msgs/msg/detail/gripper_cmd__struct.h\n'}
[1.408263] (robotiq_85_msgs) StdoutLine: {'line': b'-- Up-to-date symlink: /home/kishu/roboticslab-technical-project/ros2_ws/install/robotiq_85_msgs/include/robotiq_85_msgs/robotiq_85_msgs/msg/detail/gripper_cmd__type_support.h\n'}
[1.409087] (robotiq_85_msgs) StdoutLine: {'line': b'-- Up-to-date symlink: /home/kishu/roboticslab-technical-project/ros2_ws/install/robotiq_85_msgs/include/robotiq_85_msgs/robotiq_85_msgs/msg/detail/gripper_stat__functions.h\n'}
[1.409826] (robotiq_85_msgs) StdoutLine: {'line': b'-- Up-to-date symlink: /home/kishu/roboticslab-technical-project/ros2_ws/install/robotiq_85_msgs/include/robotiq_85_msgs/robotiq_85_msgs/msg/detail/gripper_stat__struct.h\n'}
[1.410820] (robotiq_85_msgs) StdoutLine: {'line': b'-- Up-to-date symlink: /home/kishu/roboticslab-technical-project/ros2_ws/install/robotiq_85_msgs/include/robotiq_85_msgs/robotiq_85_msgs/msg/detail/gripper_stat__type_support.h\n'}
[1.411652] (robotiq_85_msgs) StdoutLine: {'line': b'-- Up-to-date symlink: /home/kishu/roboticslab-technical-project/ros2_ws/install/robotiq_85_msgs/include/robotiq_85_msgs/robotiq_85_msgs/msg/gripper_cmd.h\n'}
[1.412742] (robotiq_85_msgs) StdoutLine: {'line': b'-- Up-to-date symlink: /home/kishu/roboticslab-technical-project/ros2_ws/install/robotiq_85_msgs/include/robotiq_85_msgs/robotiq_85_msgs/msg/gripper_stat.h\n'}
[1.413440] (robotiq_85_msgs) StdoutLine: {'line': b'-- Up-to-date symlink: /home/kishu/roboticslab-technical-project/ros2_ws/install/robotiq_85_msgs/include/robotiq_85_msgs/robotiq_85_msgs/msg/rosidl_generator_c__visibility_control.h\n'}
[1.415131] (robotiq_85_msgs) StdoutLine: {'line': b'-- Up-to-date symlink: /home/kishu/roboticslab-technical-project/ros2_ws/install/robotiq_85_msgs/share/robotiq_85_msgs/environment/library_path.sh\n'}
[1.416067] (robotiq_85_msgs) StdoutLine: {'line': b'-- Up-to-date symlink: /home/kishu/roboticslab-technical-project/ros2_ws/install/robotiq_85_msgs/share/robotiq_85_msgs/environment/library_path.dsv\n'}
[1.417647] (robotiq_85_msgs) StdoutLine: {'line': b'-- Up-to-date symlink: /home/kishu/roboticslab-technical-project/ros2_ws/install/robotiq_85_msgs/include/robotiq_85_msgs/robotiq_85_msgs/msg/detail/gripper_cmd__rosidl_typesupport_fastrtps_c.h\n'}
[1.418504] (robotiq_85_msgs) StdoutLine: {'line': b'-- Up-to-date symlink: /home/kishu/roboticslab-technical-project/ros2_ws/install/robotiq_85_msgs/include/robotiq_85_msgs/robotiq_85_msgs/msg/detail/gripper_stat__rosidl_typesupport_fastrtps_c.h\n'}
[1.419239] (robotiq_85_msgs) StdoutLine: {'line': b'-- Up-to-date symlink: /home/kishu/roboticslab-technical-project/ros2_ws/install/robotiq_85_msgs/include/robotiq_85_msgs/robotiq_85_msgs/msg/rosidl_typesupport_fastrtps_c__visibility_control.h\n'}
[1.419661] (-) TimerEvent: {}
[1.422269] (robotiq_85_msgs) StdoutLine: {'line': b'-- Up-to-date symlink: /home/kishu/roboticslab-technical-project/ros2_ws/install/robotiq_85_msgs/include/robotiq_85_msgs/robotiq_85_msgs/msg/detail/gripper_cmd__builder.hpp\n'}
[1.423086] (robotiq_85_msgs) StdoutLine: {'line': b'-- Up-to-date symlink: /home/kishu/roboticslab-technical-project/ros2_ws/install/robotiq_85_msgs/include/robotiq_85_msgs/robotiq_85_msgs/msg/detail/gripper_cmd__struct.hpp\n'}
[1.423854] (robotiq_85_msgs) StdoutLine: {'line': b'-- Up-to-date symlink: /home/kishu/roboticslab-technical-project/ros2_ws/install/robotiq_85_msgs/include/robotiq_85_msgs/robotiq_85_msgs/msg/detail/gripper_cmd__traits.hpp\n'}
[1.424643] (robotiq_85_msgs) StdoutLine: {'line': b'-- Up-to-date symlink: /home/kishu/roboticslab-technical-project/ros2_ws/install/robotiq_85_msgs/include/robotiq_85_msgs/robotiq_85_msgs/msg/detail/gripper_cmd__type_support.hpp\n'}
[1.425136] (gazebo_ros_link_attacher) StdoutLine: {'line': b'[100%] Built target ament_cmake_python_build_gazebo_ros_link_attacher_egg\n'}
[1.425491] (robotiq_85_msgs) StdoutLine: {'line': b'-- Up-to-date symlink: /home/kishu/roboticslab-technical-project/ros2_ws/install/robotiq_85_msgs/include/robotiq_85_msgs/robotiq_85_msgs/msg/detail/gripper_stat__builder.hpp\n'}
[1.426546] (robotiq_85_msgs) StdoutLine: {'line': b'-- Up-to-date symlink: /home/kishu/roboticslab-technical-project/ros2_ws/install/robotiq_85_msgs/include/robotiq_85_msgs/robotiq_85_msgs/msg/detail/gripper_stat__struct.hpp\n'}
[1.427614] (robotiq_85_msgs) StdoutLine: {'line': b'-- Up-to-date symlink: /home/kishu/roboticslab-technical-project/ros2_ws/install/robotiq_85_msgs/include/robotiq_85_msgs/robotiq_85_msgs/msg/detail/gripper_stat__traits.hpp\n'}
[1.436420] (robotiq_85_msgs) StdoutLine: {'line': b'-- Up-to-date symlink: /home/kishu/roboticslab-technical-project/ros2_ws/install/robotiq_85_msgs/include/robotiq_85_msgs/robotiq_85_msgs/msg/detail/gripper_stat__type_support.hpp\n'}
[1.437349] (robotiq_85_msgs) StdoutLine: {'line': b'-- Up-to-date symlink: /home/kishu/roboticslab-technical-project/ros2_ws/install/robotiq_85_msgs/include/robotiq_85_msgs/robotiq_85_msgs/msg/gripper_cmd.hpp\n'}
[1.438458] (robotiq_85_msgs) StdoutLine: {'line': b'-- Up-to-date symlink: /home/kishu/roboticslab-technical-project/ros2_ws/install/robotiq_85_msgs/include/robotiq_85_msgs/robotiq_85_msgs/msg/gripper_stat.hpp\n'}
[1.439621] (robotiq_85_msgs) StdoutLine: {'line': b'-- Up-to-date symlink: /home/kishu/roboticslab-technical-project/ros2_ws/install/robotiq_85_msgs/include/robotiq_85_msgs/robotiq_85_msgs/msg/rosidl_generator_cpp__visibility_control.hpp\n'}
[1.442970] (robotiq_85_msgs) StdoutLine: {'line': b'-- Up-to-date symlink: /home/kishu/roboticslab-technical-project/ros2_ws/install/robotiq_85_msgs/include/robotiq_85_msgs/robotiq_85_msgs/msg/detail/gripper_cmd__rosidl_typesupport_fastrtps_cpp.hpp\n'}
[1.444136] (robotiq_85_msgs) StdoutLine: {'line': b'-- Up-to-date symlink: /home/kishu/roboticslab-technical-project/ros2_ws/install/robotiq_85_msgs/include/robotiq_85_msgs/robotiq_85_msgs/msg/detail/gripper_stat__rosidl_typesupport_fastrtps_cpp.hpp\n'}
[1.446429] (robotiq_85_msgs) StdoutLine: {'line': b'-- Up-to-date symlink: /home/kishu/roboticslab-technical-project/ros2_ws/install/robotiq_85_msgs/include/robotiq_85_msgs/robotiq_85_msgs/msg/rosidl_typesupport_fastrtps_cpp__visibility_control.h\n'}
[1.447065] (robotiq_85_msgs) StdoutLine: {'line': b'-- Up-to-date symlink: /home/kishu/roboticslab-technical-project/ros2_ws/install/robotiq_85_msgs/include/robotiq_85_msgs/robotiq_85_msgs/msg/detail/gripper_cmd__rosidl_typesupport_introspection_c.h\n'}
[1.448710] (robotiq_85_msgs) StdoutLine: {'line': b'-- Up-to-date symlink: /home/kishu/roboticslab-technical-project/ros2_ws/install/robotiq_85_msgs/include/robotiq_85_msgs/robotiq_85_msgs/msg/detail/gripper_stat__rosidl_typesupport_introspection_c.h\n'}
[1.450017] (robotiq_85_msgs) StdoutLine: {'line': b'-- Up-to-date symlink: /home/kishu/roboticslab-technical-project/ros2_ws/install/robotiq_85_msgs/include/robotiq_85_msgs/robotiq_85_msgs/msg/rosidl_typesupport_introspection_c__visibility_control.h\n'}
[1.450283] (gazebo_ros_link_attacher) CommandEnded: {'returncode': 0}
[1.451184] (robotiq_85_msgs) StdoutLine: {'line': b'-- Up-to-date symlink: /home/kishu/roboticslab-technical-project/ros2_ws/install/robotiq_85_msgs/include/robotiq_85_msgs/robotiq_85_msgs/msg/detail/gripper_cmd__rosidl_typesupport_introspection_cpp.hpp\n'}
[1.451696] (robotiq_85_msgs) StdoutLine: {'line': b'-- Up-to-date symlink: /home/kishu/roboticslab-technical-project/ros2_ws/install/robotiq_85_msgs/include/robotiq_85_msgs/robotiq_85_msgs/msg/detail/gripper_stat__rosidl_typesupport_introspection_cpp.hpp\n'}
[1.452833] (robotiq_85_msgs) StdoutLine: {'line': b'-- Up-to-date symlink: /home/kishu/roboticslab-technical-project/ros2_ws/install/robotiq_85_msgs/share/robotiq_85_msgs/environment/pythonpath.sh\n'}
[1.454156] (robotiq_85_msgs) StdoutLine: {'line': b'-- Up-to-date symlink: /home/kishu/roboticslab-technical-project/ros2_ws/install/robotiq_85_msgs/share/robotiq_85_msgs/environment/pythonpath.dsv\n'}
[1.455414] (gazebo_ros_link_attacher) JobProgress: {'identifier': 'gazebo_ros_link_attacher', 'progress': 'install'}
[1.457876] (gazebo_ros_link_attacher) Command: {'cmd': ['/usr/bin/cmake', '--install', '/home/kishu/roboticslab-technical-project/ros2_ws/build/gazebo_ros_link_attacher'], 'cwd': '/home/kishu/roboticslab-technical-project/ros2_ws/build/gazebo_ros_link_attacher', 'env': OrderedDict([('LESSOPEN', '| /usr/bin/lesspipe %s'), ('USER', 'kishu'), ('SHLVL', '1'), ('LD_LIBRARY_PATH', '/usr/lib/x86_64-linux-gnu/gazebo-11/plugins:/opt/ros/humble/opt/rviz_ogre_vendor/lib:/opt/ros/humble/lib/x86_64-linux-gnu:/opt/ros/humble/lib'), ('HOME', '/home/kishu'), ('OLDPWD', '/home/kishu'), ('ROS_PYTHON_VERSION', '3'), ('DBUS_SESSION_BUS_ADDRESS', 'unix:path=/run/user/1000/bus'), ('WSL_DISTRO_NAME', 'Ubuntu-22.04'), ('WAYLAND_DISPLAY', 'wayland-0'), ('ROS_DISTRO', 'humble'), ('LOGNAME', 'kishu'), ('NAME', 'DESKTOP-07TM2Q3'), ('WSL_INTEROP', '/run/WSL/320_interop'), ('PULSE_SERVER', 'unix:/mnt/wslg/PulseServer'), ('_', '/usr/bin/colcon'), ('ROS_VERSION', '2'), ('TERM', 'xterm-256color'), ('GAZEBO_MODEL_PATH', '/home/kishu/roboticslab-technical-project/models::/opt/ros/humble/share/turtlebot3_gazebo/models'), ('ROS_LOCALHOST_ONLY', '0'), ('PATH', '/home/kishu/.local/bin:/opt/ros/humble/bin:/usr/local/sbin:/usr/local/bin:/usr/sbin:/usr/bin:/sbin:/bin:/usr/games:/usr/local/games:/usr/lib/wsl/lib:/mnt/c/Program Files/WindowsApps/CanonicalGroupLimited.Ubuntu22.04LTS_2204.5.10021.0_x64__79rhkp1fndgsc:/mnt/c/Windows/system32:/mnt/c/Windows:/mnt/c/Windows/System32/Wbem:/mnt/c/Windows/System32/WindowsPowerShell/v1.0/:/mnt/c/Windows/System32/OpenSSH/:/mnt/c/Program Files/Git/cmd:/mnt/c/Users/Mohamad/AppData/Local/Microsoft/WindowsApps:/mnt/c/Users/Mohamad/AppData/Local/Programs/Microsoft VS Code/bin:/mnt/c/Users/Mohamad/AppData/Local/GitHubDesktop/bin:/snap/bin'), ('XDG_RUNTIME_DIR', '/run/user/1000/'), ('DISPLAY', ':0'), ('LANG', 'C.UTF-8'), ('LS_COLORS', 'rs=0:di=01;34:ln=01;36:mh=00:pi=40;33:so=01;35:do=01;35:bd=40;33;01:cd=40;33;01:or=40;31;01:mi=00:su=37;41:sg=30;43:ca=30;41:tw=30;42:ow=34;42:st=37;44:ex=01;32:*.tar=01;31:*.tgz=01;31:*.arc=01;31:*.arj=01;31:*.taz=01;31:*.lha=01;31:*.lz4=01;31:*.lzh=01;31:*.lzma=01;31:*.tlz=01;31:*.txz=01;31:*.tzo=01;31:*.t7z=01;31:*.zip=01;31:*.z=01;31:*.dz=01;31:*.gz=01;31:*.lrz=01;31:*.lz=01;31:*.lzo=01;31:*.xz=01;31:*.zst=01;31:*.tzst=01;31:*.bz2=01;31:*.bz=01;31:*.tbz=01;31:*.tbz2=01;31:*.tz=01;31:*.deb=01;31:*.rpm=01;31:*.jar=01;31:*.war=01;31:*.ear=01;31:*.sar=01;31:*.rar=01;31:*.alz=01;31:*.ace=01;31:*.zoo=01;31:*.cpio=01;31:*.7z=01;31:*.rz=01;31:*.cab=01;31:*.wim=01;31:*.swm=01;31:*.dwm=01;31:*.esd=01;31:*.jpg=01;35:*.jpeg=01;35:*.mjpg=01;35:*.mjpeg=01;35:*.gif=01;35:*.bmp=01;35:*.pbm=01;35:*.pgm=01;35:*.ppm=01;35:*.tga=01;35:*.xbm=01;35:*.xpm=01;35:*.tif=01;35:*.tiff=01;35:*.png=01;35:*.svg=01;35:*.svgz=01;35:*.mng=01;35:*.pcx=01;35:*.mov=01;35:*.mpg=01;35:*.mpeg=01;35:*.m2v=01;35:*.mkv=01;35:*.webm=01;35:*.webp=01;35:*.ogm=01;35:*.mp4=01;35:*.m4v=01;35:*.mp4v=01;35:*.vob=01;35:*.qt=01;35:*.nuv=01;35:*.wmv=01;35:*.asf=01;35:*.rm=01;35:*.rmvb=01;35:*.flc=01;35:*.avi=01;35:*.fli=01;35:*.flv=01;35:*.gl=01;35:*.dl=01;35:*.xcf=01;35:*.xwd=01;35:*.yuv=01;35:*.cgm=01;35:*.emf=01;35:*.ogv=01;35:*.ogx=01;35:*.aac=00;36:*.au=00;36:*.flac=00;36:*.m4a=00;36:*.mid=00;36:*.midi=00;36:*.mka=00;36:*.mp3=00;36:*.mpc=00;36:*.ogg=00;36:*.ra=00;36:*.wav=00;36:*.oga=00;36:*.opus=00;36:*.spx=00;36:*.xspf=00;36:'), ('AMENT_PREFIX_PATH', '/opt/ros/humble'), ('SHELL', '/bin/bash'), ('LESSCLOSE', '/usr/bin/lesspipe %s %s'), ('PWD', '/home/kishu/roboticslab-technical-project/ros2_ws/build/gazebo_ros_link_attacher'), ('TURTLEBOT3_MODEL', 'waffle_pi'), ('XDG_DATA_DIRS', '/usr/local/share:/usr/share:/var/lib/snapd/desktop'), ('PYTHONPATH', '/opt/ros/humble/lib/python3.10/site-packages:/opt/ros/humble/local/lib/python3.10/dist-packages'), ('COLCON', '1'), ('WSL2_GUI_APPS_ENABLED', '1'), ('HOSTTYPE', 'x86_64'), ('WSLENV', ''), ('CMAKE_PREFIX_PATH', '/opt/ros/humble')]), 'shell': False}
[1.458499] (robotiq_85_msgs) StdoutLine: {'line': b'-- Up-to-date symlink: /home/kishu/roboticslab-technical-project/ros2_ws/install/robotiq_85_msgs/local/lib/python3.10/dist-packages/robotiq_85_msgs-1.0.1-py3.10.egg-info/PKG-INFO\n'}
[1.459017] (robotiq_85_msgs) StdoutLine: {'line': b'-- Up-to-date symlink: /home/kishu/roboticslab-technical-project/ros2_ws/install/robotiq_85_msgs/local/lib/python3.10/dist-packages/robotiq_85_msgs-1.0.1-py3.10.egg-info/SOURCES.txt\n'}
[1.459631] (robotiq_85_msgs) StdoutLine: {'line': b'-- Up-to-date symlink: /home/kishu/roboticslab-technical-project/ros2_ws/install/robotiq_85_msgs/local/lib/python3.10/dist-packages/robotiq_85_msgs-1.0.1-py3.10.egg-info/dependency_links.txt\n'}
[1.462300] (robotiq_85_msgs) StdoutLine: {'line': b'-- Up-to-date symlink: /home/kishu/roboticslab-technical-project/ros2_ws/install/robotiq_85_msgs/local/lib/python3.10/dist-packages/robotiq_85_msgs-1.0.1-py3.10.egg-info/top_level.txt\n'}
[1.462819] (robotiq_85_msgs) StdoutLine: {'line': b'-- Up-to-date symlink: /home/kishu/roboticslab-technical-project/ros2_ws/install/robotiq_85_msgs/local/lib/python3.10/dist-packages/robotiq_85_msgs/__init__.py\n'}
[1.463512] (robotiq_85_msgs) StdoutLine: {'line': b'-- Up-to-date symlink: /home/kishu/roboticslab-technical-project/ros2_ws/install/robotiq_85_msgs/local/lib/python3.10/dist-packages/robotiq_85_msgs/_robotiq_85_msgs_s.ep.rosidl_typesupport_c.c\n'}
[1.464236] (robotiq_85_msgs) StdoutLine: {'line': b'-- Up-to-date symlink: /home/kishu/roboticslab-technical-project/ros2_ws/install/robotiq_85_msgs/local/lib/python3.10/dist-packages/robotiq_85_msgs/_robotiq_85_msgs_s.ep.rosidl_typesupport_fastrtps_c.c\n'}
[1.464899] (robotiq_85_msgs) StdoutLine: {'line': b'-- Up-to-date symlink: /home/kishu/roboticslab-technical-project/ros2_ws/install/robotiq_85_msgs/local/lib/python3.10/dist-packages/robotiq_85_msgs/_robotiq_85_msgs_s.ep.rosidl_typesupport_introspection_c.c\n'}
[1.465551] (robotiq_85_msgs) StdoutLine: {'line': b'-- Up-to-date symlink: /home/kishu/roboticslab-technical-project/ros2_ws/install/robotiq_85_msgs/local/lib/python3.10/dist-packages/robotiq_85_msgs/librobotiq_85_msgs__rosidl_generator_py.so\n'}
[1.466482] (robotiq_85_msgs) StdoutLine: {'line': b'-- Up-to-date symlink: /home/kishu/roboticslab-technical-project/ros2_ws/install/robotiq_85_msgs/local/lib/python3.10/dist-packages/robotiq_85_msgs/msg/__init__.py\n'}
[1.467164] (robotiq_85_msgs) StdoutLine: {'line': b'-- Up-to-date symlink: /home/kishu/roboticslab-technical-project/ros2_ws/install/robotiq_85_msgs/local/lib/python3.10/dist-packages/robotiq_85_msgs/msg/_gripper_cmd.py\n'}
[1.467851] (robotiq_85_msgs) StdoutLine: {'line': b'-- Up-to-date symlink: /home/kishu/roboticslab-technical-project/ros2_ws/install/robotiq_85_msgs/local/lib/python3.10/dist-packages/robotiq_85_msgs/msg/_gripper_cmd_s.c\n'}
[1.468547] (robotiq_85_msgs) StdoutLine: {'line': b'-- Up-to-date symlink: /home/kishu/roboticslab-technical-project/ros2_ws/install/robotiq_85_msgs/local/lib/python3.10/dist-packages/robotiq_85_msgs/msg/_gripper_stat.py\n'}
[1.469374] (robotiq_85_msgs) StdoutLine: {'line': b'-- Up-to-date symlink: /home/kishu/roboticslab-technical-project/ros2_ws/install/robotiq_85_msgs/local/lib/python3.10/dist-packages/robotiq_85_msgs/msg/_gripper_stat_s.c\n'}
[1.470675] (robotiq_85_msgs) StdoutLine: {'line': b'-- Up-to-date symlink: /home/kishu/roboticslab-technical-project/ros2_ws/install/robotiq_85_msgs/local/lib/python3.10/dist-packages/robotiq_85_msgs/robotiq_85_msgs_s__rosidl_typesupport_c.cpython-310-x86_64-linux-gnu.so\n'}
[1.471670] (robotiq_85_msgs) StdoutLine: {'line': b'-- Up-to-date symlink: /home/kishu/roboticslab-technical-project/ros2_ws/install/robotiq_85_msgs/local/lib/python3.10/dist-packages/robotiq_85_msgs/robotiq_85_msgs_s__rosidl_typesupport_fastrtps_c.cpython-310-x86_64-linux-gnu.so\n'}
[1.472985] (robotiq_85_msgs) StdoutLine: {'line': b'-- Up-to-date symlink: /home/kishu/roboticslab-technical-project/ros2_ws/install/robotiq_85_msgs/local/lib/python3.10/dist-packages/robotiq_85_msgs/robotiq_85_msgs_s__rosidl_typesupport_introspection_c.cpython-310-x86_64-linux-gnu.so\n'}
[1.473997] (gazebo_ros_link_attacher) StdoutLine: {'line': b'-- Install configuration: ""\n'}
[1.474558] (robotiq_85_msgs) StdoutLine: {'line': b'-- Up-to-date symlink: /home/kishu/roboticslab-technical-project/ros2_ws/install/robotiq_85_msgs/local/lib/python3.10/dist-packages/robotiq_85_msgs/robotiq_85_msgs_s__rosidl_typesupport_fastrtps_c.cpython-310-x86_64-linux-gnu.so\n'}
[1.475312] (robotiq_85_msgs) StdoutLine: {'line': b'-- Up-to-date symlink: /home/kishu/roboticslab-technical-project/ros2_ws/install/robotiq_85_msgs/local/lib/python3.10/dist-packages/robotiq_85_msgs/robotiq_85_msgs_s__rosidl_typesupport_introspection_c.cpython-310-x86_64-linux-gnu.so\n'}
[1.476409] (robotiq_85_msgs) StdoutLine: {'line': b'-- Up-to-date symlink: /home/kishu/roboticslab-technical-project/ros2_ws/install/robotiq_85_msgs/local/lib/python3.10/dist-packages/robotiq_85_msgs/robotiq_85_msgs_s__rosidl_typesupport_c.cpython-310-x86_64-linux-gnu.so\n'}
[1.476970] (gazebo_ros_link_attacher) StdoutLine: {'line': b'-- Execute custom install script\n'}
[1.477779] (robotiq_85_msgs) StdoutLine: {'line': b'-- Up-to-date symlink: /home/kishu/roboticslab-technical-project/ros2_ws/install/robotiq_85_msgs/share/robotiq_85_msgs/msg/GripperCmd.idl\n'}
[1.478635] (robotiq_85_msgs) StdoutLine: {'line': b'-- Up-to-date symlink: /home/kishu/roboticslab-technical-project/ros2_ws/install/robotiq_85_msgs/share/robotiq_85_msgs/msg/GripperStat.idl\n'}
[1.479247] (gazebo_ros_link_attacher) StdoutLine: {'line': b'-- Up-to-date symlink: /home/kishu/roboticslab-technical-project/ros2_ws/install/gazebo_ros_link_attacher/share/ament_index/resource_index/rosidl_interfaces/gazebo_ros_link_attacher\n'}
[1.480082] (robotiq_85_msgs) StdoutLine: {'line': b'-- Up-to-date symlink: /home/kishu/roboticslab-technical-project/ros2_ws/install/robotiq_85_msgs/share/robotiq_85_msgs/msg/GripperCmd.msg\n'}
[1.481073] (robotiq_85_msgs) StdoutLine: {'line': b'-- Up-to-date symlink: /home/kishu/roboticslab-technical-project/ros2_ws/install/robotiq_85_msgs/share/robotiq_85_msgs/msg/GripperStat.msg\n'}
[1.482127] (robotiq_85_msgs) StdoutLine: {'line': b'-- Up-to-date symlink: /home/kishu/roboticslab-technical-project/ros2_ws/install/robotiq_85_msgs/share/ament_index/resource_index/package_run_dependencies/robotiq_85_msgs\n'}
[1.482627] (gazebo_ros_link_attacher) StdoutLine: {'line': b'-- Up-to-date symlink: /home/kishu/roboticslab-technical-project/ros2_ws/install/gazebo_ros_link_attacher/include/gazebo_ros_link_attacher/gazebo_ros_link_attacher/msg/rosidl_generator_c__visibility_control.h\n'}
[1.483270] (gazebo_ros_link_attacher) StdoutLine: {'line': b'-- Up-to-date symlink: /home/kishu/roboticslab-technical-project/ros2_ws/install/gazebo_ros_link_attacher/include/gazebo_ros_link_attacher/gazebo_ros_link_attacher/srv/attach.h\n'}
[1.483784] (robotiq_85_msgs) StdoutLine: {'line': b'-- Up-to-date symlink: /home/kishu/roboticslab-technical-project/ros2_ws/install/robotiq_85_msgs/share/ament_index/resource_index/parent_prefix_path/robotiq_85_msgs\n'}
[1.484529] (gazebo_ros_link_attacher) StdoutLine: {'line': b'-- Up-to-date symlink: /home/kishu/roboticslab-technical-project/ros2_ws/install/gazebo_ros_link_attacher/include/gazebo_ros_link_attacher/gazebo_ros_link_attacher/srv/detail/attach__functions.h\n'}
[1.484783] (robotiq_85_msgs) StdoutLine: {'line': b'-- Up-to-date symlink: /home/kishu/roboticslab-technical-project/ros2_ws/install/robotiq_85_msgs/share/robotiq_85_msgs/environment/ament_prefix_path.sh\n'}
[1.485219] (gazebo_ros_link_attacher) StdoutLine: {'line': b'-- Up-to-date symlink: /home/kishu/roboticslab-technical-project/ros2_ws/install/gazebo_ros_link_attacher/include/gazebo_ros_link_attacher/gazebo_ros_link_attacher/srv/detail/attach__struct.h\n'}
[1.485614] (robotiq_85_msgs) StdoutLine: {'line': b'-- Up-to-date symlink: /home/kishu/roboticslab-technical-project/ros2_ws/install/robotiq_85_msgs/share/robotiq_85_msgs/environment/ament_prefix_path.dsv\n'}
[1.486575] (robotiq_85_msgs) StdoutLine: {'line': b'-- Up-to-date symlink: /home/kishu/roboticslab-technical-project/ros2_ws/install/robotiq_85_msgs/share/robotiq_85_msgs/environment/path.sh\n'}
[1.487326] (gazebo_ros_link_attacher) StdoutLine: {'line': b'-- Up-to-date symlink: /home/kishu/roboticslab-technical-project/ros2_ws/install/gazebo_ros_link_attacher/include/gazebo_ros_link_attacher/gazebo_ros_link_attacher/srv/detail/attach__type_support.h\n'}
[1.487866] (robotiq_85_msgs) StdoutLine: {'line': b'-- Up-to-date symlink: /home/kishu/roboticslab-technical-project/ros2_ws/install/robotiq_85_msgs/share/robotiq_85_msgs/environment/path.dsv\n'}
[1.489173] (robotiq_85_msgs) StdoutLine: {'line': b'-- Up-to-date symlink: /home/kishu/roboticslab-technical-project/ros2_ws/install/robotiq_85_msgs/share/robotiq_85_msgs/local_setup.bash\n'}
[1.490850] (gazebo_ros_link_attacher) StdoutLine: {'line': b'-- Up-to-date symlink: /home/kishu/roboticslab-technical-project/ros2_ws/install/gazebo_ros_link_attacher/share/gazebo_ros_link_attacher/environment/library_path.sh\n'}
[1.492176] (robotiq_85_msgs) StdoutLine: {'line': b'-- Up-to-date symlink: /home/kishu/roboticslab-technical-project/ros2_ws/install/robotiq_85_msgs/share/robotiq_85_msgs/local_setup.sh\n'}
[1.492969] (robotiq_85_msgs) StdoutLine: {'line': b'-- Up-to-date symlink: /home/kishu/roboticslab-technical-project/ros2_ws/install/robotiq_85_msgs/share/robotiq_85_msgs/local_setup.zsh\n'}
[1.493324] (gazebo_ros_link_attacher) StdoutLine: {'line': b'-- Up-to-date symlink: /home/kishu/roboticslab-technical-project/ros2_ws/install/gazebo_ros_link_attacher/share/gazebo_ros_link_attacher/environment/library_path.dsv\n'}
[1.493745] (robotiq_85_msgs) StdoutLine: {'line': b'-- Up-to-date symlink: /home/kishu/roboticslab-technical-project/ros2_ws/install/robotiq_85_msgs/share/robotiq_85_msgs/local_setup.dsv\n'}
[1.494717] (robotiq_85_msgs) StdoutLine: {'line': b'-- Symlinking: /home/kishu/roboticslab-technical-project/ros2_ws/install/robotiq_85_msgs/share/robotiq_85_msgs/package.dsv\n'}
[1.495107] (gazebo_ros_link_attacher) StdoutLine: {'line': b'-- Up-to-date symlink: /home/kishu/roboticslab-technical-project/ros2_ws/install/gazebo_ros_link_attacher/include/gazebo_ros_link_attacher/gazebo_ros_link_attacher/msg/rosidl_typesupport_fastrtps_c__visibility_control.h\n'}
[1.497372] (gazebo_ros_link_attacher) StdoutLine: {'line': b'-- Up-to-date symlink: /home/kishu/roboticslab-technical-project/ros2_ws/install/gazebo_ros_link_attacher/include/gazebo_ros_link_attacher/gazebo_ros_link_attacher/srv/detail/attach__rosidl_typesupport_fastrtps_c.h\n'}
[1.498548] (gazebo_ros_link_attacher) StdoutLine: {'line': b'-- Up-to-date symlink: /home/kishu/roboticslab-technical-project/ros2_ws/install/gazebo_ros_link_attacher/include/gazebo_ros_link_attacher/gazebo_ros_link_attacher/msg/rosidl_generator_cpp__visibility_control.hpp\n'}
[1.499170] (gazebo_ros_link_attacher) StdoutLine: {'line': b'-- Up-to-date symlink: /home/kishu/roboticslab-technical-project/ros2_ws/install/gazebo_ros_link_attacher/include/gazebo_ros_link_attacher/gazebo_ros_link_attacher/srv/attach.hpp\n'}
[1.500001] (gazebo_ros_link_attacher) StdoutLine: {'line': b'-- Up-to-date symlink: /home/kishu/roboticslab-technical-project/ros2_ws/install/gazebo_ros_link_attacher/include/gazebo_ros_link_attacher/gazebo_ros_link_attacher/srv/detail/attach__builder.hpp\n'}
[1.500728] (gazebo_ros_link_attacher) StdoutLine: {'line': b'-- Up-to-date symlink: /home/kishu/roboticslab-technical-project/ros2_ws/install/gazebo_ros_link_attacher/include/gazebo_ros_link_attacher/gazebo_ros_link_attacher/srv/detail/attach__struct.hpp\n'}
[1.501499] (gazebo_ros_link_attacher) StdoutLine: {'line': b'-- Up-to-date symlink: /home/kishu/roboticslab-technical-project/ros2_ws/install/gazebo_ros_link_attacher/include/gazebo_ros_link_attacher/gazebo_ros_link_attacher/srv/detail/attach__traits.hpp\n'}
[1.502234] (gazebo_ros_link_attacher) StdoutLine: {'line': b'-- Up-to-date symlink: /home/kishu/roboticslab-technical-project/ros2_ws/install/gazebo_ros_link_attacher/include/gazebo_ros_link_attacher/gazebo_ros_link_attacher/srv/detail/attach__type_support.hpp\n'}
[1.503805] (gazebo_ros_link_attacher) StdoutLine: {'line': b'-- Up-to-date symlink: /home/kishu/roboticslab-technical-project/ros2_ws/install/gazebo_ros_link_attacher/include/gazebo_ros_link_attacher/gazebo_ros_link_attacher/msg/rosidl_typesupport_fastrtps_cpp__visibility_control.h\n'}
[1.504663] (gazebo_ros_link_attacher) StdoutLine: {'line': b'-- Up-to-date symlink: /home/kishu/roboticslab-technical-project/ros2_ws/install/gazebo_ros_link_attacher/include/gazebo_ros_link_attacher/gazebo_ros_link_attacher/srv/detail/attach__rosidl_typesupport_fastrtps_cpp.hpp\n'}
[1.505854] (gazebo_ros_link_attacher) StdoutLine: {'line': b'-- Up-to-date symlink: /home/kishu/roboticslab-technical-project/ros2_ws/install/gazebo_ros_link_attacher/include/gazebo_ros_link_attacher/gazebo_ros_link_attacher/msg/rosidl_typesupport_introspection_c__visibility_control.h\n'}
[1.506692] (gazebo_ros_link_attacher) StdoutLine: {'line': b'-- Up-to-date symlink: /home/kishu/roboticslab-technical-project/ros2_ws/install/gazebo_ros_link_attacher/include/gazebo_ros_link_attacher/gazebo_ros_link_attacher/srv/detail/attach__rosidl_typesupport_introspection_c.h\n'}
[1.507705] (gazebo_ros_link_attacher) StdoutLine: {'line': b'-- Up-to-date symlink: /home/kishu/roboticslab-technical-project/ros2_ws/install/gazebo_ros_link_attacher/include/gazebo_ros_link_attacher/gazebo_ros_link_attacher/srv/detail/attach__rosidl_typesupport_introspection_cpp.hpp\n'}
[1.508570] (gazebo_ros_link_attacher) StdoutLine: {'line': b'-- Up-to-date symlink: /home/kishu/roboticslab-technical-project/ros2_ws/install/gazebo_ros_link_attacher/share/gazebo_ros_link_attacher/environment/pythonpath.sh\n'}
[1.509405] (gazebo_ros_link_attacher) StdoutLine: {'line': b'-- Up-to-date symlink: /home/kishu/roboticslab-technical-project/ros2_ws/install/gazebo_ros_link_attacher/share/gazebo_ros_link_attacher/environment/pythonpath.dsv\n'}
[1.511683] (gazebo_ros_link_attacher) StdoutLine: {'line': b'-- Up-to-date symlink: /home/kishu/roboticslab-technical-project/ros2_ws/install/gazebo_ros_link_attacher/local/lib/python3.10/dist-packages/gazebo_ros_link_attacher-0.0.0-py3.10.egg-info/PKG-INFO\n'}
[1.512523] (gazebo_ros_link_attacher) StdoutLine: {'line': b'-- Up-to-date symlink: /home/kishu/roboticslab-technical-project/ros2_ws/install/gazebo_ros_link_attacher/local/lib/python3.10/dist-packages/gazebo_ros_link_attacher-0.0.0-py3.10.egg-info/SOURCES.txt\n'}
[1.513304] (gazebo_ros_link_attacher) StdoutLine: {'line': b'-- Up-to-date symlink: /home/kishu/roboticslab-technical-project/ros2_ws/install/gazebo_ros_link_attacher/local/lib/python3.10/dist-packages/gazebo_ros_link_attacher-0.0.0-py3.10.egg-info/dependency_links.txt\n'}
[1.514079] (gazebo_ros_link_attacher) StdoutLine: {'line': b'-- Up-to-date symlink: /home/kishu/roboticslab-technical-project/ros2_ws/install/gazebo_ros_link_attacher/local/lib/python3.10/dist-packages/gazebo_ros_link_attacher-0.0.0-py3.10.egg-info/top_level.txt\n'}
[1.515977] (gazebo_ros_link_attacher) StdoutLine: {'line': b'-- Up-to-date symlink: /home/kishu/roboticslab-technical-project/ros2_ws/install/gazebo_ros_link_attacher/local/lib/python3.10/dist-packages/gazebo_ros_link_attacher/__init__.py\n'}
[1.516851] (gazebo_ros_link_attacher) StdoutLine: {'line': b'-- Up-to-date symlink: /home/kishu/roboticslab-technical-project/ros2_ws/install/gazebo_ros_link_attacher/local/lib/python3.10/dist-packages/gazebo_ros_link_attacher/_gazebo_ros_link_attacher_s.ep.rosidl_typesupport_c.c\n'}
[1.517518] (robotiq_85_msgs) StdoutLine: {'line': b'-- Up-to-date symlink: /home/kishu/roboticslab-technical-project/ros2_ws/install/robotiq_85_msgs/share/ament_index/resource_index/packages/robotiq_85_msgs\n'}
[1.518043] (gazebo_ros_link_attacher) StdoutLine: {'line': b'-- Up-to-date symlink: /home/kishu/roboticslab-technical-project/ros2_ws/install/gazebo_ros_link_attacher/local/lib/python3.10/dist-packages/gazebo_ros_link_attacher/_gazebo_ros_link_attacher_s.ep.rosidl_typesupport_fastrtps_c.c\n'}
[1.518508] (robotiq_85_msgs) StdoutLine: {'line': b'-- Up-to-date symlink: /home/kishu/roboticslab-technical-project/ros2_ws/install/robotiq_85_msgs/share/robotiq_85_msgs/cmake/rosidl_cmake-extras.cmake\n'}
[1.518745] (gazebo_ros_link_attacher) StdoutLine: {'line': b'-- Up-to-date symlink: /home/kishu/roboticslab-technical-project/ros2_ws/install/gazebo_ros_link_attacher/local/lib/python3.10/dist-packages/gazebo_ros_link_attacher/_gazebo_ros_link_attacher_s.ep.rosidl_typesupport_introspection_c.c\n'}
[1.519253] (robotiq_85_msgs) StdoutLine: {'line': b'-- Up-to-date symlink: /home/kishu/roboticslab-technical-project/ros2_ws/install/robotiq_85_msgs/share/robotiq_85_msgs/cmake/ament_cmake_export_dependencies-extras.cmake\n'}
[1.519464] (gazebo_ros_link_attacher) StdoutLine: {'line': b'-- Up-to-date symlink: /home/kishu/roboticslab-technical-project/ros2_ws/install/gazebo_ros_link_attacher/local/lib/python3.10/dist-packages/gazebo_ros_link_attacher/gazebo_ros_link_attacher_s__rosidl_typesupport_c.cpython-310-x86_64-linux-gnu.so\n'}
[1.519770] (-) TimerEvent: {}
[1.520427] (gazebo_ros_link_attacher) StdoutLine: {'line': b'-- Up-to-date symlink: /home/kishu/roboticslab-technical-project/ros2_ws/install/gazebo_ros_link_attacher/local/lib/python3.10/dist-packages/gazebo_ros_link_attacher/gazebo_ros_link_attacher_s__rosidl_typesupport_fastrtps_c.cpython-310-x86_64-linux-gnu.so\n'}
[1.520814] (robotiq_85_msgs) StdoutLine: {'line': b'-- Up-to-date symlink: /home/kishu/roboticslab-technical-project/ros2_ws/install/robotiq_85_msgs/share/robotiq_85_msgs/cmake/ament_cmake_export_include_directories-extras.cmake\n'}
[1.521284] (gazebo_ros_link_attacher) StdoutLine: {'line': b'-- Up-to-date symlink: /home/kishu/roboticslab-technical-project/ros2_ws/install/gazebo_ros_link_attacher/local/lib/python3.10/dist-packages/gazebo_ros_link_attacher/gazebo_ros_link_attacher_s__rosidl_typesupport_introspection_c.cpython-310-x86_64-linux-gnu.so\n'}
[1.521991] (gazebo_ros_link_attacher) StdoutLine: {'line': b'-- Up-to-date symlink: /home/kishu/roboticslab-technical-project/ros2_ws/install/gazebo_ros_link_attacher/local/lib/python3.10/dist-packages/gazebo_ros_link_attacher/libgazebo_ros_link_attacher__rosidl_generator_py.so\n'}
[1.522445] (robotiq_85_msgs) StdoutLine: {'line': b'-- Up-to-date symlink: /home/kishu/roboticslab-technical-project/ros2_ws/install/robotiq_85_msgs/share/robotiq_85_msgs/cmake/ament_cmake_export_libraries-extras.cmake\n'}
[1.522721] (robotiq_85_msgs) StdoutLine: {'line': b'-- Up-to-date symlink: /home/kishu/roboticslab-technical-project/ros2_ws/install/robotiq_85_msgs/share/robotiq_85_msgs/cmake/ament_cmake_export_targets-extras.cmake\n'}
[1.523019] (robotiq_85_msgs) StdoutLine: {'line': b'-- Up-to-date symlink: /home/kishu/roboticslab-technical-project/ros2_ws/install/robotiq_85_msgs/share/robotiq_85_msgs/cmake/rosidl_cmake_export_typesupport_targets-extras.cmake\n'}
[1.523227] (gazebo_ros_link_attacher) StdoutLine: {'line': b'-- Up-to-date symlink: /home/kishu/roboticslab-technical-project/ros2_ws/install/gazebo_ros_link_attacher/local/lib/python3.10/dist-packages/gazebo_ros_link_attacher/srv/__init__.py\n'}
[1.523832] (gazebo_ros_link_attacher) StdoutLine: {'line': b'-- Up-to-date symlink: /home/kishu/roboticslab-technical-project/ros2_ws/install/gazebo_ros_link_attacher/local/lib/python3.10/dist-packages/gazebo_ros_link_attacher/srv/_attach.py\n'}
[1.524204] (robotiq_85_msgs) StdoutLine: {'line': b'-- Up-to-date symlink: /home/kishu/roboticslab-technical-project/ros2_ws/install/robotiq_85_msgs/share/robotiq_85_msgs/cmake/rosidl_cmake_export_typesupport_libraries-extras.cmake\n'}
[1.524605] (gazebo_ros_link_attacher) StdoutLine: {'line': b'-- Up-to-date symlink: /home/kishu/roboticslab-technical-project/ros2_ws/install/gazebo_ros_link_attacher/local/lib/python3.10/dist-packages/gazebo_ros_link_attacher/srv/_attach_s.c\n'}
[1.525084] (robotiq_85_msgs) StdoutLine: {'line': b'-- Up-to-date symlink: /home/kishu/roboticslab-technical-project/ros2_ws/install/robotiq_85_msgs/share/robotiq_85_msgs/cmake/robotiq_85_msgsConfig.cmake\n'}
[1.525635] (gazebo_ros_link_attacher) StdoutLine: {'line': b'-- Up-to-date symlink: /home/kishu/roboticslab-technical-project/ros2_ws/install/gazebo_ros_link_attacher/local/lib/python3.10/dist-packages/gazebo_ros_link_attacher/gazebo_ros_link_attacher_s__rosidl_typesupport_fastrtps_c.cpython-310-x86_64-linux-gnu.so\n'}
[1.526152] (robotiq_85_msgs) StdoutLine: {'line': b'-- Up-to-date symlink: /home/kishu/roboticslab-technical-project/ros2_ws/install/robotiq_85_msgs/share/robotiq_85_msgs/cmake/robotiq_85_msgsConfig-version.cmake\n'}
[1.526538] (gazebo_ros_link_attacher) StdoutLine: {'line': b'-- Up-to-date symlink: /home/kishu/roboticslab-technical-project/ros2_ws/install/gazebo_ros_link_attacher/local/lib/python3.10/dist-packages/gazebo_ros_link_attacher/gazebo_ros_link_attacher_s__rosidl_typesupport_introspection_c.cpython-310-x86_64-linux-gnu.so\n'}
[1.527116] (robotiq_85_msgs) StdoutLine: {'line': b'-- Up-to-date symlink: /home/kishu/roboticslab-technical-project/ros2_ws/install/robotiq_85_msgs/share/robotiq_85_msgs/package.xml\n'}
[1.527572] (gazebo_ros_link_attacher) StdoutLine: {'line': b'-- Up-to-date symlink: /home/kishu/roboticslab-technical-project/ros2_ws/install/gazebo_ros_link_attacher/local/lib/python3.10/dist-packages/gazebo_ros_link_attacher/gazebo_ros_link_attacher_s__rosidl_typesupport_c.cpython-310-x86_64-linux-gnu.so\n'}
[1.528631] (gazebo_ros_link_attacher) StdoutLine: {'line': b'-- Up-to-date symlink: /home/kishu/roboticslab-technical-project/ros2_ws/install/gazebo_ros_link_attacher/share/gazebo_ros_link_attacher/srv/Attach.idl\n'}
[1.529386] (gazebo_ros_link_attacher) StdoutLine: {'line': b'-- Up-to-date symlink: /home/kishu/roboticslab-technical-project/ros2_ws/install/gazebo_ros_link_attacher/share/gazebo_ros_link_attacher/srv/Attach.srv\n'}
[1.529806] (robotiq_85_msgs) StdoutLine: {'line': b'-- Up-to-date: /home/kishu/roboticslab-technical-project/ros2_ws/install/robotiq_85_msgs/lib/librobotiq_85_msgs__rosidl_generator_c.so\n'}
[1.530629] (gazebo_ros_link_attacher) StdoutLine: {'line': b'-- Up-to-date symlink: /home/kishu/roboticslab-technical-project/ros2_ws/install/gazebo_ros_link_attacher/share/gazebo_ros_link_attacher/srv/Attach_Request.msg\n'}
[1.531426] (gazebo_ros_link_attacher) StdoutLine: {'line': b'-- Up-to-date symlink: /home/kishu/roboticslab-technical-project/ros2_ws/install/gazebo_ros_link_attacher/share/gazebo_ros_link_attacher/srv/Attach_Response.msg\n'}
[1.532200] (robotiq_85_msgs) StdoutLine: {'line': b'-- Up-to-date: /home/kishu/roboticslab-technical-project/ros2_ws/install/robotiq_85_msgs/lib/librobotiq_85_msgs__rosidl_typesupport_fastrtps_c.so\n'}
[1.533353] (gazebo_ros_link_attacher) StdoutLine: {'line': b'-- Up-to-date symlink: /home/kishu/roboticslab-technical-project/ros2_ws/install/gazebo_ros_link_attacher/lib/libgazebo_ros_link_attacher_plugin.so\n'}
[1.533983] (robotiq_85_msgs) StdoutLine: {'line': b'-- Up-to-date: /home/kishu/roboticslab-technical-project/ros2_ws/install/robotiq_85_msgs/lib/librobotiq_85_msgs__rosidl_typesupport_fastrtps_cpp.so\n'}
[1.534788] (gazebo_ros_link_attacher) StdoutLine: {'line': b'-- Up-to-date symlink: /home/kishu/roboticslab-technical-project/ros2_ws/install/gazebo_ros_link_attacher/lib/gazebo_ros_link_attacher/demo.py\n'}
[1.535482] (robotiq_85_msgs) StdoutLine: {'line': b'-- Up-to-date: /home/kishu/roboticslab-technical-project/ros2_ws/install/robotiq_85_msgs/lib/librobotiq_85_msgs__rosidl_typesupport_introspection_c.so\n'}
[1.535908] (gazebo_ros_link_attacher) StdoutLine: {'line': b'-- Up-to-date symlink: /home/kishu/roboticslab-technical-project/ros2_ws/install/gazebo_ros_link_attacher/lib/gazebo_ros_link_attacher/demo_multiple.py\n'}
[1.536441] (gazebo_ros_link_attacher) StdoutLine: {'line': b'-- Up-to-date symlink: /home/kishu/roboticslab-technical-project/ros2_ws/install/gazebo_ros_link_attacher/lib/gazebo_ros_link_attacher/spawn_models.py\n'}
[1.536924] (robotiq_85_msgs) StdoutLine: {'line': b'-- Up-to-date: /home/kishu/roboticslab-technical-project/ros2_ws/install/robotiq_85_msgs/lib/librobotiq_85_msgs__rosidl_typesupport_c.so\n'}
[1.537332] (gazebo_ros_link_attacher) StdoutLine: {'line': b'-- Up-to-date symlink: /home/kishu/roboticslab-technical-project/ros2_ws/install/gazebo_ros_link_attacher/lib/gazebo_ros_link_attacher/attach.py\n'}
[1.538157] (gazebo_ros_link_attacher) StdoutLine: {'line': b'-- Up-to-date symlink: /home/kishu/roboticslab-technical-project/ros2_ws/install/gazebo_ros_link_attacher/lib/gazebo_ros_link_attacher/detach.py\n'}
[1.539157] (robotiq_85_msgs) StdoutLine: {'line': b'-- Up-to-date: /home/kishu/roboticslab-technical-project/ros2_ws/install/robotiq_85_msgs/lib/librobotiq_85_msgs__rosidl_typesupport_introspection_cpp.so\n'}
[1.540105] (robotiq_85_msgs) StdoutLine: {'line': b'-- Up-to-date: /home/kishu/roboticslab-technical-project/ros2_ws/install/robotiq_85_msgs/lib/librobotiq_85_msgs__rosidl_typesupport_cpp.so\n'}
[1.540498] (gazebo_ros_link_attacher) StdoutLine: {'line': b'-- Up-to-date symlink: /home/kishu/roboticslab-technical-project/ros2_ws/install/gazebo_ros_link_attacher/share/gazebo_ros_link_attacher/launch/test_attacher.py\n'}
[1.542188] (gazebo_ros_link_attacher) StdoutLine: {'line': b'-- Up-to-date symlink: /home/kishu/roboticslab-technical-project/ros2_ws/install/gazebo_ros_link_attacher/share/gazebo_ros_link_attacher/worlds/test_attacher.world\n'}
[1.543331] (gazebo_ros_link_attacher) StdoutLine: {'line': b'-- Up-to-date symlink: /home/kishu/roboticslab-technical-project/ros2_ws/install/gazebo_ros_link_attacher/share/ament_index/resource_index/package_run_dependencies/gazebo_ros_link_attacher\n'}
[1.544581] (gazebo_ros_link_attacher) StdoutLine: {'line': b'-- Up-to-date symlink: /home/kishu/roboticslab-technical-project/ros2_ws/install/gazebo_ros_link_attacher/share/ament_index/resource_index/parent_prefix_path/gazebo_ros_link_attacher\n'}
[1.545679] (gazebo_ros_link_attacher) StdoutLine: {'line': b'-- Up-to-date symlink: /home/kishu/roboticslab-technical-project/ros2_ws/install/gazebo_ros_link_attacher/share/gazebo_ros_link_attacher/environment/ament_prefix_path.sh\n'}
[1.546463] (gazebo_ros_link_attacher) StdoutLine: {'line': b'-- Up-to-date symlink: /home/kishu/roboticslab-technical-project/ros2_ws/install/gazebo_ros_link_attacher/share/gazebo_ros_link_attacher/environment/ament_prefix_path.dsv\n'}
[1.547278] (gazebo_ros_link_attacher) StdoutLine: {'line': b'-- Up-to-date symlink: /home/kishu/roboticslab-technical-project/ros2_ws/install/gazebo_ros_link_attacher/share/gazebo_ros_link_attacher/environment/path.sh\n'}
[1.548121] (gazebo_ros_link_attacher) StdoutLine: {'line': b'-- Up-to-date symlink: /home/kishu/roboticslab-technical-project/ros2_ws/install/gazebo_ros_link_attacher/share/gazebo_ros_link_attacher/environment/path.dsv\n'}
[1.549903] (gazebo_ros_link_attacher) StdoutLine: {'line': b'-- Up-to-date symlink: /home/kishu/roboticslab-technical-project/ros2_ws/install/gazebo_ros_link_attacher/share/gazebo_ros_link_attacher/local_setup.bash\n'}
[1.550407] (gazebo_ros_link_attacher) StdoutLine: {'line': b'-- Up-to-date symlink: /home/kishu/roboticslab-technical-project/ros2_ws/install/gazebo_ros_link_attacher/share/gazebo_ros_link_attacher/local_setup.sh\n'}
[1.551331] (gazebo_ros_link_attacher) StdoutLine: {'line': b'-- Up-to-date symlink: /home/kishu/roboticslab-technical-project/ros2_ws/install/gazebo_ros_link_attacher/share/gazebo_ros_link_attacher/local_setup.zsh\n'}
[1.552269] (gazebo_ros_link_attacher) StdoutLine: {'line': b'-- Up-to-date symlink: /home/kishu/roboticslab-technical-project/ros2_ws/install/gazebo_ros_link_attacher/share/gazebo_ros_link_attacher/local_setup.dsv\n'}
[1.552673] (gazebo_ros_link_attacher) StdoutLine: {'line': b'-- Symlinking: /home/kishu/roboticslab-technical-project/ros2_ws/install/gazebo_ros_link_attacher/share/gazebo_ros_link_attacher/package.dsv\n'}
[1.572476] (gazebo_ros_link_attacher) StdoutLine: {'line': b'-- Up-to-date symlink: /home/kishu/roboticslab-technical-project/ros2_ws/install/gazebo_ros_link_attacher/share/ament_index/resource_index/packages/gazebo_ros_link_attacher\n'}
[1.573574] (gazebo_ros_link_attacher) StdoutLine: {'line': b'-- Up-to-date symlink: /home/kishu/roboticslab-technical-project/ros2_ws/install/gazebo_ros_link_attacher/share/gazebo_ros_link_attacher/cmake/rosidl_cmake-extras.cmake\n'}
[1.574371] (gazebo_ros_link_attacher) StdoutLine: {'line': b'-- Up-to-date symlink: /home/kishu/roboticslab-technical-project/ros2_ws/install/gazebo_ros_link_attacher/share/gazebo_ros_link_attacher/cmake/ament_cmake_export_dependencies-extras.cmake\n'}
[1.575195] (gazebo_ros_link_attacher) StdoutLine: {'line': b'-- Up-to-date symlink: /home/kishu/roboticslab-technical-project/ros2_ws/install/gazebo_ros_link_attacher/share/gazebo_ros_link_attacher/cmake/ament_cmake_export_include_directories-extras.cmake\n'}
[1.576059] (gazebo_ros_link_attacher) StdoutLine: {'line': b'-- Up-to-date symlink: /home/kishu/roboticslab-technical-project/ros2_ws/install/gazebo_ros_link_attacher/share/gazebo_ros_link_attacher/cmake/ament_cmake_export_libraries-extras.cmake\n'}
[1.576830] (gazebo_ros_link_attacher) StdoutLine: {'line': b'-- Up-to-date symlink: /home/kishu/roboticslab-technical-project/ros2_ws/install/gazebo_ros_link_attacher/share/gazebo_ros_link_attacher/cmake/ament_cmake_export_targets-extras.cmake\n'}
[1.577585] (gazebo_ros_link_attacher) StdoutLine: {'line': b'-- Up-to-date symlink: /home/kishu/roboticslab-technical-project/ros2_ws/install/gazebo_ros_link_attacher/share/gazebo_ros_link_attacher/cmake/rosidl_cmake_export_typesupport_targets-extras.cmake\n'}
[1.578428] (gazebo_ros_link_attacher) StdoutLine: {'line': b'-- Up-to-date symlink: /home/kishu/roboticslab-technical-project/ros2_ws/install/gazebo_ros_link_attacher/share/gazebo_ros_link_attacher/cmake/rosidl_cmake_export_typesupport_libraries-extras.cmake\n'}
[1.579218] (gazebo_ros_link_attacher) StdoutLine: {'line': b'-- Up-to-date symlink: /home/kishu/roboticslab-technical-project/ros2_ws/install/gazebo_ros_link_attacher/share/gazebo_ros_link_attacher/cmake/gazebo_ros_link_attacherConfig.cmake\n'}
[1.579886] (gazebo_ros_link_attacher) StdoutLine: {'line': b'-- Up-to-date symlink: /home/kishu/roboticslab-technical-project/ros2_ws/install/gazebo_ros_link_attacher/share/gazebo_ros_link_attacher/cmake/gazebo_ros_link_attacherConfig-version.cmake\n'}
[1.580788] (gazebo_ros_link_attacher) StdoutLine: {'line': b'-- Up-to-date symlink: /home/kishu/roboticslab-technical-project/ros2_ws/install/gazebo_ros_link_attacher/share/gazebo_ros_link_attacher/package.xml\n'}
[1.582321] (gazebo_ros_link_attacher) StdoutLine: {'line': b'-- Up-to-date: /home/kishu/roboticslab-technical-project/ros2_ws/install/gazebo_ros_link_attacher/lib/libgazebo_ros_link_attacher__rosidl_generator_c.so\n'}
[1.584005] (gazebo_ros_link_attacher) StdoutLine: {'line': b'-- Up-to-date: /home/kishu/roboticslab-technical-project/ros2_ws/install/gazebo_ros_link_attacher/lib/libgazebo_ros_link_attacher__rosidl_typesupport_fastrtps_c.so\n'}
[1.586644] (gazebo_ros_link_attacher) StdoutLine: {'line': b'-- Up-to-date: /home/kishu/roboticslab-technical-project/ros2_ws/install/gazebo_ros_link_attacher/lib/libgazebo_ros_link_attacher__rosidl_typesupport_fastrtps_cpp.so\n'}
[1.588416] (gazebo_ros_link_attacher) StdoutLine: {'line': b'-- Up-to-date: /home/kishu/roboticslab-technical-project/ros2_ws/install/gazebo_ros_link_attacher/lib/libgazebo_ros_link_attacher__rosidl_typesupport_introspection_c.so\n'}
[1.589707] (gazebo_ros_link_attacher) StdoutLine: {'line': b'-- Up-to-date: /home/kishu/roboticslab-technical-project/ros2_ws/install/gazebo_ros_link_attacher/lib/libgazebo_ros_link_attacher__rosidl_typesupport_c.so\n'}
[1.591535] (gazebo_ros_link_attacher) StdoutLine: {'line': b'-- Up-to-date: /home/kishu/roboticslab-technical-project/ros2_ws/install/gazebo_ros_link_attacher/lib/libgazebo_ros_link_attacher__rosidl_typesupport_introspection_cpp.so\n'}
[1.592915] (gazebo_ros_link_attacher) StdoutLine: {'line': b'-- Up-to-date: /home/kishu/roboticslab-technical-project/ros2_ws/install/gazebo_ros_link_attacher/lib/libgazebo_ros_link_attacher__rosidl_typesupport_cpp.so\n'}
[1.619932] (-) TimerEvent: {}
[1.622117] (robotiq_85_msgs) StdoutLine: {'line': b"Listing '/home/kishu/roboticslab-technical-project/ros2_ws/install/robotiq_85_msgs/local/lib/python3.10/dist-packages/robotiq_85_msgs'...\n"}
[1.622412] (robotiq_85_msgs) StdoutLine: {'line': b"Listing '/home/kishu/roboticslab-technical-project/ros2_ws/install/robotiq_85_msgs/local/lib/python3.10/dist-packages/robotiq_85_msgs/msg'...\n"}
[1.634256] (robotiq_85_msgs) StdoutLine: {'line': b'-- Up-to-date: /home/kishu/roboticslab-technical-project/ros2_ws/install/robotiq_85_msgs/lib/librobotiq_85_msgs__rosidl_generator_py.so\n'}
[1.636942] (robotiq_85_msgs) StdoutLine: {'line': b'-- Up-to-date: /home/kishu/roboticslab-technical-project/ros2_ws/install/robotiq_85_msgs/share/robotiq_85_msgs/cmake/export_robotiq_85_msgs__rosidl_generator_cExport.cmake\n'}
[1.637517] (robotiq_85_msgs) StdoutLine: {'line': b'-- Up-to-date: /home/kishu/roboticslab-technical-project/ros2_ws/install/robotiq_85_msgs/share/robotiq_85_msgs/cmake/export_robotiq_85_msgs__rosidl_generator_cExport-noconfig.cmake\n'}
[1.638369] (robotiq_85_msgs) StdoutLine: {'line': b'-- Up-to-date: /home/kishu/roboticslab-technical-project/ros2_ws/install/robotiq_85_msgs/share/robotiq_85_msgs/cmake/export_robotiq_85_msgs__rosidl_typesupport_fastrtps_cExport.cmake\n'}
[1.638826] (robotiq_85_msgs) StdoutLine: {'line': b'-- Up-to-date: /home/kishu/roboticslab-technical-project/ros2_ws/install/robotiq_85_msgs/share/robotiq_85_msgs/cmake/export_robotiq_85_msgs__rosidl_typesupport_fastrtps_cExport-noconfig.cmake\n'}
[1.639933] (robotiq_85_msgs) StdoutLine: {'line': b'-- Up-to-date: /home/kishu/roboticslab-technical-project/ros2_ws/install/robotiq_85_msgs/share/robotiq_85_msgs/cmake/export_robotiq_85_msgs__rosidl_generator_cppExport.cmake\n'}
[1.641195] (robotiq_85_msgs) StdoutLine: {'line': b'-- Up-to-date: /home/kishu/roboticslab-technical-project/ros2_ws/install/robotiq_85_msgs/share/robotiq_85_msgs/cmake/export_robotiq_85_msgs__rosidl_typesupport_fastrtps_cppExport.cmake\n'}
[1.641597] (robotiq_85_msgs) StdoutLine: {'line': b'-- Up-to-date: /home/kishu/roboticslab-technical-project/ros2_ws/install/robotiq_85_msgs/share/robotiq_85_msgs/cmake/export_robotiq_85_msgs__rosidl_typesupport_fastrtps_cppExport-noconfig.cmake\n'}
[1.642580] (robotiq_85_msgs) StdoutLine: {'line': b'-- Up-to-date: /home/kishu/roboticslab-technical-project/ros2_ws/install/robotiq_85_msgs/share/robotiq_85_msgs/cmake/robotiq_85_msgs__rosidl_typesupport_introspection_cExport.cmake\n'}
[1.642998] (robotiq_85_msgs) StdoutLine: {'line': b'-- Up-to-date: /home/kishu/roboticslab-technical-project/ros2_ws/install/robotiq_85_msgs/share/robotiq_85_msgs/cmake/robotiq_85_msgs__rosidl_typesupport_introspection_cExport-noconfig.cmake\n'}
[1.644797] (robotiq_85_msgs) StdoutLine: {'line': b'-- Up-to-date: /home/kishu/roboticslab-technical-project/ros2_ws/install/robotiq_85_msgs/share/robotiq_85_msgs/cmake/robotiq_85_msgs__rosidl_typesupport_cExport.cmake\n'}
[1.645755] (robotiq_85_msgs) StdoutLine: {'line': b'-- Up-to-date: /home/kishu/roboticslab-technical-project/ros2_ws/install/robotiq_85_msgs/share/robotiq_85_msgs/cmake/robotiq_85_msgs__rosidl_typesupport_cExport-noconfig.cmake\n'}
[1.646878] (robotiq_85_msgs) StdoutLine: {'line': b'-- Up-to-date: /home/kishu/roboticslab-technical-project/ros2_ws/install/robotiq_85_msgs/share/robotiq_85_msgs/cmake/robotiq_85_msgs__rosidl_typesupport_introspection_cppExport.cmake\n'}
[1.647236] (robotiq_85_msgs) StdoutLine: {'line': b'-- Up-to-date: /home/kishu/roboticslab-technical-project/ros2_ws/install/robotiq_85_msgs/share/robotiq_85_msgs/cmake/robotiq_85_msgs__rosidl_typesupport_introspection_cppExport-noconfig.cmake\n'}
[1.648098] (robotiq_85_msgs) StdoutLine: {'line': b'-- Up-to-date: /home/kishu/roboticslab-technical-project/ros2_ws/install/robotiq_85_msgs/share/robotiq_85_msgs/cmake/robotiq_85_msgs__rosidl_typesupport_cppExport.cmake\n'}
[1.648541] (robotiq_85_msgs) StdoutLine: {'line': b'-- Up-to-date: /home/kishu/roboticslab-technical-project/ros2_ws/install/robotiq_85_msgs/share/robotiq_85_msgs/cmake/robotiq_85_msgs__rosidl_typesupport_cppExport-noconfig.cmake\n'}
[1.650408] (robotiq_85_msgs) StdoutLine: {'line': b'-- Up-to-date: /home/kishu/roboticslab-technical-project/ros2_ws/install/robotiq_85_msgs/share/robotiq_85_msgs/cmake/export_robotiq_85_msgs__rosidl_generator_pyExport.cmake\n'}
[1.650661] (robotiq_85_msgs) StdoutLine: {'line': b'-- Up-to-date: /home/kishu/roboticslab-technical-project/ros2_ws/install/robotiq_85_msgs/share/robotiq_85_msgs/cmake/export_robotiq_85_msgs__rosidl_generator_pyExport-noconfig.cmake\n'}
[1.656284] (robotiq_85_msgs) CommandEnded: {'returncode': 0}
[1.658480] (gazebo_ros_link_attacher) StdoutLine: {'line': b"Listing '/home/kishu/roboticslab-technical-project/ros2_ws/install/gazebo_ros_link_attacher/local/lib/python3.10/dist-packages/gazebo_ros_link_attacher'...\n"}
[1.659247] (gazebo_ros_link_attacher) StdoutLine: {'line': b"Listing '/home/kishu/roboticslab-technical-project/ros2_ws/install/gazebo_ros_link_attacher/local/lib/python3.10/dist-packages/gazebo_ros_link_attacher/srv'...\n"}
[1.669971] (gazebo_ros_link_attacher) StdoutLine: {'line': b'-- Up-to-date: /home/kishu/roboticslab-technical-project/ros2_ws/install/gazebo_ros_link_attacher/lib/libgazebo_ros_link_attacher__rosidl_generator_py.so\n'}
[1.673446] (gazebo_ros_link_attacher) StdoutLine: {'line': b'-- Up-to-date: /home/kishu/roboticslab-technical-project/ros2_ws/install/gazebo_ros_link_attacher/share/gazebo_ros_link_attacher/cmake/export_gazebo_ros_link_attacher__rosidl_generator_cExport.cmake\n'}
[1.675116] (gazebo_ros_link_attacher) StdoutLine: {'line': b'-- Up-to-date: /home/kishu/roboticslab-technical-project/ros2_ws/install/gazebo_ros_link_attacher/share/gazebo_ros_link_attacher/cmake/export_gazebo_ros_link_attacher__rosidl_generator_cExport-noconfig.cmake\n'}
[1.675740] (gazebo_ros_link_attacher) StdoutLine: {'line': b'-- Up-to-date: /home/kishu/roboticslab-technical-project/ros2_ws/install/gazebo_ros_link_attacher/share/gazebo_ros_link_attacher/cmake/export_gazebo_ros_link_attacher__rosidl_typesupport_fastrtps_cExport.cmake\n'}
[1.676610] (gazebo_ros_link_attacher) StdoutLine: {'line': b'-- Up-to-date: /home/kishu/roboticslab-technical-project/ros2_ws/install/gazebo_ros_link_attacher/share/gazebo_ros_link_attacher/cmake/export_gazebo_ros_link_attacher__rosidl_typesupport_fastrtps_cExport-noconfig.cmake\n'}
[1.677460] (gazebo_ros_link_attacher) StdoutLine: {'line': b'-- Up-to-date: /home/kishu/roboticslab-technical-project/ros2_ws/install/gazebo_ros_link_attacher/share/gazebo_ros_link_attacher/cmake/export_gazebo_ros_link_attacher__rosidl_generator_cppExport.cmake\n'}
[1.678214] (gazebo_ros_link_attacher) StdoutLine: {'line': b'-- Up-to-date: /home/kishu/roboticslab-technical-project/ros2_ws/install/gazebo_ros_link_attacher/share/gazebo_ros_link_attacher/cmake/export_gazebo_ros_link_attacher__rosidl_typesupport_fastrtps_cppExport.cmake\n'}
[1.678571] (gazebo_ros_link_attacher) StdoutLine: {'line': b'-- Up-to-date: /home/kishu/roboticslab-technical-project/ros2_ws/install/gazebo_ros_link_attacher/share/gazebo_ros_link_attacher/cmake/export_gazebo_ros_link_attacher__rosidl_typesupport_fastrtps_cppExport-noconfig.cmake\n'}
[1.679850] (gazebo_ros_link_attacher) StdoutLine: {'line': b'-- Up-to-date: /home/kishu/roboticslab-technical-project/ros2_ws/install/gazebo_ros_link_attacher/share/gazebo_ros_link_attacher/cmake/gazebo_ros_link_attacher__rosidl_typesupport_introspection_cExport.cmake\n'}
[1.680678] (gazebo_ros_link_attacher) StdoutLine: {'line': b'-- Up-to-date: /home/kishu/roboticslab-technical-project/ros2_ws/install/gazebo_ros_link_attacher/share/gazebo_ros_link_attacher/cmake/gazebo_ros_link_attacher__rosidl_typesupport_introspection_cExport-noconfig.cmake\n'}
[1.681220] (gazebo_ros_link_attacher) StdoutLine: {'line': b'-- Up-to-date: /home/kishu/roboticslab-technical-project/ros2_ws/install/gazebo_ros_link_attacher/share/gazebo_ros_link_attacher/cmake/gazebo_ros_link_attacher__rosidl_typesupport_cExport.cmake\n'}
[1.681635] (gazebo_ros_link_attacher) StdoutLine: {'line': b'-- Up-to-date: /home/kishu/roboticslab-technical-project/ros2_ws/install/gazebo_ros_link_attacher/share/gazebo_ros_link_attacher/cmake/gazebo_ros_link_attacher__rosidl_typesupport_cExport-noconfig.cmake\n'}
[1.682226] (gazebo_ros_link_attacher) StdoutLine: {'line': b'-- Up-to-date: /home/kishu/roboticslab-technical-project/ros2_ws/install/gazebo_ros_link_attacher/share/gazebo_ros_link_attacher/cmake/gazebo_ros_link_attacher__rosidl_typesupport_introspection_cppExport.cmake\n'}
[1.682659] (gazebo_ros_link_attacher) StdoutLine: {'line': b'-- Up-to-date: /home/kishu/roboticslab-technical-project/ros2_ws/install/gazebo_ros_link_attacher/share/gazebo_ros_link_attacher/cmake/gazebo_ros_link_attacher__rosidl_typesupport_introspection_cppExport-noconfig.cmake\n'}
[1.683380] (gazebo_ros_link_attacher) StdoutLine: {'line': b'-- Up-to-date: /home/kishu/roboticslab-technical-project/ros2_ws/install/gazebo_ros_link_attacher/share/gazebo_ros_link_attacher/cmake/gazebo_ros_link_attacher__rosidl_typesupport_cppExport.cmake\n'}
[1.683731] (gazebo_ros_link_attacher) StdoutLine: {'line': b'-- Up-to-date: /home/kishu/roboticslab-technical-project/ros2_ws/install/gazebo_ros_link_attacher/share/gazebo_ros_link_attacher/cmake/gazebo_ros_link_attacher__rosidl_typesupport_cppExport-noconfig.cmake\n'}
[1.684781] (gazebo_ros_link_attacher) StdoutLine: {'line': b'-- Up-to-date: /home/kishu/roboticslab-technical-project/ros2_ws/install/gazebo_ros_link_attacher/share/gazebo_ros_link_attacher/cmake/export_gazebo_ros_link_attacher__rosidl_generator_pyExport.cmake\n'}
[1.685869] (gazebo_ros_link_attacher) StdoutLine: {'line': b'-- Up-to-date: /home/kishu/roboticslab-technical-project/ros2_ws/install/gazebo_ros_link_attacher/share/gazebo_ros_link_attacher/cmake/export_gazebo_ros_link_attacher__rosidl_generator_pyExport-noconfig.cmake\n'}
[1.704801] (robotiq_85_msgs) JobEnded: {'identifier': 'robotiq_85_msgs', 'rc': 0}
[1.706577] (robotiq_85_driver) JobStarted: {'identifier': 'robotiq_85_driver'}
[1.720221] (-) TimerEvent: {}
[1.722754] (gazebo_ros_link_attacher) CommandEnded: {'returncode': 0}
[1.778565] (gazebo_ros_link_attacher) JobEnded: {'identifier': 'gazebo_ros_link_attacher', 'rc': 0}
[1.820363] (-) TimerEvent: {}
[1.920769] (-) TimerEvent: {}
[2.021200] (-) TimerEvent: {}
[2.121727] (-) TimerEvent: {}
[2.222143] (-) TimerEvent: {}
[2.314918] (multi_robot_coop) Command: {'cmd': ['/usr/bin/python3', '-W', 'ignore:setup.py install is deprecated', '-W', 'ignore:easy_install command is deprecated', 'setup.py', 'develop', '--editable', '--build-directory', '/home/kishu/roboticslab-technical-project/ros2_ws/build/multi_robot_coop/build', '--no-deps', 'symlink_data'], 'cwd': '/home/kishu/roboticslab-technical-project/ros2_ws/build/multi_robot_coop', 'env': {'LESSOPEN': '| /usr/bin/lesspipe %s', 'USER': 'kishu', 'SHLVL': '1', 'LD_LIBRARY_PATH': '/usr/lib/x86_64-linux-gnu/gazebo-11/plugins:/opt/ros/humble/opt/rviz_ogre_vendor/lib:/opt/ros/humble/lib/x86_64-linux-gnu:/opt/ros/humble/lib', 'HOME': '/home/kishu', 'OLDPWD': '/home/kishu', 'ROS_PYTHON_VERSION': '3', 'DBUS_SESSION_BUS_ADDRESS': 'unix:path=/run/user/1000/bus', 'WSL_DISTRO_NAME': 'Ubuntu-22.04', 'WAYLAND_DISPLAY': 'wayland-0', 'ROS_DISTRO': 'humble', 'LOGNAME': 'kishu', 'NAME': 'DESKTOP-07TM2Q3', 'WSL_INTEROP': '/run/WSL/320_interop', 'PULSE_SERVER': 'unix:/mnt/wslg/PulseServer', '_': '/usr/bin/colcon', 'ROS_VERSION': '2', 'TERM': 'xterm-256color', 'GAZEBO_MODEL_PATH': '/home/kishu/roboticslab-technical-project/models::/opt/ros/humble/share/turtlebot3_gazebo/models', 'ROS_LOCALHOST_ONLY': '0', 'PATH': '/home/kishu/.local/bin:/opt/ros/humble/bin:/usr/local/sbin:/usr/local/bin:/usr/sbin:/usr/bin:/sbin:/bin:/usr/games:/usr/local/games:/usr/lib/wsl/lib:/mnt/c/Program Files/WindowsApps/CanonicalGroupLimited.Ubuntu22.04LTS_2204.5.10021.0_x64__79rhkp1fndgsc:/mnt/c/Windows/system32:/mnt/c/Windows:/mnt/c/Windows/System32/Wbem:/mnt/c/Windows/System32/WindowsPowerShell/v1.0/:/mnt/c/Windows/System32/OpenSSH/:/mnt/c/Program Files/Git/cmd:/mnt/c/Users/Mohamad/AppData/Local/Microsoft/WindowsApps:/mnt/c/Users/Mohamad/AppData/Local/Programs/Microsoft VS Code/bin:/mnt/c/Users/Mohamad/AppData/Local/GitHubDesktop/bin:/snap/bin', 'XDG_RUNTIME_DIR': '/run/user/1000/', 'DISPLAY': ':0', 'LANG': 'C.UTF-8', 'LS_COLORS': 'rs=0:di=01;34:ln=01;36:mh=00:pi=40;33:so=01;35:do=01;35:bd=40;33;01:cd=40;33;01:or=40;31;01:mi=00:su=37;41:sg=30;43:ca=30;41:tw=30;42:ow=34;42:st=37;44:ex=01;32:*.tar=01;31:*.tgz=01;31:*.arc=01;31:*.arj=01;31:*.taz=01;31:*.lha=01;31:*.lz4=01;31:*.lzh=01;31:*.lzma=01;31:*.tlz=01;31:*.txz=01;31:*.tzo=01;31:*.t7z=01;31:*.zip=01;31:*.z=01;31:*.dz=01;31:*.gz=01;31:*.lrz=01;31:*.lz=01;31:*.lzo=01;31:*.xz=01;31:*.zst=01;31:*.tzst=01;31:*.bz2=01;31:*.bz=01;31:*.tbz=01;31:*.tbz2=01;31:*.tz=01;31:*.deb=01;31:*.rpm=01;31:*.jar=01;31:*.war=01;31:*.ear=01;31:*.sar=01;31:*.rar=01;31:*.alz=01;31:*.ace=01;31:*.zoo=01;31:*.cpio=01;31:*.7z=01;31:*.rz=01;31:*.cab=01;31:*.wim=01;31:*.swm=01;31:*.dwm=01;31:*.esd=01;31:*.jpg=01;35:*.jpeg=01;35:*.mjpg=01;35:*.mjpeg=01;35:*.gif=01;35:*.bmp=01;35:*.pbm=01;35:*.pgm=01;35:*.ppm=01;35:*.tga=01;35:*.xbm=01;35:*.xpm=01;35:*.tif=01;35:*.tiff=01;35:*.png=01;35:*.svg=01;35:*.svgz=01;35:*.mng=01;35:*.pcx=01;35:*.mov=01;35:*.mpg=01;35:*.mpeg=01;35:*.m2v=01;35:*.mkv=01;35:*.webm=01;35:*.webp=01;35:*.ogm=01;35:*.mp4=01;35:*.m4v=01;35:*.mp4v=01;35:*.vob=01;35:*.qt=01;35:*.nuv=01;35:*.wmv=01;35:*.asf=01;35:*.rm=01;35:*.rmvb=01;35:*.flc=01;35:*.avi=01;35:*.fli=01;35:*.flv=01;35:*.gl=01;35:*.dl=01;35:*.xcf=01;35:*.xwd=01;35:*.yuv=01;35:*.cgm=01;35:*.emf=01;35:*.ogv=01;35:*.ogx=01;35:*.aac=00;36:*.au=00;36:*.flac=00;36:*.m4a=00;36:*.mid=00;36:*.midi=00;36:*.mka=00;36:*.mp3=00;36:*.mpc=00;36:*.ogg=00;36:*.ra=00;36:*.wav=00;36:*.oga=00;36:*.opus=00;36:*.spx=00;36:*.xspf=00;36:', 'AMENT_PREFIX_PATH': '/opt/ros/humble', 'SHELL': '/bin/bash', 'LESSCLOSE': '/usr/bin/lesspipe %s %s', 'PWD': '/home/kishu/roboticslab-technical-project/ros2_ws/build/multi_robot_coop', 'TURTLEBOT3_MODEL': 'waffle_pi', 'XDG_DATA_DIRS': '/usr/local/share:/usr/share:/var/lib/snapd/desktop', 'PYTHONPATH': '/home/kishu/roboticslab-technical-project/ros2_ws/build/multi_robot_coop/prefix_override:/usr/lib/python3/dist-packages/colcon_core/task/python/colcon_distutils_commands:/home/kishu/roboticslab-technical-project/ros2_ws/install/multi_robot_coop/lib/python3.10/site-packages:/opt/ros/humble/lib/python3.10/site-packages:/opt/ros/humble/local/lib/python3.10/dist-packages', 'COLCON': '1', 'WSL2_GUI_APPS_ENABLED': '1', 'HOSTTYPE': 'x86_64', 'WSLENV': ''}, 'shell': False}
[2.322290] (-) TimerEvent: {}
[2.422803] (-) TimerEvent: {}
[2.523295] (-) TimerEvent: {}
[2.623728] (-) TimerEvent: {}
[2.724193] (-) TimerEvent: {}
[2.815389] (multi_robot_coop) StdoutLine: {'line': b'running develop\n'}
[2.824333] (-) TimerEvent: {}
[2.924693] (-) TimerEvent: {}
[3.025136] (-) TimerEvent: {}
[3.034973] (robotiq_85_driver) Command: {'cmd': ['/usr/bin/python3', '-W', 'ignore:setup.py install is deprecated', '-W', 'ignore:easy_install command is deprecated', 'setup.py', 'develop', '--editable', '--build-directory', '/home/kishu/roboticslab-technical-project/ros2_ws/build/robotiq_85_driver/build', '--no-deps', 'symlink_data'], 'cwd': '/home/kishu/roboticslab-technical-project/ros2_ws/build/robotiq_85_driver', 'env': {'LESSOPEN': '| /usr/bin/lesspipe %s', 'USER': 'kishu', 'SHLVL': '1', 'LD_LIBRARY_PATH': '/home/kishu/roboticslab-technical-project/ros2_ws/install/robotiq_85_msgs/lib:/usr/lib/x86_64-linux-gnu/gazebo-11/plugins:/opt/ros/humble/opt/rviz_ogre_vendor/lib:/opt/ros/humble/lib/x86_64-linux-gnu:/opt/ros/humble/lib', 'HOME': '/home/kishu', 'OLDPWD': '/home/kishu', 'ROS_PYTHON_VERSION': '3', 'DBUS_SESSION_BUS_ADDRESS': 'unix:path=/run/user/1000/bus', 'WSL_DISTRO_NAME': 'Ubuntu-22.04', 'WAYLAND_DISPLAY': 'wayland-0', 'ROS_DISTRO': 'humble', 'LOGNAME': 'kishu', 'NAME': 'DESKTOP-07TM2Q3', 'WSL_INTEROP': '/run/WSL/320_interop', 'PULSE_SERVER': 'unix:/mnt/wslg/PulseServer', '_': '/usr/bin/colcon', 'ROS_VERSION': '2', 'TERM': 'xterm-256color', 'GAZEBO_MODEL_PATH': '/home/kishu/roboticslab-technical-project/models::/opt/ros/humble/share/turtlebot3_gazebo/models', 'ROS_LOCALHOST_ONLY': '0', 'PATH': '/home/kishu/.local/bin:/opt/ros/humble/bin:/usr/local/sbin:/usr/local/bin:/usr/sbin:/usr/bin:/sbin:/bin:/usr/games:/usr/local/games:/usr/lib/wsl/lib:/mnt/c/Program Files/WindowsApps/CanonicalGroupLimited.Ubuntu22.04LTS_2204.5.10021.0_x64__79rhkp1fndgsc:/mnt/c/Windows/system32:/mnt/c/Windows:/mnt/c/Windows/System32/Wbem:/mnt/c/Windows/System32/WindowsPowerShell/v1.0/:/mnt/c/Windows/System32/OpenSSH/:/mnt/c/Program Files/Git/cmd:/mnt/c/Users/Mohamad/AppData/Local/Microsoft/WindowsApps:/mnt/c/Users/Mohamad/AppData/Local/Programs/Microsoft VS Code/bin:/mnt/c/Users/Mohamad/AppData/Local/GitHubDesktop/bin:/snap/bin', 'XDG_RUNTIME_DIR': '/run/user/1000/', 'DISPLAY': ':0', 'LANG': 'C.UTF-8', 'LS_COLORS': 'rs=0:di=01;34:ln=01;36:mh=00:pi=40;33:so=01;35:do=01;35:bd=40;33;01:cd=40;33;01:or=40;31;01:mi=00:su=37;41:sg=30;43:ca=30;41:tw=30;42:ow=34;42:st=37;44:ex=01;32:*.tar=01;31:*.tgz=01;31:*.arc=01;31:*.arj=01;31:*.taz=01;31:*.lha=01;31:*.lz4=01;31:*.lzh=01;31:*.lzma=01;31:*.tlz=01;31:*.txz=01;31:*.tzo=01;31:*.t7z=01;31:*.zip=01;31:*.z=01;31:*.dz=01;31:*.gz=01;31:*.lrz=01;31:*.lz=01;31:*.lzo=01;31:*.xz=01;31:*.zst=01;31:*.tzst=01;31:*.bz2=01;31:*.bz=01;31:*.tbz=01;31:*.tbz2=01;31:*.tz=01;31:*.deb=01;31:*.rpm=01;31:*.jar=01;31:*.war=01;31:*.ear=01;31:*.sar=01;31:*.rar=01;31:*.alz=01;31:*.ace=01;31:*.zoo=01;31:*.cpio=01;31:*.7z=01;31:*.rz=01;31:*.cab=01;31:*.wim=01;31:*.swm=01;31:*.dwm=01;31:*.esd=01;31:*.jpg=01;35:*.jpeg=01;35:*.mjpg=01;35:*.mjpeg=01;35:*.gif=01;35:*.bmp=01;35:*.pbm=01;35:*.pgm=01;35:*.ppm=01;35:*.tga=01;35:*.xbm=01;35:*.xpm=01;35:*.tif=01;35:*.tiff=01;35:*.png=01;35:*.svg=01;35:*.svgz=01;35:*.mng=01;35:*.pcx=01;35:*.mov=01;35:*.mpg=01;35:*.mpeg=01;35:*.m2v=01;35:*.mkv=01;35:*.webm=01;35:*.webp=01;35:*.ogm=01;35:*.mp4=01;35:*.m4v=01;35:*.mp4v=01;35:*.vob=01;35:*.qt=01;35:*.nuv=01;35:*.wmv=01;35:*.asf=01;35:*.rm=01;35:*.rmvb=01;35:*.flc=01;35:*.avi=01;35:*.fli=01;35:*.flv=01;35:*.gl=01;35:*.dl=01;35:*.xcf=01;35:*.xwd=01;35:*.yuv=01;35:*.cgm=01;35:*.emf=01;35:*.ogv=01;35:*.ogx=01;35:*.aac=00;36:*.au=00;36:*.flac=00;36:*.m4a=00;36:*.mid=00;36:*.midi=00;36:*.mka=00;36:*.mp3=00;36:*.mpc=00;36:*.ogg=00;36:*.ra=00;36:*.wav=00;36:*.oga=00;36:*.opus=00;36:*.spx=00;36:*.xspf=00;36:', 'AMENT_PREFIX_PATH': '/home/kishu/roboticslab-technical-project/ros2_ws/install/robotiq_85_msgs:/opt/ros/humble', 'SHELL': '/bin/bash', 'LESSCLOSE': '/usr/bin/lesspipe %s %s', 'PWD': '/home/kishu/roboticslab-technical-project/ros2_ws/build/robotiq_85_driver', 'TURTLEBOT3_MODEL': 'waffle_pi', 'XDG_DATA_DIRS': '/usr/local/share:/usr/share:/var/lib/snapd/desktop', 'PYTHONPATH': '/home/kishu/roboticslab-technical-project/ros2_ws/build/robotiq_85_driver/prefix_override:/usr/lib/python3/dist-packages/colcon_core/task/python/colcon_distutils_commands:/home/kishu/roboticslab-technical-project/ros2_ws/install/robotiq_85_driver/lib/python3.10/site-packages:/home/kishu/roboticslab-technical-project/ros2_ws/install/robotiq_85_msgs/local/lib/python3.10/dist-packages:/opt/ros/humble/lib/python3.10/site-packages:/opt/ros/humble/local/lib/python3.10/dist-packages', 'COLCON': '1', 'WSL2_GUI_APPS_ENABLED': '1', 'HOSTTYPE': 'x86_64', 'WSLENV': '', 'CMAKE_PREFIX_PATH': '/home/kishu/roboticslab-technical-project/ros2_ws/install/robotiq_85_msgs'}, 'shell': False}
[3.125280] (-) TimerEvent: {}
[3.171338] (multi_robot_coop) StdoutLine: {'line': b'running egg_info\n'}
[3.171754] (multi_robot_coop) StdoutLine: {'line': b'writing multi_robot_coop.egg-info/PKG-INFO\n'}
[3.172460] (multi_robot_coop) StdoutLine: {'line': b'writing dependency_links to multi_robot_coop.egg-info/dependency_links.txt\n'}
[3.172940] (multi_robot_coop) StdoutLine: {'line': b'writing entry points to multi_robot_coop.egg-info/entry_points.txt\n'}
[3.173341] (multi_robot_coop) StdoutLine: {'line': b'writing requirements to multi_robot_coop.egg-info/requires.txt\n'}
[3.173641] (multi_robot_coop) StdoutLine: {'line': b'writing top-level names to multi_robot_coop.egg-info/top_level.txt\n'}
[3.178115] (multi_robot_coop) StdoutLine: {'line': b"reading manifest file 'multi_robot_coop.egg-info/SOURCES.txt'\n"}
[3.180174] (multi_robot_coop) StdoutLine: {'line': b"writing manifest file 'multi_robot_coop.egg-info/SOURCES.txt'\n"}
[3.182492] (multi_robot_coop) StdoutLine: {'line': b'running build_ext\n'}
[3.182979] (multi_robot_coop) StdoutLine: {'line': b'Creating /home/kishu/roboticslab-technical-project/ros2_ws/install/multi_robot_coop/lib/python3.10/site-packages/multi-robot-coop.egg-link (link to .)\n'}
[3.184590] (multi_robot_coop) StdoutLine: {'line': b'Installing arm_controller script to /home/kishu/roboticslab-technical-project/ros2_ws/install/multi_robot_coop/lib/multi_robot_coop\n'}
[3.185088] (multi_robot_coop) StdoutLine: {'line': b'Installing arm_coordinator script to /home/kishu/roboticslab-technical-project/ros2_ws/install/multi_robot_coop/lib/multi_robot_coop\n'}
[3.185643] (multi_robot_coop) StdoutLine: {'line': b'Installing arm_real_controller script to /home/kishu/roboticslab-technical-project/ros2_ws/install/multi_robot_coop/lib/multi_robot_coop\n'}
[3.185898] (multi_robot_coop) StdoutLine: {'line': b'Installing scenario_coordinator script to /home/kishu/roboticslab-technical-project/ros2_ws/install/multi_robot_coop/lib/multi_robot_coop\n'}
[3.186401] (multi_robot_coop) StdoutLine: {'line': b'Installing tb3_controller script to /home/kishu/roboticslab-technical-project/ros2_ws/install/multi_robot_coop/lib/multi_robot_coop\n'}
[3.186631] (multi_robot_coop) StdoutLine: {'line': b'Installing tb3_coordinator script to /home/kishu/roboticslab-technical-project/ros2_ws/install/multi_robot_coop/lib/multi_robot_coop\n'}
[3.187118] (multi_robot_coop) StdoutLine: {'line': b'\n'}
[3.187246] (multi_robot_coop) StdoutLine: {'line': b'Installed /home/kishu/roboticslab-technical-project/ros2_ws/build/multi_robot_coop\n'}
[3.187335] (multi_robot_coop) StdoutLine: {'line': b'running symlink_data\n'}
[3.225369] (-) TimerEvent: {}
[3.238554] (multi_robot_coop) CommandEnded: {'returncode': 0}
[3.253719] (multi_robot_coop) JobEnded: {'identifier': 'multi_robot_coop', 'rc': 0}
[3.325487] (-) TimerEvent: {}
[3.419378] (robotiq_85_driver) StderrLine: {'line': b"/usr/lib/python3/dist-packages/setuptools/dist.py:723: UserWarning: Usage of dash-separated 'script-dir' will not be supported in future versions. Please use the underscore name 'script_dir' instead\n"}
[3.419664] (robotiq_85_driver) StderrLine: {'line': b'  warnings.warn(\n'}
[3.425633] (-) TimerEvent: {}
[3.457823] (robotiq_85_driver) StdoutLine: {'line': b'running develop\n'}
[3.525773] (-) TimerEvent: {}
[3.626171] (-) TimerEvent: {}
[3.726540] (-) TimerEvent: {}
[3.735780] (robotiq_85_driver) StdoutLine: {'line': b'running egg_info\n'}
[3.736179] (robotiq_85_driver) StdoutLine: {'line': b'writing robotiq_85_driver.egg-info/PKG-INFO\n'}
[3.736602] (robotiq_85_driver) StdoutLine: {'line': b'writing dependency_links to robotiq_85_driver.egg-info/dependency_links.txt\n'}
[3.737270] (robotiq_85_driver) StdoutLine: {'line': b'writing entry points to robotiq_85_driver.egg-info/entry_points.txt\n'}
[3.737866] (robotiq_85_driver) StdoutLine: {'line': b'writing requirements to robotiq_85_driver.egg-info/requires.txt\n'}
[3.738361] (robotiq_85_driver) StdoutLine: {'line': b'writing top-level names to robotiq_85_driver.egg-info/top_level.txt\n'}
[3.742222] (robotiq_85_driver) StdoutLine: {'line': b"reading manifest file 'robotiq_85_driver.egg-info/SOURCES.txt'\n"}
[3.743742] (robotiq_85_driver) StdoutLine: {'line': b"writing manifest file 'robotiq_85_driver.egg-info/SOURCES.txt'\n"}
[3.745994] (robotiq_85_driver) StdoutLine: {'line': b'running build_ext\n'}
[3.746377] (robotiq_85_driver) StdoutLine: {'line': b'Creating /home/kishu/roboticslab-technical-project/ros2_ws/install/robotiq_85_driver/lib/python3.10/site-packages/robotiq-85-driver.egg-link (link to .)\n'}
[3.747771] (robotiq_85_driver) StdoutLine: {'line': b'Installing robotiq_85_driver script to /home/kishu/roboticslab-technical-project/ros2_ws/install/robotiq_85_driver/lib/robotiq_85_driver\n'}
[3.748630] (robotiq_85_driver) StdoutLine: {'line': b'Installing robotiq_85_test script to /home/kishu/roboticslab-technical-project/ros2_ws/install/robotiq_85_driver/lib/robotiq_85_driver\n'}
[3.748996] (robotiq_85_driver) StdoutLine: {'line': b'Installing robotiq_85_test_close script to /home/kishu/roboticslab-technical-project/ros2_ws/install/robotiq_85_driver/lib/robotiq_85_driver\n'}
[3.749309] (robotiq_85_driver) StdoutLine: {'line': b'Installing single_robotiq_85_action_server script to /home/kishu/roboticslab-technical-project/ros2_ws/install/robotiq_85_driver/lib/robotiq_85_driver\n'}
[3.749781] (robotiq_85_driver) StdoutLine: {'line': b'\n'}
[3.750118] (robotiq_85_driver) StdoutLine: {'line': b'Installed /home/kishu/roboticslab-technical-project/ros2_ws/build/robotiq_85_driver\n'}
[3.750645] (robotiq_85_driver) StdoutLine: {'line': b'running symlink_data\n'}
[3.793160] (robotiq_85_driver) CommandEnded: {'returncode': 0}
[3.809461] (robotiq_85_driver) JobEnded: {'identifier': 'robotiq_85_driver', 'rc': 0}
[3.811825] (robotiq_85_gripper) JobStarted: {'identifier': 'robotiq_85_gripper'}
[3.826715] (-) TimerEvent: {}
[3.927207] (-) TimerEvent: {}
[3.977928] (robotiq_85_gripper) JobProgress: {'identifier': 'robotiq_85_gripper', 'progress': 'cmake'}
[3.980256] (robotiq_85_gripper) JobProgress: {'identifier': 'robotiq_85_gripper', 'progress': 'build'}
[3.981626] (robotiq_85_gripper) Command: {'cmd': ['/usr/bin/cmake', '--build', '/home/kishu/roboticslab-technical-project/ros2_ws/build/robotiq_85_gripper', '--', '-j4', '-l4'], 'cwd': '/home/kishu/roboticslab-technical-project/ros2_ws/build/robotiq_85_gripper', 'env': OrderedDict([('LESSOPEN', '| /usr/bin/lesspipe %s'), ('USER', 'kishu'), ('SHLVL', '1'), ('LD_LIBRARY_PATH', '/home/kishu/roboticslab-technical-project/ros2_ws/install/robotiq_85_msgs/lib:/usr/lib/x86_64-linux-gnu/gazebo-11/plugins:/opt/ros/humble/opt/rviz_ogre_vendor/lib:/opt/ros/humble/lib/x86_64-linux-gnu:/opt/ros/humble/lib'), ('HOME', '/home/kishu'), ('OLDPWD', '/home/kishu'), ('ROS_PYTHON_VERSION', '3'), ('DBUS_SESSION_BUS_ADDRESS', 'unix:path=/run/user/1000/bus'), ('WSL_DISTRO_NAME', 'Ubuntu-22.04'), ('WAYLAND_DISPLAY', 'wayland-0'), ('ROS_DISTRO', 'humble'), ('LOGNAME', 'kishu'), ('NAME', 'DESKTOP-07TM2Q3'), ('WSL_INTEROP', '/run/WSL/320_interop'), ('PULSE_SERVER', 'unix:/mnt/wslg/PulseServer'), ('_', '/usr/bin/colcon'), ('ROS_VERSION', '2'), ('TERM', 'xterm-256color'), ('GAZEBO_MODEL_PATH', '/home/kishu/roboticslab-technical-project/models::/opt/ros/humble/share/turtlebot3_gazebo/models'), ('ROS_LOCALHOST_ONLY', '0'), ('PATH', '/home/kishu/.local/bin:/opt/ros/humble/bin:/usr/local/sbin:/usr/local/bin:/usr/sbin:/usr/bin:/sbin:/bin:/usr/games:/usr/local/games:/usr/lib/wsl/lib:/mnt/c/Program Files/WindowsApps/CanonicalGroupLimited.Ubuntu22.04LTS_2204.5.10021.0_x64__79rhkp1fndgsc:/mnt/c/Windows/system32:/mnt/c/Windows:/mnt/c/Windows/System32/Wbem:/mnt/c/Windows/System32/WindowsPowerShell/v1.0/:/mnt/c/Windows/System32/OpenSSH/:/mnt/c/Program Files/Git/cmd:/mnt/c/Users/Mohamad/AppData/Local/Microsoft/WindowsApps:/mnt/c/Users/Mohamad/AppData/Local/Programs/Microsoft VS Code/bin:/mnt/c/Users/Mohamad/AppData/Local/GitHubDesktop/bin:/snap/bin'), ('XDG_RUNTIME_DIR', '/run/user/1000/'), ('DISPLAY', ':0'), ('LANG', 'C.UTF-8'), ('LS_COLORS', 'rs=0:di=01;34:ln=01;36:mh=00:pi=40;33:so=01;35:do=01;35:bd=40;33;01:cd=40;33;01:or=40;31;01:mi=00:su=37;41:sg=30;43:ca=30;41:tw=30;42:ow=34;42:st=37;44:ex=01;32:*.tar=01;31:*.tgz=01;31:*.arc=01;31:*.arj=01;31:*.taz=01;31:*.lha=01;31:*.lz4=01;31:*.lzh=01;31:*.lzma=01;31:*.tlz=01;31:*.txz=01;31:*.tzo=01;31:*.t7z=01;31:*.zip=01;31:*.z=01;31:*.dz=01;31:*.gz=01;31:*.lrz=01;31:*.lz=01;31:*.lzo=01;31:*.xz=01;31:*.zst=01;31:*.tzst=01;31:*.bz2=01;31:*.bz=01;31:*.tbz=01;31:*.tbz2=01;31:*.tz=01;31:*.deb=01;31:*.rpm=01;31:*.jar=01;31:*.war=01;31:*.ear=01;31:*.sar=01;31:*.rar=01;31:*.alz=01;31:*.ace=01;31:*.zoo=01;31:*.cpio=01;31:*.7z=01;31:*.rz=01;31:*.cab=01;31:*.wim=01;31:*.swm=01;31:*.dwm=01;31:*.esd=01;31:*.jpg=01;35:*.jpeg=01;35:*.mjpg=01;35:*.mjpeg=01;35:*.gif=01;35:*.bmp=01;35:*.pbm=01;35:*.pgm=01;35:*.ppm=01;35:*.tga=01;35:*.xbm=01;35:*.xpm=01;35:*.tif=01;35:*.tiff=01;35:*.png=01;35:*.svg=01;35:*.svgz=01;35:*.mng=01;35:*.pcx=01;35:*.mov=01;35:*.mpg=01;35:*.mpeg=01;35:*.m2v=01;35:*.mkv=01;35:*.webm=01;35:*.webp=01;35:*.ogm=01;35:*.mp4=01;35:*.m4v=01;35:*.mp4v=01;35:*.vob=01;35:*.qt=01;35:*.nuv=01;35:*.wmv=01;35:*.asf=01;35:*.rm=01;35:*.rmvb=01;35:*.flc=01;35:*.avi=01;35:*.fli=01;35:*.flv=01;35:*.gl=01;35:*.dl=01;35:*.xcf=01;35:*.xwd=01;35:*.yuv=01;35:*.cgm=01;35:*.emf=01;35:*.ogv=01;35:*.ogx=01;35:*.aac=00;36:*.au=00;36:*.flac=00;36:*.m4a=00;36:*.mid=00;36:*.midi=00;36:*.mka=00;36:*.mp3=00;36:*.mpc=00;36:*.ogg=00;36:*.ra=00;36:*.wav=00;36:*.oga=00;36:*.opus=00;36:*.spx=00;36:*.xspf=00;36:'), ('AMENT_PREFIX_PATH', '/home/kishu/roboticslab-technical-project/ros2_ws/install/robotiq_85_driver:/home/kishu/roboticslab-technical-project/ros2_ws/install/robotiq_85_msgs:/home/kishu/roboticslab-technical-project/ros2_ws/install/robotiq_85_description:/opt/ros/humble'), ('SHELL', '/bin/bash'), ('LESSCLOSE', '/usr/bin/lesspipe %s %s'), ('PWD', '/home/kishu/roboticslab-technical-project/ros2_ws/build/robotiq_85_gripper'), ('TURTLEBOT3_MODEL', 'waffle_pi'), ('XDG_DATA_DIRS', '/usr/local/share:/usr/share:/var/lib/snapd/desktop'), ('PYTHONPATH', '/home/kishu/roboticslab-technical-project/ros2_ws/build/robotiq_85_driver:/home/kishu/roboticslab-technical-project/ros2_ws/install/robotiq_85_driver/lib/python3.10/site-packages:/home/kishu/roboticslab-technical-project/ros2_ws/install/robotiq_85_msgs/local/lib/python3.10/dist-packages:/opt/ros/humble/lib/python3.10/site-packages:/opt/ros/humble/local/lib/python3.10/dist-packages'), ('COLCON', '1'), ('WSL2_GUI_APPS_ENABLED', '1'), ('HOSTTYPE', 'x86_64'), ('WSLENV', ''), ('CMAKE_PREFIX_PATH', '/home/kishu/roboticslab-technical-project/ros2_ws/install/robotiq_85_msgs:/home/kishu/roboticslab-technical-project/ros2_ws/install/robotiq_85_description:/opt/ros/humble')]), 'shell': False}
[4.027334] (-) TimerEvent: {}
[4.043530] (robotiq_85_gripper) CommandEnded: {'returncode': 0}
[4.046353] (robotiq_85_gripper) JobProgress: {'identifier': 'robotiq_85_gripper', 'progress': 'install'}
[4.047860] (robotiq_85_gripper) Command: {'cmd': ['/usr/bin/cmake', '--install', '/home/kishu/roboticslab-technical-project/ros2_ws/build/robotiq_85_gripper'], 'cwd': '/home/kishu/roboticslab-technical-project/ros2_ws/build/robotiq_85_gripper', 'env': OrderedDict([('LESSOPEN', '| /usr/bin/lesspipe %s'), ('USER', 'kishu'), ('SHLVL', '1'), ('LD_LIBRARY_PATH', '/home/kishu/roboticslab-technical-project/ros2_ws/install/robotiq_85_msgs/lib:/usr/lib/x86_64-linux-gnu/gazebo-11/plugins:/opt/ros/humble/opt/rviz_ogre_vendor/lib:/opt/ros/humble/lib/x86_64-linux-gnu:/opt/ros/humble/lib'), ('HOME', '/home/kishu'), ('OLDPWD', '/home/kishu'), ('ROS_PYTHON_VERSION', '3'), ('DBUS_SESSION_BUS_ADDRESS', 'unix:path=/run/user/1000/bus'), ('WSL_DISTRO_NAME', 'Ubuntu-22.04'), ('WAYLAND_DISPLAY', 'wayland-0'), ('ROS_DISTRO', 'humble'), ('LOGNAME', 'kishu'), ('NAME', 'DESKTOP-07TM2Q3'), ('WSL_INTEROP', '/run/WSL/320_interop'), ('PULSE_SERVER', 'unix:/mnt/wslg/PulseServer'), ('_', '/usr/bin/colcon'), ('ROS_VERSION', '2'), ('TERM', 'xterm-256color'), ('GAZEBO_MODEL_PATH', '/home/kishu/roboticslab-technical-project/models::/opt/ros/humble/share/turtlebot3_gazebo/models'), ('ROS_LOCALHOST_ONLY', '0'), ('PATH', '/home/kishu/.local/bin:/opt/ros/humble/bin:/usr/local/sbin:/usr/local/bin:/usr/sbin:/usr/bin:/sbin:/bin:/usr/games:/usr/local/games:/usr/lib/wsl/lib:/mnt/c/Program Files/WindowsApps/CanonicalGroupLimited.Ubuntu22.04LTS_2204.5.10021.0_x64__79rhkp1fndgsc:/mnt/c/Windows/system32:/mnt/c/Windows:/mnt/c/Windows/System32/Wbem:/mnt/c/Windows/System32/WindowsPowerShell/v1.0/:/mnt/c/Windows/System32/OpenSSH/:/mnt/c/Program Files/Git/cmd:/mnt/c/Users/Mohamad/AppData/Local/Microsoft/WindowsApps:/mnt/c/Users/Mohamad/AppData/Local/Programs/Microsoft VS Code/bin:/mnt/c/Users/Mohamad/AppData/Local/GitHubDesktop/bin:/snap/bin'), ('XDG_RUNTIME_DIR', '/run/user/1000/'), ('DISPLAY', ':0'), ('LANG', 'C.UTF-8'), ('LS_COLORS', 'rs=0:di=01;34:ln=01;36:mh=00:pi=40;33:so=01;35:do=01;35:bd=40;33;01:cd=40;33;01:or=40;31;01:mi=00:su=37;41:sg=30;43:ca=30;41:tw=30;42:ow=34;42:st=37;44:ex=01;32:*.tar=01;31:*.tgz=01;31:*.arc=01;31:*.arj=01;31:*.taz=01;31:*.lha=01;31:*.lz4=01;31:*.lzh=01;31:*.lzma=01;31:*.tlz=01;31:*.txz=01;31:*.tzo=01;31:*.t7z=01;31:*.zip=01;31:*.z=01;31:*.dz=01;31:*.gz=01;31:*.lrz=01;31:*.lz=01;31:*.lzo=01;31:*.xz=01;31:*.zst=01;31:*.tzst=01;31:*.bz2=01;31:*.bz=01;31:*.tbz=01;31:*.tbz2=01;31:*.tz=01;31:*.deb=01;31:*.rpm=01;31:*.jar=01;31:*.war=01;31:*.ear=01;31:*.sar=01;31:*.rar=01;31:*.alz=01;31:*.ace=01;31:*.zoo=01;31:*.cpio=01;31:*.7z=01;31:*.rz=01;31:*.cab=01;31:*.wim=01;31:*.swm=01;31:*.dwm=01;31:*.esd=01;31:*.jpg=01;35:*.jpeg=01;35:*.mjpg=01;35:*.mjpeg=01;35:*.gif=01;35:*.bmp=01;35:*.pbm=01;35:*.pgm=01;35:*.ppm=01;35:*.tga=01;35:*.xbm=01;35:*.xpm=01;35:*.tif=01;35:*.tiff=01;35:*.png=01;35:*.svg=01;35:*.svgz=01;35:*.mng=01;35:*.pcx=01;35:*.mov=01;35:*.mpg=01;35:*.mpeg=01;35:*.m2v=01;35:*.mkv=01;35:*.webm=01;35:*.webp=01;35:*.ogm=01;35:*.mp4=01;35:*.m4v=01;35:*.mp4v=01;35:*.vob=01;35:*.qt=01;35:*.nuv=01;35:*.wmv=01;35:*.asf=01;35:*.rm=01;35:*.rmvb=01;35:*.flc=01;35:*.avi=01;35:*.fli=01;35:*.flv=01;35:*.gl=01;35:*.dl=01;35:*.xcf=01;35:*.xwd=01;35:*.yuv=01;35:*.cgm=01;35:*.emf=01;35:*.ogv=01;35:*.ogx=01;35:*.aac=00;36:*.au=00;36:*.flac=00;36:*.m4a=00;36:*.mid=00;36:*.midi=00;36:*.mka=00;36:*.mp3=00;36:*.mpc=00;36:*.ogg=00;36:*.ra=00;36:*.wav=00;36:*.oga=00;36:*.opus=00;36:*.spx=00;36:*.xspf=00;36:'), ('AMENT_PREFIX_PATH', '/home/kishu/roboticslab-technical-project/ros2_ws/install/robotiq_85_driver:/home/kishu/roboticslab-technical-project/ros2_ws/install/robotiq_85_msgs:/home/kishu/roboticslab-technical-project/ros2_ws/install/robotiq_85_description:/opt/ros/humble'), ('SHELL', '/bin/bash'), ('LESSCLOSE', '/usr/bin/lesspipe %s %s'), ('PWD', '/home/kishu/roboticslab-technical-project/ros2_ws/build/robotiq_85_gripper'), ('TURTLEBOT3_MODEL', 'waffle_pi'), ('XDG_DATA_DIRS', '/usr/local/share:/usr/share:/var/lib/snapd/desktop'), ('PYTHONPATH', '/home/kishu/roboticslab-technical-project/ros2_ws/build/robotiq_85_driver:/home/kishu/roboticslab-technical-project/ros2_ws/install/robotiq_85_driver/lib/python3.10/site-packages:/home/kishu/roboticslab-technical-project/ros2_ws/install/robotiq_85_msgs/local/lib/python3.10/dist-packages:/opt/ros/humble/lib/python3.10/site-packages:/opt/ros/humble/local/lib/python3.10/dist-packages'), ('COLCON', '1'), ('WSL2_GUI_APPS_ENABLED', '1'), ('HOSTTYPE', 'x86_64'), ('WSLENV', ''), ('CMAKE_PREFIX_PATH', '/home/kishu/roboticslab-technical-project/ros2_ws/install/robotiq_85_msgs:/home/kishu/roboticslab-technical-project/ros2_ws/install/robotiq_85_description:/opt/ros/humble')]), 'shell': False}
[4.058914] (robotiq_85_gripper) StdoutLine: {'line': b'-- Install configuration: ""\n'}
[4.060198] (robotiq_85_gripper) StdoutLine: {'line': b'-- Execute custom install script\n'}
[4.062703] (robotiq_85_gripper) StdoutLine: {'line': b'-- Up-to-date symlink: /home/kishu/roboticslab-technical-project/ros2_ws/install/robotiq_85_gripper/share/ament_index/resource_index/package_run_dependencies/robotiq_85_gripper\n'}
[4.063809] (robotiq_85_gripper) StdoutLine: {'line': b'-- Up-to-date symlink: /home/kishu/roboticslab-technical-project/ros2_ws/install/robotiq_85_gripper/share/ament_index/resource_index/parent_prefix_path/robotiq_85_gripper\n'}
[4.065423] (robotiq_85_gripper) StdoutLine: {'line': b'-- Up-to-date symlink: /home/kishu/roboticslab-technical-project/ros2_ws/install/robotiq_85_gripper/share/robotiq_85_gripper/environment/ament_prefix_path.sh\n'}
[4.066320] (robotiq_85_gripper) StdoutLine: {'line': b'-- Up-to-date symlink: /home/kishu/roboticslab-technical-project/ros2_ws/install/robotiq_85_gripper/share/robotiq_85_gripper/environment/ament_prefix_path.dsv\n'}
[4.067027] (robotiq_85_gripper) StdoutLine: {'line': b'-- Up-to-date symlink: /home/kishu/roboticslab-technical-project/ros2_ws/install/robotiq_85_gripper/share/robotiq_85_gripper/environment/path.sh\n'}
[4.067795] (robotiq_85_gripper) StdoutLine: {'line': b'-- Up-to-date symlink: /home/kishu/roboticslab-technical-project/ros2_ws/install/robotiq_85_gripper/share/robotiq_85_gripper/environment/path.dsv\n'}
[4.068580] (robotiq_85_gripper) StdoutLine: {'line': b'-- Up-to-date symlink: /home/kishu/roboticslab-technical-project/ros2_ws/install/robotiq_85_gripper/share/robotiq_85_gripper/local_setup.bash\n'}
[4.069292] (robotiq_85_gripper) StdoutLine: {'line': b'-- Up-to-date symlink: /home/kishu/roboticslab-technical-project/ros2_ws/install/robotiq_85_gripper/share/robotiq_85_gripper/local_setup.sh\n'}
[4.069968] (robotiq_85_gripper) StdoutLine: {'line': b'-- Up-to-date symlink: /home/kishu/roboticslab-technical-project/ros2_ws/install/robotiq_85_gripper/share/robotiq_85_gripper/local_setup.zsh\n'}
[4.070752] (robotiq_85_gripper) StdoutLine: {'line': b'-- Up-to-date symlink: /home/kishu/roboticslab-technical-project/ros2_ws/install/robotiq_85_gripper/share/robotiq_85_gripper/local_setup.dsv\n'}
[4.071154] (robotiq_85_gripper) StdoutLine: {'line': b'-- Symlinking: /home/kishu/roboticslab-technical-project/ros2_ws/install/robotiq_85_gripper/share/robotiq_85_gripper/package.dsv\n'}
[4.083844] (robotiq_85_gripper) StdoutLine: {'line': b'-- Up-to-date symlink: /home/kishu/roboticslab-technical-project/ros2_ws/install/robotiq_85_gripper/share/ament_index/resource_index/packages/robotiq_85_gripper\n'}
[4.085227] (robotiq_85_gripper) StdoutLine: {'line': b'-- Up-to-date symlink: /home/kishu/roboticslab-technical-project/ros2_ws/install/robotiq_85_gripper/share/robotiq_85_gripper/cmake/robotiq_85_gripperConfig.cmake\n'}
[4.085886] (robotiq_85_gripper) StdoutLine: {'line': b'-- Up-to-date symlink: /home/kishu/roboticslab-technical-project/ros2_ws/install/robotiq_85_gripper/share/robotiq_85_gripper/cmake/robotiq_85_gripperConfig-version.cmake\n'}
[4.086930] (robotiq_85_gripper) StdoutLine: {'line': b'-- Up-to-date symlink: /home/kishu/roboticslab-technical-project/ros2_ws/install/robotiq_85_gripper/share/robotiq_85_gripper/package.xml\n'}
[4.090421] (robotiq_85_gripper) CommandEnded: {'returncode': 0}
[4.110679] (robotiq_85_gripper) JobEnded: {'identifier': 'robotiq_85_gripper', 'rc': 0}
[4.112948] (-) EventReactorShutdown: {}
