[0.000000] (-) TimerEvent: {}
[0.000264] (gazebo_ros_link_attacher) JobQueued: {'identifier': 'gazebo_ros_link_attacher', 'dependencies': OrderedDict()}
[0.000346] (multi_robot_coop) JobQueued: {'identifier': 'multi_robot_coop', 'dependencies': OrderedDict()}
[0.000457] (robotiq_85_description) JobQueued: {'identifier': 'robotiq_85_description', 'dependencies': OrderedDict()}
[0.000562] (robotiq_85_msgs) JobQueued: {'identifier': 'robotiq_85_msgs', 'dependencies': OrderedDict()}
[0.000640] (robotiq_85_driver) JobQueued: {'identifier': 'robotiq_85_driver', 'dependencies': OrderedDict([('robotiq_85_msgs', '/home/kishu/roboticslab-technical-project/ros2_ws/install/robotiq_85_msgs')])}
[0.000757] (robotiq_85_gripper) JobQueued: {'identifier': 'robotiq_85_gripper', 'dependencies': OrderedDict([('robotiq_85_description', '/home/kishu/roboticslab-technical-project/ros2_ws/install/robotiq_85_description'), ('robotiq_85_msgs', '/home/kishu/roboticslab-technical-project/ros2_ws/install/robotiq_85_msgs'), ('robotiq_85_driver', '/home/kishu/roboticslab-technical-project/ros2_ws/install/robotiq_85_driver')])}
[0.000870] (robotiq_85_msgs) JobStarted: {'identifier': 'robotiq_85_msgs'}
[0.026052] (robotiq_85_description) JobStarted: {'identifier': 'robotiq_85_description'}
[0.036096] (gazebo_ros_link_attacher) JobStarted: {'identifier': 'gazebo_ros_link_attacher'}
[0.049318] (multi_robot_coop) JobStarted: {'identifier': 'multi_robot_coop'}
[0.077454] (robotiq_85_msgs) JobProgress: {'identifier': 'robotiq_85_msgs', 'progress': 'cmake'}
[0.081022] (robotiq_85_msgs) JobProgress: {'identifier': 'robotiq_85_msgs', 'progress': 'build'}
[0.083633] (robotiq_85_msgs) Command: {'cmd': ['/usr/bin/cmake', '--build', '/home/kishu/roboticslab-technical-project/ros2_ws/build/robotiq_85_msgs', '--', '-j4', '-l4'], 'cwd': '/home/kishu/roboticslab-technical-project/ros2_ws/build/robotiq_85_msgs', 'env': OrderedDict([('LESSOPEN', '| /usr/bin/lesspipe %s'), ('USER', 'kishu'), ('SHLVL', '1'), ('LD_LIBRARY_PATH', '/usr/lib/x86_64-linux-gnu/gazebo-11/plugins:/opt/ros/humble/opt/rviz_ogre_vendor/lib:/opt/ros/humble/lib/x86_64-linux-gnu:/opt/ros/humble/lib'), ('HOME', '/home/kishu'), ('OLDPWD', '/home/kishu'), ('ROS_PYTHON_VERSION', '3'), ('DBUS_SESSION_BUS_ADDRESS', 'unix:path=/run/user/1000/bus'), ('WSL_DISTRO_NAME', 'Ubuntu-22.04'), ('WAYLAND_DISPLAY', 'wayland-0'), ('ROS_DISTRO', 'humble'), ('LOGNAME', 'kishu'), ('NAME', 'DESKTOP-07TM2Q3'), ('WSL_INTEROP', '/run/WSL/358_interop'), ('PULSE_SERVER', 'unix:/mnt/wslg/PulseServer'), ('_', '/usr/bin/colcon'), ('ROS_VERSION', '2'), ('TERM', 'xterm-256color'), ('GAZEBO_MODEL_PATH', '/home/kishu/roboticslab-technical-project/models::/opt/ros/humble/share/turtlebot3_gazebo/models'), ('ROS_LOCALHOST_ONLY', '0'), ('PATH', '/home/kishu/.local/bin:/opt/ros/humble/bin:/usr/local/sbin:/usr/local/bin:/usr/sbin:/usr/bin:/sbin:/bin:/usr/games:/usr/local/games:/usr/lib/wsl/lib:/mnt/c/Program Files/WindowsApps/CanonicalGroupLimited.Ubuntu22.04LTS_2204.5.10021.0_x64__79rhkp1fndgsc:/mnt/c/Windows/system32:/mnt/c/Windows:/mnt/c/Windows/System32/Wbem:/mnt/c/Windows/System32/WindowsPowerShell/v1.0/:/mnt/c/Windows/System32/OpenSSH/:/mnt/c/Program Files/Git/cmd:/mnt/c/Users/Mohamad/AppData/Local/Microsoft/WindowsApps:/mnt/c/Users/Mohamad/AppData/Local/Programs/Microsoft VS Code/bin:/mnt/c/Users/Mohamad/AppData/Local/GitHubDesktop/bin:/snap/bin'), ('XDG_RUNTIME_DIR', '/run/user/1000/'), ('DISPLAY', ':0'), ('LANG', 'C.UTF-8'), ('LS_COLORS', 'rs=0:di=01;34:ln=01;36:mh=00:pi=40;33:so=01;35:do=01;35:bd=40;33;01:cd=40;33;01:or=40;31;01:mi=00:su=37;41:sg=30;43:ca=30;41:tw=30;42:ow=34;42:st=37;44:ex=01;32:*.tar=01;31:*.tgz=01;31:*.arc=01;31:*.arj=01;31:*.taz=01;31:*.lha=01;31:*.lz4=01;31:*.lzh=01;31:*.lzma=01;31:*.tlz=01;31:*.txz=01;31:*.tzo=01;31:*.t7z=01;31:*.zip=01;31:*.z=01;31:*.dz=01;31:*.gz=01;31:*.lrz=01;31:*.lz=01;31:*.lzo=01;31:*.xz=01;31:*.zst=01;31:*.tzst=01;31:*.bz2=01;31:*.bz=01;31:*.tbz=01;31:*.tbz2=01;31:*.tz=01;31:*.deb=01;31:*.rpm=01;31:*.jar=01;31:*.war=01;31:*.ear=01;31:*.sar=01;31:*.rar=01;31:*.alz=01;31:*.ace=01;31:*.zoo=01;31:*.cpio=01;31:*.7z=01;31:*.rz=01;31:*.cab=01;31:*.wim=01;31:*.swm=01;31:*.dwm=01;31:*.esd=01;31:*.jpg=01;35:*.jpeg=01;35:*.mjpg=01;35:*.mjpeg=01;35:*.gif=01;35:*.bmp=01;35:*.pbm=01;35:*.pgm=01;35:*.ppm=01;35:*.tga=01;35:*.xbm=01;35:*.xpm=01;35:*.tif=01;35:*.tiff=01;35:*.png=01;35:*.svg=01;35:*.svgz=01;35:*.mng=01;35:*.pcx=01;35:*.mov=01;35:*.mpg=01;35:*.mpeg=01;35:*.m2v=01;35:*.mkv=01;35:*.webm=01;35:*.webp=01;35:*.ogm=01;35:*.mp4=01;35:*.m4v=01;35:*.mp4v=01;35:*.vob=01;35:*.qt=01;35:*.nuv=01;35:*.wmv=01;35:*.asf=01;35:*.rm=01;35:*.rmvb=01;35:*.flc=01;35:*.avi=01;35:*.fli=01;35:*.flv=01;35:*.gl=01;35:*.dl=01;35:*.xcf=01;35:*.xwd=01;35:*.yuv=01;35:*.cgm=01;35:*.emf=01;35:*.ogv=01;35:*.ogx=01;35:*.aac=00;36:*.au=00;36:*.flac=00;36:*.m4a=00;36:*.mid=00;36:*.midi=00;36:*.mka=00;36:*.mp3=00;36:*.mpc=00;36:*.ogg=00;36:*.ra=00;36:*.wav=00;36:*.oga=00;36:*.opus=00;36:*.spx=00;36:*.xspf=00;36:'), ('AMENT_PREFIX_PATH', '/opt/ros/humble'), ('SHELL', '/bin/bash'), ('LESSCLOSE', '/usr/bin/lesspipe %s %s'), ('PWD', '/home/kishu/roboticslab-technical-project/ros2_ws/build/robotiq_85_msgs'), ('TURTLEBOT3_MODEL', 'waffle_pi'), ('XDG_DATA_DIRS', '/usr/local/share:/usr/share:/var/lib/snapd/desktop'), ('PYTHONPATH', '/opt/ros/humble/lib/python3.10/site-packages:/opt/ros/humble/local/lib/python3.10/dist-packages'), ('COLCON', '1'), ('WSL2_GUI_APPS_ENABLED', '1'), ('HOSTTYPE', 'x86_64'), ('WSLENV', ''), ('CMAKE_PREFIX_PATH', '/opt/ros/humble')]), 'shell': False}
[0.090901] (robotiq_85_description) JobProgress: {'identifier': 'robotiq_85_description', 'progress': 'cmake'}
[0.094828] (robotiq_85_description) JobProgress: {'identifier': 'robotiq_85_description', 'progress': 'build'}
[0.096629] (robotiq_85_description) Command: {'cmd': ['/usr/bin/cmake', '--build', '/home/kishu/roboticslab-technical-project/ros2_ws/build/robotiq_85_description', '--', '-j4', '-l4'], 'cwd': '/home/kishu/roboticslab-technical-project/ros2_ws/build/robotiq_85_description', 'env': OrderedDict([('LESSOPEN', '| /usr/bin/lesspipe %s'), ('USER', 'kishu'), ('SHLVL', '1'), ('LD_LIBRARY_PATH', '/usr/lib/x86_64-linux-gnu/gazebo-11/plugins:/opt/ros/humble/opt/rviz_ogre_vendor/lib:/opt/ros/humble/lib/x86_64-linux-gnu:/opt/ros/humble/lib'), ('HOME', '/home/kishu'), ('OLDPWD', '/home/kishu'), ('ROS_PYTHON_VERSION', '3'), ('DBUS_SESSION_BUS_ADDRESS', 'unix:path=/run/user/1000/bus'), ('WSL_DISTRO_NAME', 'Ubuntu-22.04'), ('WAYLAND_DISPLAY', 'wayland-0'), ('ROS_DISTRO', 'humble'), ('LOGNAME', 'kishu'), ('NAME', 'DESKTOP-07TM2Q3'), ('WSL_INTEROP', '/run/WSL/358_interop'), ('PULSE_SERVER', 'unix:/mnt/wslg/PulseServer'), ('_', '/usr/bin/colcon'), ('ROS_VERSION', '2'), ('TERM', 'xterm-256color'), ('GAZEBO_MODEL_PATH', '/home/kishu/roboticslab-technical-project/models::/opt/ros/humble/share/turtlebot3_gazebo/models'), ('ROS_LOCALHOST_ONLY', '0'), ('PATH', '/home/kishu/.local/bin:/opt/ros/humble/bin:/usr/local/sbin:/usr/local/bin:/usr/sbin:/usr/bin:/sbin:/bin:/usr/games:/usr/local/games:/usr/lib/wsl/lib:/mnt/c/Program Files/WindowsApps/CanonicalGroupLimited.Ubuntu22.04LTS_2204.5.10021.0_x64__79rhkp1fndgsc:/mnt/c/Windows/system32:/mnt/c/Windows:/mnt/c/Windows/System32/Wbem:/mnt/c/Windows/System32/WindowsPowerShell/v1.0/:/mnt/c/Windows/System32/OpenSSH/:/mnt/c/Program Files/Git/cmd:/mnt/c/Users/Mohamad/AppData/Local/Microsoft/WindowsApps:/mnt/c/Users/Mohamad/AppData/Local/Programs/Microsoft VS Code/bin:/mnt/c/Users/Mohamad/AppData/Local/GitHubDesktop/bin:/snap/bin'), ('XDG_RUNTIME_DIR', '/run/user/1000/'), ('DISPLAY', ':0'), ('LANG', 'C.UTF-8'), ('LS_COLORS', 'rs=0:di=01;34:ln=01;36:mh=00:pi=40;33:so=01;35:do=01;35:bd=40;33;01:cd=40;33;01:or=40;31;01:mi=00:su=37;41:sg=30;43:ca=30;41:tw=30;42:ow=34;42:st=37;44:ex=01;32:*.tar=01;31:*.tgz=01;31:*.arc=01;31:*.arj=01;31:*.taz=01;31:*.lha=01;31:*.lz4=01;31:*.lzh=01;31:*.lzma=01;31:*.tlz=01;31:*.txz=01;31:*.tzo=01;31:*.t7z=01;31:*.zip=01;31:*.z=01;31:*.dz=01;31:*.gz=01;31:*.lrz=01;31:*.lz=01;31:*.lzo=01;31:*.xz=01;31:*.zst=01;31:*.tzst=01;31:*.bz2=01;31:*.bz=01;31:*.tbz=01;31:*.tbz2=01;31:*.tz=01;31:*.deb=01;31:*.rpm=01;31:*.jar=01;31:*.war=01;31:*.ear=01;31:*.sar=01;31:*.rar=01;31:*.alz=01;31:*.ace=01;31:*.zoo=01;31:*.cpio=01;31:*.7z=01;31:*.rz=01;31:*.cab=01;31:*.wim=01;31:*.swm=01;31:*.dwm=01;31:*.esd=01;31:*.jpg=01;35:*.jpeg=01;35:*.mjpg=01;35:*.mjpeg=01;35:*.gif=01;35:*.bmp=01;35:*.pbm=01;35:*.pgm=01;35:*.ppm=01;35:*.tga=01;35:*.xbm=01;35:*.xpm=01;35:*.tif=01;35:*.tiff=01;35:*.png=01;35:*.svg=01;35:*.svgz=01;35:*.mng=01;35:*.pcx=01;35:*.mov=01;35:*.mpg=01;35:*.mpeg=01;35:*.m2v=01;35:*.mkv=01;35:*.webm=01;35:*.webp=01;35:*.ogm=01;35:*.mp4=01;35:*.m4v=01;35:*.mp4v=01;35:*.vob=01;35:*.qt=01;35:*.nuv=01;35:*.wmv=01;35:*.asf=01;35:*.rm=01;35:*.rmvb=01;35:*.flc=01;35:*.avi=01;35:*.fli=01;35:*.flv=01;35:*.gl=01;35:*.dl=01;35:*.xcf=01;35:*.xwd=01;35:*.yuv=01;35:*.cgm=01;35:*.emf=01;35:*.ogv=01;35:*.ogx=01;35:*.aac=00;36:*.au=00;36:*.flac=00;36:*.m4a=00;36:*.mid=00;36:*.midi=00;36:*.mka=00;36:*.mp3=00;36:*.mpc=00;36:*.ogg=00;36:*.ra=00;36:*.wav=00;36:*.oga=00;36:*.opus=00;36:*.spx=00;36:*.xspf=00;36:'), ('AMENT_PREFIX_PATH', '/opt/ros/humble'), ('SHELL', '/bin/bash'), ('LESSCLOSE', '/usr/bin/lesspipe %s %s'), ('PWD', '/home/kishu/roboticslab-technical-project/ros2_ws/build/robotiq_85_description'), ('TURTLEBOT3_MODEL', 'waffle_pi'), ('XDG_DATA_DIRS', '/usr/local/share:/usr/share:/var/lib/snapd/desktop'), ('PYTHONPATH', '/opt/ros/humble/lib/python3.10/site-packages:/opt/ros/humble/local/lib/python3.10/dist-packages'), ('COLCON', '1'), ('WSL2_GUI_APPS_ENABLED', '1'), ('HOSTTYPE', 'x86_64'), ('WSLENV', ''), ('CMAKE_PREFIX_PATH', '/opt/ros/humble')]), 'shell': False}
[0.098773] (-) TimerEvent: {}
[0.099015] (gazebo_ros_link_attacher) JobProgress: {'identifier': 'gazebo_ros_link_attacher', 'progress': 'cmake'}
[0.104375] (gazebo_ros_link_attacher) JobProgress: {'identifier': 'gazebo_ros_link_attacher', 'progress': 'build'}
[0.106284] (gazebo_ros_link_attacher) Command: {'cmd': ['/usr/bin/cmake', '--build', '/home/kishu/roboticslab-technical-project/ros2_ws/build/gazebo_ros_link_attacher', '--', '-j4', '-l4'], 'cwd': '/home/kishu/roboticslab-technical-project/ros2_ws/build/gazebo_ros_link_attacher', 'env': OrderedDict([('LESSOPEN', '| /usr/bin/lesspipe %s'), ('USER', 'kishu'), ('SHLVL', '1'), ('LD_LIBRARY_PATH', '/usr/lib/x86_64-linux-gnu/gazebo-11/plugins:/opt/ros/humble/opt/rviz_ogre_vendor/lib:/opt/ros/humble/lib/x86_64-linux-gnu:/opt/ros/humble/lib'), ('HOME', '/home/kishu'), ('OLDPWD', '/home/kishu'), ('ROS_PYTHON_VERSION', '3'), ('DBUS_SESSION_BUS_ADDRESS', 'unix:path=/run/user/1000/bus'), ('WSL_DISTRO_NAME', 'Ubuntu-22.04'), ('WAYLAND_DISPLAY', 'wayland-0'), ('ROS_DISTRO', 'humble'), ('LOGNAME', 'kishu'), ('NAME', 'DESKTOP-07TM2Q3'), ('WSL_INTEROP', '/run/WSL/358_interop'), ('PULSE_SERVER', 'unix:/mnt/wslg/PulseServer'), ('_', '/usr/bin/colcon'), ('ROS_VERSION', '2'), ('TERM', 'xterm-256color'), ('GAZEBO_MODEL_PATH', '/home/kishu/roboticslab-technical-project/models::/opt/ros/humble/share/turtlebot3_gazebo/models'), ('ROS_LOCALHOST_ONLY', '0'), ('PATH', '/home/kishu/.local/bin:/opt/ros/humble/bin:/usr/local/sbin:/usr/local/bin:/usr/sbin:/usr/bin:/sbin:/bin:/usr/games:/usr/local/games:/usr/lib/wsl/lib:/mnt/c/Program Files/WindowsApps/CanonicalGroupLimited.Ubuntu22.04LTS_2204.5.10021.0_x64__79rhkp1fndgsc:/mnt/c/Windows/system32:/mnt/c/Windows:/mnt/c/Windows/System32/Wbem:/mnt/c/Windows/System32/WindowsPowerShell/v1.0/:/mnt/c/Windows/System32/OpenSSH/:/mnt/c/Program Files/Git/cmd:/mnt/c/Users/Mohamad/AppData/Local/Microsoft/WindowsApps:/mnt/c/Users/Mohamad/AppData/Local/Programs/Microsoft VS Code/bin:/mnt/c/Users/Mohamad/AppData/Local/GitHubDesktop/bin:/snap/bin'), ('XDG_RUNTIME_DIR', '/run/user/1000/'), ('DISPLAY', ':0'), ('LANG', 'C.UTF-8'), ('LS_COLORS', 'rs=0:di=01;34:ln=01;36:mh=00:pi=40;33:so=01;35:do=01;35:bd=40;33;01:cd=40;33;01:or=40;31;01:mi=00:su=37;41:sg=30;43:ca=30;41:tw=30;42:ow=34;42:st=37;44:ex=01;32:*.tar=01;31:*.tgz=01;31:*.arc=01;31:*.arj=01;31:*.taz=01;31:*.lha=01;31:*.lz4=01;31:*.lzh=01;31:*.lzma=01;31:*.tlz=01;31:*.txz=01;31:*.tzo=01;31:*.t7z=01;31:*.zip=01;31:*.z=01;31:*.dz=01;31:*.gz=01;31:*.lrz=01;31:*.lz=01;31:*.lzo=01;31:*.xz=01;31:*.zst=01;31:*.tzst=01;31:*.bz2=01;31:*.bz=01;31:*.tbz=01;31:*.tbz2=01;31:*.tz=01;31:*.deb=01;31:*.rpm=01;31:*.jar=01;31:*.war=01;31:*.ear=01;31:*.sar=01;31:*.rar=01;31:*.alz=01;31:*.ace=01;31:*.zoo=01;31:*.cpio=01;31:*.7z=01;31:*.rz=01;31:*.cab=01;31:*.wim=01;31:*.swm=01;31:*.dwm=01;31:*.esd=01;31:*.jpg=01;35:*.jpeg=01;35:*.mjpg=01;35:*.mjpeg=01;35:*.gif=01;35:*.bmp=01;35:*.pbm=01;35:*.pgm=01;35:*.ppm=01;35:*.tga=01;35:*.xbm=01;35:*.xpm=01;35:*.tif=01;35:*.tiff=01;35:*.png=01;35:*.svg=01;35:*.svgz=01;35:*.mng=01;35:*.pcx=01;35:*.mov=01;35:*.mpg=01;35:*.mpeg=01;35:*.m2v=01;35:*.mkv=01;35:*.webm=01;35:*.webp=01;35:*.ogm=01;35:*.mp4=01;35:*.m4v=01;35:*.mp4v=01;35:*.vob=01;35:*.qt=01;35:*.nuv=01;35:*.wmv=01;35:*.asf=01;35:*.rm=01;35:*.rmvb=01;35:*.flc=01;35:*.avi=01;35:*.fli=01;35:*.flv=01;35:*.gl=01;35:*.dl=01;35:*.xcf=01;35:*.xwd=01;35:*.yuv=01;35:*.cgm=01;35:*.emf=01;35:*.ogv=01;35:*.ogx=01;35:*.aac=00;36:*.au=00;36:*.flac=00;36:*.m4a=00;36:*.mid=00;36:*.midi=00;36:*.mka=00;36:*.mp3=00;36:*.mpc=00;36:*.ogg=00;36:*.ra=00;36:*.wav=00;36:*.oga=00;36:*.opus=00;36:*.spx=00;36:*.xspf=00;36:'), ('AMENT_PREFIX_PATH', '/opt/ros/humble'), ('SHELL', '/bin/bash'), ('LESSCLOSE', '/usr/bin/lesspipe %s %s'), ('PWD', '/home/kishu/roboticslab-technical-project/ros2_ws/build/gazebo_ros_link_attacher'), ('TURTLEBOT3_MODEL', 'waffle_pi'), ('XDG_DATA_DIRS', '/usr/local/share:/usr/share:/var/lib/snapd/desktop'), ('PYTHONPATH', '/opt/ros/humble/lib/python3.10/site-packages:/opt/ros/humble/local/lib/python3.10/dist-packages'), ('COLCON', '1'), ('WSL2_GUI_APPS_ENABLED', '1'), ('HOSTTYPE', 'x86_64'), ('WSLENV', ''), ('CMAKE_PREFIX_PATH', '/opt/ros/humble')]), 'shell': False}
[0.201757] (-) TimerEvent: {}
[0.302308] (-) TimerEvent: {}
[0.349140] (robotiq_85_msgs) StdoutLine: {'line': b'[  2%] Built target robotiq_85_msgs__cpp\n'}
[0.385719] (robotiq_85_msgs) StdoutLine: {'line': b'[  2%] Built target ament_cmake_python_symlink_robotiq_85_msgs\n'}
[0.402432] (-) TimerEvent: {}
[0.420415] (gazebo_ros_link_attacher) StdoutLine: {'line': b'[  3%] Built target gazebo_ros_link_attacher__cpp\n'}
[0.444753] (gazebo_ros_link_attacher) StdoutLine: {'line': b'[ 12%] Built target gazebo_ros_link_attacher__rosidl_generator_c\n'}
[0.452460] (gazebo_ros_link_attacher) StdoutLine: {'line': b'[ 12%] Built target ament_cmake_python_symlink_gazebo_ros_link_attacher\n'}
[0.454151] (robotiq_85_msgs) StdoutLine: {'line': b'[ 12%] Built target robotiq_85_msgs__rosidl_generator_c\n'}
[0.502596] (-) TimerEvent: {}
[0.507202] (robotiq_85_msgs) StdoutLine: {'line': b'[ 23%] Built target robotiq_85_msgs__rosidl_typesupport_cpp\n'}
[0.527346] (robotiq_85_msgs) StdoutLine: {'line': b'[ 33%] Built target robotiq_85_msgs__rosidl_typesupport_fastrtps_cpp\n'}
[0.545731] (gazebo_ros_link_attacher) StdoutLine: {'line': b'[ 21%] Built target gazebo_ros_link_attacher__rosidl_typesupport_fastrtps_cpp\n'}
[0.552648] (gazebo_ros_link_attacher) StdoutLine: {'line': b'[ 30%] Built target gazebo_ros_link_attacher__rosidl_typesupport_cpp\n'}
[0.572403] (robotiq_85_msgs) StdoutLine: {'line': b'[ 43%] Built target robotiq_85_msgs__rosidl_typesupport_introspection_cpp\n'}
[0.576038] (gazebo_ros_link_attacher) StdoutLine: {'line': b'[ 39%] Built target gazebo_ros_link_attacher__rosidl_typesupport_introspection_cpp\n'}
[0.606015] (-) TimerEvent: {}
[0.610281] (gazebo_ros_link_attacher) StdoutLine: {'line': b'[ 48%] Built target gazebo_ros_link_attacher__rosidl_typesupport_fastrtps_c\n'}
[0.666948] (robotiq_85_msgs) StdoutLine: {'line': b'[ 53%] Built target robotiq_85_msgs__rosidl_typesupport_introspection_c\n'}
[0.674828] (robotiq_85_msgs) StdoutLine: {'line': b'[ 64%] Built target robotiq_85_msgs__rosidl_typesupport_c\n'}
[0.676280] (gazebo_ros_link_attacher) StdoutLine: {'line': b'[ 57%] Built target gazebo_ros_link_attacher__rosidl_typesupport_introspection_c\n'}
[0.706171] (-) TimerEvent: {}
[0.731764] (gazebo_ros_link_attacher) StdoutLine: {'line': b'[ 66%] Built target gazebo_ros_link_attacher__rosidl_typesupport_c\n'}
[0.736618] (robotiq_85_msgs) StdoutLine: {'line': b'[ 74%] Built target robotiq_85_msgs__rosidl_typesupport_fastrtps_c\n'}
[0.817725] (-) TimerEvent: {}
[0.837776] (gazebo_ros_link_attacher) StdoutLine: {'line': b'[ 66%] Built target gazebo_ros_link_attacher\n'}
[0.857768] (robotiq_85_msgs) StdoutLine: {'line': b'[ 74%] Built target robotiq_85_msgs\n'}
[0.917868] (-) TimerEvent: {}
[0.941604] (gazebo_ros_link_attacher) StdoutLine: {'line': b'[ 69%] Built target gazebo_ros_link_attacher__py\n'}
[0.945817] (robotiq_85_msgs) StdoutLine: {'line': b'[ 76%] Built target robotiq_85_msgs__py\n'}
[1.017996] (-) TimerEvent: {}
[1.048716] (robotiq_85_msgs) StdoutLine: {'line': b'[ 84%] Built target robotiq_85_msgs__rosidl_generator_py\n'}
[1.058819] (robotiq_85_description) CommandEnded: {'returncode': 0}
[1.065931] (gazebo_ros_link_attacher) StdoutLine: {'line': b'[ 75%] Built target gazebo_ros_link_attacher__rosidl_generator_py\n'}
[1.077775] (robotiq_85_description) JobProgress: {'identifier': 'robotiq_85_description', 'progress': 'install'}
[1.099025] (robotiq_85_description) Command: {'cmd': ['/usr/bin/cmake', '--install', '/home/kishu/roboticslab-technical-project/ros2_ws/build/robotiq_85_description'], 'cwd': '/home/kishu/roboticslab-technical-project/ros2_ws/build/robotiq_85_description', 'env': OrderedDict([('LESSOPEN', '| /usr/bin/lesspipe %s'), ('USER', 'kishu'), ('SHLVL', '1'), ('LD_LIBRARY_PATH', '/usr/lib/x86_64-linux-gnu/gazebo-11/plugins:/opt/ros/humble/opt/rviz_ogre_vendor/lib:/opt/ros/humble/lib/x86_64-linux-gnu:/opt/ros/humble/lib'), ('HOME', '/home/kishu'), ('OLDPWD', '/home/kishu'), ('ROS_PYTHON_VERSION', '3'), ('DBUS_SESSION_BUS_ADDRESS', 'unix:path=/run/user/1000/bus'), ('WSL_DISTRO_NAME', 'Ubuntu-22.04'), ('WAYLAND_DISPLAY', 'wayland-0'), ('ROS_DISTRO', 'humble'), ('LOGNAME', 'kishu'), ('NAME', 'DESKTOP-07TM2Q3'), ('WSL_INTEROP', '/run/WSL/358_interop'), ('PULSE_SERVER', 'unix:/mnt/wslg/PulseServer'), ('_', '/usr/bin/colcon'), ('ROS_VERSION', '2'), ('TERM', 'xterm-256color'), ('GAZEBO_MODEL_PATH', '/home/kishu/roboticslab-technical-project/models::/opt/ros/humble/share/turtlebot3_gazebo/models'), ('ROS_LOCALHOST_ONLY', '0'), ('PATH', '/home/kishu/.local/bin:/opt/ros/humble/bin:/usr/local/sbin:/usr/local/bin:/usr/sbin:/usr/bin:/sbin:/bin:/usr/games:/usr/local/games:/usr/lib/wsl/lib:/mnt/c/Program Files/WindowsApps/CanonicalGroupLimited.Ubuntu22.04LTS_2204.5.10021.0_x64__79rhkp1fndgsc:/mnt/c/Windows/system32:/mnt/c/Windows:/mnt/c/Windows/System32/Wbem:/mnt/c/Windows/System32/WindowsPowerShell/v1.0/:/mnt/c/Windows/System32/OpenSSH/:/mnt/c/Program Files/Git/cmd:/mnt/c/Users/Mohamad/AppData/Local/Microsoft/WindowsApps:/mnt/c/Users/Mohamad/AppData/Local/Programs/Microsoft VS Code/bin:/mnt/c/Users/Mohamad/AppData/Local/GitHubDesktop/bin:/snap/bin'), ('XDG_RUNTIME_DIR', '/run/user/1000/'), ('DISPLAY', ':0'), ('LANG', 'C.UTF-8'), ('LS_COLORS', 'rs=0:di=01;34:ln=01;36:mh=00:pi=40;33:so=01;35:do=01;35:bd=40;33;01:cd=40;33;01:or=40;31;01:mi=00:su=37;41:sg=30;43:ca=30;41:tw=30;42:ow=34;42:st=37;44:ex=01;32:*.tar=01;31:*.tgz=01;31:*.arc=01;31:*.arj=01;31:*.taz=01;31:*.lha=01;31:*.lz4=01;31:*.lzh=01;31:*.lzma=01;31:*.tlz=01;31:*.txz=01;31:*.tzo=01;31:*.t7z=01;31:*.zip=01;31:*.z=01;31:*.dz=01;31:*.gz=01;31:*.lrz=01;31:*.lz=01;31:*.lzo=01;31:*.xz=01;31:*.zst=01;31:*.tzst=01;31:*.bz2=01;31:*.bz=01;31:*.tbz=01;31:*.tbz2=01;31:*.tz=01;31:*.deb=01;31:*.rpm=01;31:*.jar=01;31:*.war=01;31:*.ear=01;31:*.sar=01;31:*.rar=01;31:*.alz=01;31:*.ace=01;31:*.zoo=01;31:*.cpio=01;31:*.7z=01;31:*.rz=01;31:*.cab=01;31:*.wim=01;31:*.swm=01;31:*.dwm=01;31:*.esd=01;31:*.jpg=01;35:*.jpeg=01;35:*.mjpg=01;35:*.mjpeg=01;35:*.gif=01;35:*.bmp=01;35:*.pbm=01;35:*.pgm=01;35:*.ppm=01;35:*.tga=01;35:*.xbm=01;35:*.xpm=01;35:*.tif=01;35:*.tiff=01;35:*.png=01;35:*.svg=01;35:*.svgz=01;35:*.mng=01;35:*.pcx=01;35:*.mov=01;35:*.mpg=01;35:*.mpeg=01;35:*.m2v=01;35:*.mkv=01;35:*.webm=01;35:*.webp=01;35:*.ogm=01;35:*.mp4=01;35:*.m4v=01;35:*.mp4v=01;35:*.vob=01;35:*.qt=01;35:*.nuv=01;35:*.wmv=01;35:*.asf=01;35:*.rm=01;35:*.rmvb=01;35:*.flc=01;35:*.avi=01;35:*.fli=01;35:*.flv=01;35:*.gl=01;35:*.dl=01;35:*.xcf=01;35:*.xwd=01;35:*.yuv=01;35:*.cgm=01;35:*.emf=01;35:*.ogv=01;35:*.ogx=01;35:*.aac=00;36:*.au=00;36:*.flac=00;36:*.m4a=00;36:*.mid=00;36:*.midi=00;36:*.mka=00;36:*.mp3=00;36:*.mpc=00;36:*.ogg=00;36:*.ra=00;36:*.wav=00;36:*.oga=00;36:*.opus=00;36:*.spx=00;36:*.xspf=00;36:'), ('AMENT_PREFIX_PATH', '/opt/ros/humble'), ('SHELL', '/bin/bash'), ('LESSCLOSE', '/usr/bin/lesspipe %s %s'), ('PWD', '/home/kishu/roboticslab-technical-project/ros2_ws/build/robotiq_85_description'), ('TURTLEBOT3_MODEL', 'waffle_pi'), ('XDG_DATA_DIRS', '/usr/local/share:/usr/share:/var/lib/snapd/desktop'), ('PYTHONPATH', '/opt/ros/humble/lib/python3.10/site-packages:/opt/ros/humble/local/lib/python3.10/dist-packages'), ('COLCON', '1'), ('WSL2_GUI_APPS_ENABLED', '1'), ('HOSTTYPE', 'x86_64'), ('WSLENV', ''), ('CMAKE_PREFIX_PATH', '/opt/ros/humble')]), 'shell': False}
[1.119158] (-) TimerEvent: {}
[1.139102] (robotiq_85_description) StdoutLine: {'line': b'-- Install configuration: ""\n'}
[1.155649] (robotiq_85_description) StdoutLine: {'line': b'-- Execute custom install script\n'}
[1.160633] (robotiq_85_msgs) StdoutLine: {'line': b'[ 89%] Built target robotiq_85_msgs__rosidl_typesupport_fastrtps_c__pyext\n'}
[1.168305] (robotiq_85_description) StdoutLine: {'line': b'-- Up-to-date symlink: /home/kishu/roboticslab-technical-project/ros2_ws/install/robotiq_85_description/share/robotiq_85_description/config/view_gripper.rviz\n'}
[1.177190] (robotiq_85_description) StdoutLine: {'line': b'-- Up-to-date symlink: /home/kishu/roboticslab-technical-project/ros2_ws/install/robotiq_85_description/share/robotiq_85_description/launch/view_gripper.launch.py\n'}
[1.177868] (robotiq_85_msgs) StdoutLine: {'line': b'[ 94%] Built target robotiq_85_msgs__rosidl_typesupport_c__pyext\n'}
[1.190712] (robotiq_85_msgs) StdoutLine: {'line': b'[100%] Built target robotiq_85_msgs__rosidl_typesupport_introspection_c__pyext\n'}
[1.195552] (gazebo_ros_link_attacher) StdoutLine: {'line': b'[ 81%] Built target gazebo_ros_link_attacher__rosidl_typesupport_fastrtps_c__pyext\n'}
[1.203983] (robotiq_85_description) StdoutLine: {'line': b'-- Up-to-date symlink: /home/kishu/roboticslab-technical-project/ros2_ws/install/robotiq_85_description/share/robotiq_85_description/meshes/collision/robotiq_85_base_link.stl\n'}
[1.205166] (robotiq_85_description) StdoutLine: {'line': b'-- Up-to-date symlink: /home/kishu/roboticslab-technical-project/ros2_ws/install/robotiq_85_description/share/robotiq_85_description/meshes/collision/robotiq_85_finger_link.stl\n'}
[1.206553] (robotiq_85_description) StdoutLine: {'line': b'-- Up-to-date symlink: /home/kishu/roboticslab-technical-project/ros2_ws/install/robotiq_85_description/share/robotiq_85_description/meshes/collision/robotiq_85_finger_tip_link.stl\n'}
[1.208133] (gazebo_ros_link_attacher) StdoutLine: {'line': b'[ 87%] Built target gazebo_ros_link_attacher__rosidl_typesupport_introspection_c__pyext\n'}
[1.209303] (robotiq_85_description) StdoutLine: {'line': b'-- Up-to-date symlink: /home/kishu/roboticslab-technical-project/ros2_ws/install/robotiq_85_description/share/robotiq_85_description/meshes/collision/robotiq_85_inner_knuckle_link.stl\n'}
[1.209973] (robotiq_85_description) StdoutLine: {'line': b'-- Up-to-date symlink: /home/kishu/roboticslab-technical-project/ros2_ws/install/robotiq_85_description/share/robotiq_85_description/meshes/collision/robotiq_85_knuckle_link.stl\n'}
[1.212523] (robotiq_85_description) StdoutLine: {'line': b'-- Up-to-date symlink: /home/kishu/roboticslab-technical-project/ros2_ws/install/robotiq_85_description/share/robotiq_85_description/meshes/collision/ur_to_robotiq_adapter.stl\n'}
[1.215894] (robotiq_85_description) StdoutLine: {'line': b'-- Up-to-date symlink: /home/kishu/roboticslab-technical-project/ros2_ws/install/robotiq_85_description/share/robotiq_85_description/meshes/visual/robotiq_85_base_link.dae\n'}
[1.219098] (robotiq_85_description) StdoutLine: {'line': b'-- Up-to-date symlink: /home/kishu/roboticslab-technical-project/ros2_ws/install/robotiq_85_description/share/robotiq_85_description/meshes/visual/robotiq_85_finger_link.dae\n'}
[1.219465] (-) TimerEvent: {}
[1.221339] (robotiq_85_description) StdoutLine: {'line': b'-- Up-to-date symlink: /home/kishu/roboticslab-technical-project/ros2_ws/install/robotiq_85_description/share/robotiq_85_description/meshes/visual/robotiq_85_finger_tip_link.dae\n'}
[1.222751] (robotiq_85_description) StdoutLine: {'line': b'-- Up-to-date symlink: /home/kishu/roboticslab-technical-project/ros2_ws/install/robotiq_85_description/share/robotiq_85_description/meshes/visual/robotiq_85_inner_knuckle_link.dae\n'}
[1.223590] (robotiq_85_description) StdoutLine: {'line': b'-- Up-to-date symlink: /home/kishu/roboticslab-technical-project/ros2_ws/install/robotiq_85_description/share/robotiq_85_description/meshes/visual/robotiq_85_knuckle_link.dae\n'}
[1.224562] (robotiq_85_description) StdoutLine: {'line': b'-- Up-to-date symlink: /home/kishu/roboticslab-technical-project/ros2_ws/install/robotiq_85_description/share/robotiq_85_description/meshes/visual/ur_to_robotiq_adapter.dae\n'}
[1.231557] (robotiq_85_description) StdoutLine: {'line': b'-- Up-to-date symlink: /home/kishu/roboticslab-technical-project/ros2_ws/install/robotiq_85_description/share/robotiq_85_description/urdf/left_robotiq_85_gripper.urdf.xacro\n'}
[1.232338] (robotiq_85_description) StdoutLine: {'line': b'-- Up-to-date symlink: /home/kishu/roboticslab-technical-project/ros2_ws/install/robotiq_85_description/share/robotiq_85_description/urdf/right_robotiq_85_gripper.urdf.xacro\n'}
[1.233775] (robotiq_85_description) StdoutLine: {'line': b'-- Up-to-date symlink: /home/kishu/roboticslab-technical-project/ros2_ws/install/robotiq_85_description/share/robotiq_85_description/urdf/robotiq_85_gripper.ros2_control.xacro\n'}
[1.236744] (robotiq_85_description) StdoutLine: {'line': b'-- Up-to-date symlink: /home/kishu/roboticslab-technical-project/ros2_ws/install/robotiq_85_description/share/robotiq_85_description/urdf/robotiq_85_gripper.transmission.xacro\n'}
[1.241855] (robotiq_85_description) StdoutLine: {'line': b'-- Up-to-date symlink: /home/kishu/roboticslab-technical-project/ros2_ws/install/robotiq_85_description/share/robotiq_85_description/urdf/robotiq_85_gripper.urdf.xacro\n'}
[1.242177] (robotiq_85_description) StdoutLine: {'line': b'-- Up-to-date symlink: /home/kishu/roboticslab-technical-project/ros2_ws/install/robotiq_85_description/share/robotiq_85_description/urdf/robotiq_85_gripper_macro.urdf.xacro\n'}
[1.242329] (robotiq_85_description) StdoutLine: {'line': b'-- Up-to-date symlink: /home/kishu/roboticslab-technical-project/ros2_ws/install/robotiq_85_description/share/robotiq_85_description/urdf/robotiq_85_gripper_sim_base.urdf.xacro\n'}
[1.246488] (robotiq_85_description) StdoutLine: {'line': b'-- Up-to-date symlink: /home/kishu/roboticslab-technical-project/ros2_ws/install/robotiq_85_description/share/robotiq_85_description/urdf/robotiq_arg85_description.urdf.xacro\n'}
[1.248789] (robotiq_85_description) StdoutLine: {'line': b'-- Up-to-date symlink: /home/kishu/roboticslab-technical-project/ros2_ws/install/robotiq_85_description/share/robotiq_85_description/urdf/ur_to_robotiq_adapter.urdf.xacro\n'}
[1.258553] (robotiq_85_description) StdoutLine: {'line': b'-- Up-to-date symlink: /home/kishu/roboticslab-technical-project/ros2_ws/install/robotiq_85_description/share/ament_index/resource_index/package_run_dependencies/robotiq_85_description\n'}
[1.264166] (robotiq_85_description) StdoutLine: {'line': b'-- Up-to-date symlink: /home/kishu/roboticslab-technical-project/ros2_ws/install/robotiq_85_description/share/ament_index/resource_index/parent_prefix_path/robotiq_85_description\n'}
[1.266581] (robotiq_85_description) StdoutLine: {'line': b'-- Up-to-date symlink: /home/kishu/roboticslab-technical-project/ros2_ws/install/robotiq_85_description/share/robotiq_85_description/environment/ament_prefix_path.sh\n'}
[1.269519] (robotiq_85_description) StdoutLine: {'line': b'-- Up-to-date symlink: /home/kishu/roboticslab-technical-project/ros2_ws/install/robotiq_85_description/share/robotiq_85_description/environment/ament_prefix_path.dsv\n'}
[1.277800] (robotiq_85_description) StdoutLine: {'line': b'-- Up-to-date symlink: /home/kishu/roboticslab-technical-project/ros2_ws/install/robotiq_85_description/share/robotiq_85_description/environment/path.sh\n'}
[1.278132] (robotiq_85_description) StdoutLine: {'line': b'-- Up-to-date symlink: /home/kishu/roboticslab-technical-project/ros2_ws/install/robotiq_85_description/share/robotiq_85_description/environment/path.dsv\n'}
[1.278305] (robotiq_85_description) StdoutLine: {'line': b'-- Up-to-date symlink: /home/kishu/roboticslab-technical-project/ros2_ws/install/robotiq_85_description/share/robotiq_85_description/local_setup.bash\n'}
[1.278741] (robotiq_85_description) StdoutLine: {'line': b'-- Up-to-date symlink: /home/kishu/roboticslab-technical-project/ros2_ws/install/robotiq_85_description/share/robotiq_85_description/local_setup.sh\n'}
[1.280071] (robotiq_85_description) StdoutLine: {'line': b'-- Up-to-date symlink: /home/kishu/roboticslab-technical-project/ros2_ws/install/robotiq_85_description/share/robotiq_85_description/local_setup.zsh\n'}
[1.282134] (robotiq_85_description) StdoutLine: {'line': b'-- Up-to-date symlink: /home/kishu/roboticslab-technical-project/ros2_ws/install/robotiq_85_description/share/robotiq_85_description/local_setup.dsv\n'}
[1.282664] (robotiq_85_description) StdoutLine: {'line': b'-- Symlinking: /home/kishu/roboticslab-technical-project/ros2_ws/install/robotiq_85_description/share/robotiq_85_description/package.dsv\n'}
[1.293825] (gazebo_ros_link_attacher) StdoutLine: {'line': b'[ 93%] Built target gazebo_ros_link_attacher__rosidl_typesupport_c__pyext\n'}
[1.319616] (-) TimerEvent: {}
[1.332672] (robotiq_85_description) StdoutLine: {'line': b'-- Up-to-date symlink: /home/kishu/roboticslab-technical-project/ros2_ws/install/robotiq_85_description/share/ament_index/resource_index/packages/robotiq_85_description\n'}
[1.342239] (robotiq_85_description) StdoutLine: {'line': b'-- Up-to-date symlink: /home/kishu/roboticslab-technical-project/ros2_ws/install/robotiq_85_description/share/robotiq_85_description/cmake/robotiq_85_descriptionConfig.cmake\n'}
[1.343904] (robotiq_85_description) StdoutLine: {'line': b'-- Up-to-date symlink: /home/kishu/roboticslab-technical-project/ros2_ws/install/robotiq_85_description/share/robotiq_85_description/cmake/robotiq_85_descriptionConfig-version.cmake\n'}
[1.347478] (robotiq_85_description) StdoutLine: {'line': b'-- Up-to-date symlink: /home/kishu/roboticslab-technical-project/ros2_ws/install/robotiq_85_description/share/robotiq_85_description/package.xml\n'}
[1.351606] (robotiq_85_description) CommandEnded: {'returncode': 0}
[1.419757] (-) TimerEvent: {}
[1.456362] (robotiq_85_description) JobEnded: {'identifier': 'robotiq_85_description', 'rc': 0}
[1.482532] (robotiq_85_msgs) StdoutLine: {'line': b'running egg_info\n'}
[1.491995] (robotiq_85_msgs) StdoutLine: {'line': b'writing robotiq_85_msgs.egg-info/PKG-INFO\n'}
[1.492635] (robotiq_85_msgs) StdoutLine: {'line': b'writing dependency_links to robotiq_85_msgs.egg-info/dependency_links.txt\n'}
[1.492881] (robotiq_85_msgs) StdoutLine: {'line': b'writing top-level names to robotiq_85_msgs.egg-info/top_level.txt\n'}
[1.500724] (robotiq_85_msgs) StdoutLine: {'line': b"reading manifest file 'robotiq_85_msgs.egg-info/SOURCES.txt'\n"}
[1.507006] (robotiq_85_msgs) StdoutLine: {'line': b"writing manifest file 'robotiq_85_msgs.egg-info/SOURCES.txt'\n"}
[1.520296] (-) TimerEvent: {}
[1.607804] (robotiq_85_msgs) StdoutLine: {'line': b'[100%] Built target ament_cmake_python_build_robotiq_85_msgs_egg\n'}
[1.611821] (gazebo_ros_link_attacher) StdoutLine: {'line': b'[100%] Built target gazebo_ros_link_attacher_plugin\n'}
[1.620451] (-) TimerEvent: {}
[1.646313] (robotiq_85_msgs) CommandEnded: {'returncode': 0}
[1.661436] (robotiq_85_msgs) JobProgress: {'identifier': 'robotiq_85_msgs', 'progress': 'install'}
[1.663675] (robotiq_85_msgs) Command: {'cmd': ['/usr/bin/cmake', '--install', '/home/kishu/roboticslab-technical-project/ros2_ws/build/robotiq_85_msgs'], 'cwd': '/home/kishu/roboticslab-technical-project/ros2_ws/build/robotiq_85_msgs', 'env': OrderedDict([('LESSOPEN', '| /usr/bin/lesspipe %s'), ('USER', 'kishu'), ('SHLVL', '1'), ('LD_LIBRARY_PATH', '/usr/lib/x86_64-linux-gnu/gazebo-11/plugins:/opt/ros/humble/opt/rviz_ogre_vendor/lib:/opt/ros/humble/lib/x86_64-linux-gnu:/opt/ros/humble/lib'), ('HOME', '/home/kishu'), ('OLDPWD', '/home/kishu'), ('ROS_PYTHON_VERSION', '3'), ('DBUS_SESSION_BUS_ADDRESS', 'unix:path=/run/user/1000/bus'), ('WSL_DISTRO_NAME', 'Ubuntu-22.04'), ('WAYLAND_DISPLAY', 'wayland-0'), ('ROS_DISTRO', 'humble'), ('LOGNAME', 'kishu'), ('NAME', 'DESKTOP-07TM2Q3'), ('WSL_INTEROP', '/run/WSL/358_interop'), ('PULSE_SERVER', 'unix:/mnt/wslg/PulseServer'), ('_', '/usr/bin/colcon'), ('ROS_VERSION', '2'), ('TERM', 'xterm-256color'), ('GAZEBO_MODEL_PATH', '/home/kishu/roboticslab-technical-project/models::/opt/ros/humble/share/turtlebot3_gazebo/models'), ('ROS_LOCALHOST_ONLY', '0'), ('PATH', '/home/kishu/.local/bin:/opt/ros/humble/bin:/usr/local/sbin:/usr/local/bin:/usr/sbin:/usr/bin:/sbin:/bin:/usr/games:/usr/local/games:/usr/lib/wsl/lib:/mnt/c/Program Files/WindowsApps/CanonicalGroupLimited.Ubuntu22.04LTS_2204.5.10021.0_x64__79rhkp1fndgsc:/mnt/c/Windows/system32:/mnt/c/Windows:/mnt/c/Windows/System32/Wbem:/mnt/c/Windows/System32/WindowsPowerShell/v1.0/:/mnt/c/Windows/System32/OpenSSH/:/mnt/c/Program Files/Git/cmd:/mnt/c/Users/Mohamad/AppData/Local/Microsoft/WindowsApps:/mnt/c/Users/Mohamad/AppData/Local/Programs/Microsoft VS Code/bin:/mnt/c/Users/Mohamad/AppData/Local/GitHubDesktop/bin:/snap/bin'), ('XDG_RUNTIME_DIR', '/run/user/1000/'), ('DISPLAY', ':0'), ('LANG', 'C.UTF-8'), ('LS_COLORS', 'rs=0:di=01;34:ln=01;36:mh=00:pi=40;33:so=01;35:do=01;35:bd=40;33;01:cd=40;33;01:or=40;31;01:mi=00:su=37;41:sg=30;43:ca=30;41:tw=30;42:ow=34;42:st=37;44:ex=01;32:*.tar=01;31:*.tgz=01;31:*.arc=01;31:*.arj=01;31:*.taz=01;31:*.lha=01;31:*.lz4=01;31:*.lzh=01;31:*.lzma=01;31:*.tlz=01;31:*.txz=01;31:*.tzo=01;31:*.t7z=01;31:*.zip=01;31:*.z=01;31:*.dz=01;31:*.gz=01;31:*.lrz=01;31:*.lz=01;31:*.lzo=01;31:*.xz=01;31:*.zst=01;31:*.tzst=01;31:*.bz2=01;31:*.bz=01;31:*.tbz=01;31:*.tbz2=01;31:*.tz=01;31:*.deb=01;31:*.rpm=01;31:*.jar=01;31:*.war=01;31:*.ear=01;31:*.sar=01;31:*.rar=01;31:*.alz=01;31:*.ace=01;31:*.zoo=01;31:*.cpio=01;31:*.7z=01;31:*.rz=01;31:*.cab=01;31:*.wim=01;31:*.swm=01;31:*.dwm=01;31:*.esd=01;31:*.jpg=01;35:*.jpeg=01;35:*.mjpg=01;35:*.mjpeg=01;35:*.gif=01;35:*.bmp=01;35:*.pbm=01;35:*.pgm=01;35:*.ppm=01;35:*.tga=01;35:*.xbm=01;35:*.xpm=01;35:*.tif=01;35:*.tiff=01;35:*.png=01;35:*.svg=01;35:*.svgz=01;35:*.mng=01;35:*.pcx=01;35:*.mov=01;35:*.mpg=01;35:*.mpeg=01;35:*.m2v=01;35:*.mkv=01;35:*.webm=01;35:*.webp=01;35:*.ogm=01;35:*.mp4=01;35:*.m4v=01;35:*.mp4v=01;35:*.vob=01;35:*.qt=01;35:*.nuv=01;35:*.wmv=01;35:*.asf=01;35:*.rm=01;35:*.rmvb=01;35:*.flc=01;35:*.avi=01;35:*.fli=01;35:*.flv=01;35:*.gl=01;35:*.dl=01;35:*.xcf=01;35:*.xwd=01;35:*.yuv=01;35:*.cgm=01;35:*.emf=01;35:*.ogv=01;35:*.ogx=01;35:*.aac=00;36:*.au=00;36:*.flac=00;36:*.m4a=00;36:*.mid=00;36:*.midi=00;36:*.mka=00;36:*.mp3=00;36:*.mpc=00;36:*.ogg=00;36:*.ra=00;36:*.wav=00;36:*.oga=00;36:*.opus=00;36:*.spx=00;36:*.xspf=00;36:'), ('AMENT_PREFIX_PATH', '/opt/ros/humble'), ('SHELL', '/bin/bash'), ('LESSCLOSE', '/usr/bin/lesspipe %s %s'), ('PWD', '/home/kishu/roboticslab-technical-project/ros2_ws/build/robotiq_85_msgs'), ('TURTLEBOT3_MODEL', 'waffle_pi'), ('XDG_DATA_DIRS', '/usr/local/share:/usr/share:/var/lib/snapd/desktop'), ('PYTHONPATH', '/opt/ros/humble/lib/python3.10/site-packages:/opt/ros/humble/local/lib/python3.10/dist-packages'), ('COLCON', '1'), ('WSL2_GUI_APPS_ENABLED', '1'), ('HOSTTYPE', 'x86_64'), ('WSLENV', ''), ('CMAKE_PREFIX_PATH', '/opt/ros/humble')]), 'shell': False}
[1.664532] (gazebo_ros_link_attacher) StdoutLine: {'line': b'running egg_info\n'}
[1.669800] (gazebo_ros_link_attacher) StdoutLine: {'line': b'writing gazebo_ros_link_attacher.egg-info/PKG-INFO\n'}
[1.671564] (gazebo_ros_link_attacher) StdoutLine: {'line': b'writing dependency_links to gazebo_ros_link_attacher.egg-info/dependency_links.txt\n'}
[1.672905] (gazebo_ros_link_attacher) StdoutLine: {'line': b'writing top-level names to gazebo_ros_link_attacher.egg-info/top_level.txt\n'}
[1.681783] (gazebo_ros_link_attacher) StdoutLine: {'line': b"reading manifest file 'gazebo_ros_link_attacher.egg-info/SOURCES.txt'\n"}
[1.685901] (gazebo_ros_link_attacher) StdoutLine: {'line': b"writing manifest file 'gazebo_ros_link_attacher.egg-info/SOURCES.txt'\n"}
[1.687602] (robotiq_85_msgs) StdoutLine: {'line': b'-- Install configuration: ""\n'}
[1.702309] (robotiq_85_msgs) StdoutLine: {'line': b'-- Execute custom install script\n'}
[1.716306] (robotiq_85_msgs) StdoutLine: {'line': b'-- Up-to-date symlink: /home/kishu/roboticslab-technical-project/ros2_ws/install/robotiq_85_msgs/share/ament_index/resource_index/rosidl_interfaces/robotiq_85_msgs\n'}
[1.720958] (-) TimerEvent: {}
[1.722391] (robotiq_85_msgs) StdoutLine: {'line': b'-- Up-to-date symlink: /home/kishu/roboticslab-technical-project/ros2_ws/install/robotiq_85_msgs/include/robotiq_85_msgs/robotiq_85_msgs/msg/detail/gripper_cmd__functions.h\n'}
[1.723808] (robotiq_85_msgs) StdoutLine: {'line': b'-- Up-to-date symlink: /home/kishu/roboticslab-technical-project/ros2_ws/install/robotiq_85_msgs/include/robotiq_85_msgs/robotiq_85_msgs/msg/detail/gripper_cmd__struct.h\n'}
[1.732466] (robotiq_85_msgs) StdoutLine: {'line': b'-- Up-to-date symlink: /home/kishu/roboticslab-technical-project/ros2_ws/install/robotiq_85_msgs/include/robotiq_85_msgs/robotiq_85_msgs/msg/detail/gripper_cmd__type_support.h\n'}
[1.733822] (robotiq_85_msgs) StdoutLine: {'line': b'-- Up-to-date symlink: /home/kishu/roboticslab-technical-project/ros2_ws/install/robotiq_85_msgs/include/robotiq_85_msgs/robotiq_85_msgs/msg/detail/gripper_stat__functions.h\n'}
[1.735201] (robotiq_85_msgs) StdoutLine: {'line': b'-- Up-to-date symlink: /home/kishu/roboticslab-technical-project/ros2_ws/install/robotiq_85_msgs/include/robotiq_85_msgs/robotiq_85_msgs/msg/detail/gripper_stat__struct.h\n'}
[1.740407] (robotiq_85_msgs) StdoutLine: {'line': b'-- Up-to-date symlink: /home/kishu/roboticslab-technical-project/ros2_ws/install/robotiq_85_msgs/include/robotiq_85_msgs/robotiq_85_msgs/msg/detail/gripper_stat__type_support.h\n'}
[1.741092] (robotiq_85_msgs) StdoutLine: {'line': b'-- Up-to-date symlink: /home/kishu/roboticslab-technical-project/ros2_ws/install/robotiq_85_msgs/include/robotiq_85_msgs/robotiq_85_msgs/msg/gripper_cmd.h\n'}
[1.750413] (gazebo_ros_link_attacher) StdoutLine: {'line': b'[100%] Built target ament_cmake_python_build_gazebo_ros_link_attacher_egg\n'}
[1.763404] (robotiq_85_msgs) StdoutLine: {'line': b'-- Up-to-date symlink: /home/kishu/roboticslab-technical-project/ros2_ws/install/robotiq_85_msgs/include/robotiq_85_msgs/robotiq_85_msgs/msg/gripper_stat.h\n'}
[1.765074] (robotiq_85_msgs) StdoutLine: {'line': b'-- Up-to-date symlink: /home/kishu/roboticslab-technical-project/ros2_ws/install/robotiq_85_msgs/include/robotiq_85_msgs/robotiq_85_msgs/msg/rosidl_generator_c__visibility_control.h\n'}
[1.774170] (robotiq_85_msgs) StdoutLine: {'line': b'-- Up-to-date symlink: /home/kishu/roboticslab-technical-project/ros2_ws/install/robotiq_85_msgs/share/robotiq_85_msgs/environment/library_path.sh\n'}
[1.775023] (robotiq_85_msgs) StdoutLine: {'line': b'-- Up-to-date symlink: /home/kishu/roboticslab-technical-project/ros2_ws/install/robotiq_85_msgs/share/robotiq_85_msgs/environment/library_path.dsv\n'}
[1.784279] (robotiq_85_msgs) StdoutLine: {'line': b'-- Up-to-date symlink: /home/kishu/roboticslab-technical-project/ros2_ws/install/robotiq_85_msgs/include/robotiq_85_msgs/robotiq_85_msgs/msg/detail/gripper_cmd__rosidl_typesupport_fastrtps_c.h\n'}
[1.785281] (robotiq_85_msgs) StdoutLine: {'line': b'-- Up-to-date symlink: /home/kishu/roboticslab-technical-project/ros2_ws/install/robotiq_85_msgs/include/robotiq_85_msgs/robotiq_85_msgs/msg/detail/gripper_stat__rosidl_typesupport_fastrtps_c.h\n'}
[1.786191] (robotiq_85_msgs) StdoutLine: {'line': b'-- Up-to-date symlink: /home/kishu/roboticslab-technical-project/ros2_ws/install/robotiq_85_msgs/include/robotiq_85_msgs/robotiq_85_msgs/msg/rosidl_typesupport_fastrtps_c__visibility_control.h\n'}
[1.787932] (robotiq_85_msgs) StdoutLine: {'line': b'-- Up-to-date symlink: /home/kishu/roboticslab-technical-project/ros2_ws/install/robotiq_85_msgs/include/robotiq_85_msgs/robotiq_85_msgs/msg/detail/gripper_cmd__builder.hpp\n'}
[1.789012] (robotiq_85_msgs) StdoutLine: {'line': b'-- Up-to-date symlink: /home/kishu/roboticslab-technical-project/ros2_ws/install/robotiq_85_msgs/include/robotiq_85_msgs/robotiq_85_msgs/msg/detail/gripper_cmd__struct.hpp\n'}
[1.789799] (robotiq_85_msgs) StdoutLine: {'line': b'-- Up-to-date symlink: /home/kishu/roboticslab-technical-project/ros2_ws/install/robotiq_85_msgs/include/robotiq_85_msgs/robotiq_85_msgs/msg/detail/gripper_cmd__traits.hpp\n'}
[1.790935] (robotiq_85_msgs) StdoutLine: {'line': b'-- Up-to-date symlink: /home/kishu/roboticslab-technical-project/ros2_ws/install/robotiq_85_msgs/include/robotiq_85_msgs/robotiq_85_msgs/msg/detail/gripper_cmd__type_support.hpp\n'}
[1.791567] (robotiq_85_msgs) StdoutLine: {'line': b'-- Up-to-date symlink: /home/kishu/roboticslab-technical-project/ros2_ws/install/robotiq_85_msgs/include/robotiq_85_msgs/robotiq_85_msgs/msg/detail/gripper_stat__builder.hpp\n'}
[1.792395] (robotiq_85_msgs) StdoutLine: {'line': b'-- Up-to-date symlink: /home/kishu/roboticslab-technical-project/ros2_ws/install/robotiq_85_msgs/include/robotiq_85_msgs/robotiq_85_msgs/msg/detail/gripper_stat__struct.hpp\n'}
[1.793314] (gazebo_ros_link_attacher) CommandEnded: {'returncode': 0}
[1.793801] (robotiq_85_msgs) StdoutLine: {'line': b'-- Up-to-date symlink: /home/kishu/roboticslab-technical-project/ros2_ws/install/robotiq_85_msgs/include/robotiq_85_msgs/robotiq_85_msgs/msg/detail/gripper_stat__traits.hpp\n'}
[1.794378] (robotiq_85_msgs) StdoutLine: {'line': b'-- Up-to-date symlink: /home/kishu/roboticslab-technical-project/ros2_ws/install/robotiq_85_msgs/include/robotiq_85_msgs/robotiq_85_msgs/msg/detail/gripper_stat__type_support.hpp\n'}
[1.795292] (robotiq_85_msgs) StdoutLine: {'line': b'-- Up-to-date symlink: /home/kishu/roboticslab-technical-project/ros2_ws/install/robotiq_85_msgs/include/robotiq_85_msgs/robotiq_85_msgs/msg/gripper_cmd.hpp\n'}
[1.796622] (robotiq_85_msgs) StdoutLine: {'line': b'-- Up-to-date symlink: /home/kishu/roboticslab-technical-project/ros2_ws/install/robotiq_85_msgs/include/robotiq_85_msgs/robotiq_85_msgs/msg/gripper_stat.hpp\n'}
[1.797399] (robotiq_85_msgs) StdoutLine: {'line': b'-- Up-to-date symlink: /home/kishu/roboticslab-technical-project/ros2_ws/install/robotiq_85_msgs/include/robotiq_85_msgs/robotiq_85_msgs/msg/rosidl_generator_cpp__visibility_control.hpp\n'}
[1.798475] (gazebo_ros_link_attacher) JobProgress: {'identifier': 'gazebo_ros_link_attacher', 'progress': 'install'}
[1.801462] (gazebo_ros_link_attacher) Command: {'cmd': ['/usr/bin/cmake', '--install', '/home/kishu/roboticslab-technical-project/ros2_ws/build/gazebo_ros_link_attacher'], 'cwd': '/home/kishu/roboticslab-technical-project/ros2_ws/build/gazebo_ros_link_attacher', 'env': OrderedDict([('LESSOPEN', '| /usr/bin/lesspipe %s'), ('USER', 'kishu'), ('SHLVL', '1'), ('LD_LIBRARY_PATH', '/usr/lib/x86_64-linux-gnu/gazebo-11/plugins:/opt/ros/humble/opt/rviz_ogre_vendor/lib:/opt/ros/humble/lib/x86_64-linux-gnu:/opt/ros/humble/lib'), ('HOME', '/home/kishu'), ('OLDPWD', '/home/kishu'), ('ROS_PYTHON_VERSION', '3'), ('DBUS_SESSION_BUS_ADDRESS', 'unix:path=/run/user/1000/bus'), ('WSL_DISTRO_NAME', 'Ubuntu-22.04'), ('WAYLAND_DISPLAY', 'wayland-0'), ('ROS_DISTRO', 'humble'), ('LOGNAME', 'kishu'), ('NAME', 'DESKTOP-07TM2Q3'), ('WSL_INTEROP', '/run/WSL/358_interop'), ('PULSE_SERVER', 'unix:/mnt/wslg/PulseServer'), ('_', '/usr/bin/colcon'), ('ROS_VERSION', '2'), ('TERM', 'xterm-256color'), ('GAZEBO_MODEL_PATH', '/home/kishu/roboticslab-technical-project/models::/opt/ros/humble/share/turtlebot3_gazebo/models'), ('ROS_LOCALHOST_ONLY', '0'), ('PATH', '/home/kishu/.local/bin:/opt/ros/humble/bin:/usr/local/sbin:/usr/local/bin:/usr/sbin:/usr/bin:/sbin:/bin:/usr/games:/usr/local/games:/usr/lib/wsl/lib:/mnt/c/Program Files/WindowsApps/CanonicalGroupLimited.Ubuntu22.04LTS_2204.5.10021.0_x64__79rhkp1fndgsc:/mnt/c/Windows/system32:/mnt/c/Windows:/mnt/c/Windows/System32/Wbem:/mnt/c/Windows/System32/WindowsPowerShell/v1.0/:/mnt/c/Windows/System32/OpenSSH/:/mnt/c/Program Files/Git/cmd:/mnt/c/Users/Mohamad/AppData/Local/Microsoft/WindowsApps:/mnt/c/Users/Mohamad/AppData/Local/Programs/Microsoft VS Code/bin:/mnt/c/Users/Mohamad/AppData/Local/GitHubDesktop/bin:/snap/bin'), ('XDG_RUNTIME_DIR', '/run/user/1000/'), ('DISPLAY', ':0'), ('LANG', 'C.UTF-8'), ('LS_COLORS', 'rs=0:di=01;34:ln=01;36:mh=00:pi=40;33:so=01;35:do=01;35:bd=40;33;01:cd=40;33;01:or=40;31;01:mi=00:su=37;41:sg=30;43:ca=30;41:tw=30;42:ow=34;42:st=37;44:ex=01;32:*.tar=01;31:*.tgz=01;31:*.arc=01;31:*.arj=01;31:*.taz=01;31:*.lha=01;31:*.lz4=01;31:*.lzh=01;31:*.lzma=01;31:*.tlz=01;31:*.txz=01;31:*.tzo=01;31:*.t7z=01;31:*.zip=01;31:*.z=01;31:*.dz=01;31:*.gz=01;31:*.lrz=01;31:*.lz=01;31:*.lzo=01;31:*.xz=01;31:*.zst=01;31:*.tzst=01;31:*.bz2=01;31:*.bz=01;31:*.tbz=01;31:*.tbz2=01;31:*.tz=01;31:*.deb=01;31:*.rpm=01;31:*.jar=01;31:*.war=01;31:*.ear=01;31:*.sar=01;31:*.rar=01;31:*.alz=01;31:*.ace=01;31:*.zoo=01;31:*.cpio=01;31:*.7z=01;31:*.rz=01;31:*.cab=01;31:*.wim=01;31:*.swm=01;31:*.dwm=01;31:*.esd=01;31:*.jpg=01;35:*.jpeg=01;35:*.mjpg=01;35:*.mjpeg=01;35:*.gif=01;35:*.bmp=01;35:*.pbm=01;35:*.pgm=01;35:*.ppm=01;35:*.tga=01;35:*.xbm=01;35:*.xpm=01;35:*.tif=01;35:*.tiff=01;35:*.png=01;35:*.svg=01;35:*.svgz=01;35:*.mng=01;35:*.pcx=01;35:*.mov=01;35:*.mpg=01;35:*.mpeg=01;35:*.m2v=01;35:*.mkv=01;35:*.webm=01;35:*.webp=01;35:*.ogm=01;35:*.mp4=01;35:*.m4v=01;35:*.mp4v=01;35:*.vob=01;35:*.qt=01;35:*.nuv=01;35:*.wmv=01;35:*.asf=01;35:*.rm=01;35:*.rmvb=01;35:*.flc=01;35:*.avi=01;35:*.fli=01;35:*.flv=01;35:*.gl=01;35:*.dl=01;35:*.xcf=01;35:*.xwd=01;35:*.yuv=01;35:*.cgm=01;35:*.emf=01;35:*.ogv=01;35:*.ogx=01;35:*.aac=00;36:*.au=00;36:*.flac=00;36:*.m4a=00;36:*.mid=00;36:*.midi=00;36:*.mka=00;36:*.mp3=00;36:*.mpc=00;36:*.ogg=00;36:*.ra=00;36:*.wav=00;36:*.oga=00;36:*.opus=00;36:*.spx=00;36:*.xspf=00;36:'), ('AMENT_PREFIX_PATH', '/opt/ros/humble'), ('SHELL', '/bin/bash'), ('LESSCLOSE', '/usr/bin/lesspipe %s %s'), ('PWD', '/home/kishu/roboticslab-technical-project/ros2_ws/build/gazebo_ros_link_attacher'), ('TURTLEBOT3_MODEL', 'waffle_pi'), ('XDG_DATA_DIRS', '/usr/local/share:/usr/share:/var/lib/snapd/desktop'), ('PYTHONPATH', '/opt/ros/humble/lib/python3.10/site-packages:/opt/ros/humble/local/lib/python3.10/dist-packages'), ('COLCON', '1'), ('WSL2_GUI_APPS_ENABLED', '1'), ('HOSTTYPE', 'x86_64'), ('WSLENV', ''), ('CMAKE_PREFIX_PATH', '/opt/ros/humble')]), 'shell': False}
[1.803701] (robotiq_85_msgs) StdoutLine: {'line': b'-- Up-to-date symlink: /home/kishu/roboticslab-technical-project/ros2_ws/install/robotiq_85_msgs/include/robotiq_85_msgs/robotiq_85_msgs/msg/detail/gripper_cmd__rosidl_typesupport_fastrtps_cpp.hpp\n'}
[1.804011] (robotiq_85_msgs) StdoutLine: {'line': b'-- Up-to-date symlink: /home/kishu/roboticslab-technical-project/ros2_ws/install/robotiq_85_msgs/include/robotiq_85_msgs/robotiq_85_msgs/msg/detail/gripper_stat__rosidl_typesupport_fastrtps_cpp.hpp\n'}
[1.804404] (robotiq_85_msgs) StdoutLine: {'line': b'-- Up-to-date symlink: /home/kishu/roboticslab-technical-project/ros2_ws/install/robotiq_85_msgs/include/robotiq_85_msgs/robotiq_85_msgs/msg/rosidl_typesupport_fastrtps_cpp__visibility_control.h\n'}
[1.805006] (robotiq_85_msgs) StdoutLine: {'line': b'-- Up-to-date symlink: /home/kishu/roboticslab-technical-project/ros2_ws/install/robotiq_85_msgs/include/robotiq_85_msgs/robotiq_85_msgs/msg/detail/gripper_cmd__rosidl_typesupport_introspection_c.h\n'}
[1.805539] (robotiq_85_msgs) StdoutLine: {'line': b'-- Up-to-date symlink: /home/kishu/roboticslab-technical-project/ros2_ws/install/robotiq_85_msgs/include/robotiq_85_msgs/robotiq_85_msgs/msg/detail/gripper_stat__rosidl_typesupport_introspection_c.h\n'}
[1.805892] (robotiq_85_msgs) StdoutLine: {'line': b'-- Up-to-date symlink: /home/kishu/roboticslab-technical-project/ros2_ws/install/robotiq_85_msgs/include/robotiq_85_msgs/robotiq_85_msgs/msg/rosidl_typesupport_introspection_c__visibility_control.h\n'}
[1.806599] (robotiq_85_msgs) StdoutLine: {'line': b'-- Up-to-date symlink: /home/kishu/roboticslab-technical-project/ros2_ws/install/robotiq_85_msgs/include/robotiq_85_msgs/robotiq_85_msgs/msg/detail/gripper_cmd__rosidl_typesupport_introspection_cpp.hpp\n'}
[1.807458] (robotiq_85_msgs) StdoutLine: {'line': b'-- Up-to-date symlink: /home/kishu/roboticslab-technical-project/ros2_ws/install/robotiq_85_msgs/include/robotiq_85_msgs/robotiq_85_msgs/msg/detail/gripper_stat__rosidl_typesupport_introspection_cpp.hpp\n'}
[1.808444] (robotiq_85_msgs) StdoutLine: {'line': b'-- Up-to-date symlink: /home/kishu/roboticslab-technical-project/ros2_ws/install/robotiq_85_msgs/share/robotiq_85_msgs/environment/pythonpath.sh\n'}
[1.809618] (robotiq_85_msgs) StdoutLine: {'line': b'-- Up-to-date symlink: /home/kishu/roboticslab-technical-project/ros2_ws/install/robotiq_85_msgs/share/robotiq_85_msgs/environment/pythonpath.dsv\n'}
[1.813425] (robotiq_85_msgs) StdoutLine: {'line': b'-- Up-to-date symlink: /home/kishu/roboticslab-technical-project/ros2_ws/install/robotiq_85_msgs/local/lib/python3.10/dist-packages/robotiq_85_msgs-1.0.1-py3.10.egg-info/PKG-INFO\n'}
[1.814937] (robotiq_85_msgs) StdoutLine: {'line': b'-- Up-to-date symlink: /home/kishu/roboticslab-technical-project/ros2_ws/install/robotiq_85_msgs/local/lib/python3.10/dist-packages/robotiq_85_msgs-1.0.1-py3.10.egg-info/SOURCES.txt\n'}
[1.815518] (gazebo_ros_link_attacher) StdoutLine: {'line': b'-- Install configuration: ""\n'}
[1.815856] (robotiq_85_msgs) StdoutLine: {'line': b'-- Up-to-date symlink: /home/kishu/roboticslab-technical-project/ros2_ws/install/robotiq_85_msgs/local/lib/python3.10/dist-packages/robotiq_85_msgs-1.0.1-py3.10.egg-info/dependency_links.txt\n'}
[1.816698] (robotiq_85_msgs) StdoutLine: {'line': b'-- Up-to-date symlink: /home/kishu/roboticslab-technical-project/ros2_ws/install/robotiq_85_msgs/local/lib/python3.10/dist-packages/robotiq_85_msgs-1.0.1-py3.10.egg-info/top_level.txt\n'}
[1.818812] (gazebo_ros_link_attacher) StdoutLine: {'line': b'-- Execute custom install script\n'}
[1.819312] (robotiq_85_msgs) StdoutLine: {'line': b'-- Up-to-date symlink: /home/kishu/roboticslab-technical-project/ros2_ws/install/robotiq_85_msgs/local/lib/python3.10/dist-packages/robotiq_85_msgs/__init__.py\n'}
[1.819862] (robotiq_85_msgs) StdoutLine: {'line': b'-- Up-to-date symlink: /home/kishu/roboticslab-technical-project/ros2_ws/install/robotiq_85_msgs/local/lib/python3.10/dist-packages/robotiq_85_msgs/_robotiq_85_msgs_s.ep.rosidl_typesupport_c.c\n'}
[1.820936] (robotiq_85_msgs) StdoutLine: {'line': b'-- Up-to-date symlink: /home/kishu/roboticslab-technical-project/ros2_ws/install/robotiq_85_msgs/local/lib/python3.10/dist-packages/robotiq_85_msgs/_robotiq_85_msgs_s.ep.rosidl_typesupport_fastrtps_c.c\n'}
[1.821174] (-) TimerEvent: {}
[1.823301] (robotiq_85_msgs) StdoutLine: {'line': b'-- Up-to-date symlink: /home/kishu/roboticslab-technical-project/ros2_ws/install/robotiq_85_msgs/local/lib/python3.10/dist-packages/robotiq_85_msgs/_robotiq_85_msgs_s.ep.rosidl_typesupport_introspection_c.c\n'}
[1.823932] (robotiq_85_msgs) StdoutLine: {'line': b'-- Up-to-date symlink: /home/kishu/roboticslab-technical-project/ros2_ws/install/robotiq_85_msgs/local/lib/python3.10/dist-packages/robotiq_85_msgs/librobotiq_85_msgs__rosidl_generator_py.so\n'}
[1.824846] (gazebo_ros_link_attacher) StdoutLine: {'line': b'-- Up-to-date symlink: /home/kishu/roboticslab-technical-project/ros2_ws/install/gazebo_ros_link_attacher/share/ament_index/resource_index/rosidl_interfaces/gazebo_ros_link_attacher\n'}
[1.825815] (robotiq_85_msgs) StdoutLine: {'line': b'-- Up-to-date symlink: /home/kishu/roboticslab-technical-project/ros2_ws/install/robotiq_85_msgs/local/lib/python3.10/dist-packages/robotiq_85_msgs/msg/__init__.py\n'}
[1.827160] (robotiq_85_msgs) StdoutLine: {'line': b'-- Up-to-date symlink: /home/kishu/roboticslab-technical-project/ros2_ws/install/robotiq_85_msgs/local/lib/python3.10/dist-packages/robotiq_85_msgs/msg/_gripper_cmd.py\n'}
[1.828037] (robotiq_85_msgs) StdoutLine: {'line': b'-- Up-to-date symlink: /home/kishu/roboticslab-technical-project/ros2_ws/install/robotiq_85_msgs/local/lib/python3.10/dist-packages/robotiq_85_msgs/msg/_gripper_cmd_s.c\n'}
[1.829329] (robotiq_85_msgs) StdoutLine: {'line': b'-- Up-to-date symlink: /home/kishu/roboticslab-technical-project/ros2_ws/install/robotiq_85_msgs/local/lib/python3.10/dist-packages/robotiq_85_msgs/msg/_gripper_stat.py\n'}
[1.829744] (gazebo_ros_link_attacher) StdoutLine: {'line': b'-- Up-to-date symlink: /home/kishu/roboticslab-technical-project/ros2_ws/install/gazebo_ros_link_attacher/include/gazebo_ros_link_attacher/gazebo_ros_link_attacher/msg/rosidl_generator_c__visibility_control.h\n'}
[1.831007] (robotiq_85_msgs) StdoutLine: {'line': b'-- Up-to-date symlink: /home/kishu/roboticslab-technical-project/ros2_ws/install/robotiq_85_msgs/local/lib/python3.10/dist-packages/robotiq_85_msgs/msg/_gripper_stat_s.c\n'}
[1.831906] (gazebo_ros_link_attacher) StdoutLine: {'line': b'-- Up-to-date symlink: /home/kishu/roboticslab-technical-project/ros2_ws/install/gazebo_ros_link_attacher/include/gazebo_ros_link_attacher/gazebo_ros_link_attacher/srv/attach.h\n'}
[1.832504] (robotiq_85_msgs) StdoutLine: {'line': b'-- Up-to-date symlink: /home/kishu/roboticslab-technical-project/ros2_ws/install/robotiq_85_msgs/local/lib/python3.10/dist-packages/robotiq_85_msgs/robotiq_85_msgs_s__rosidl_typesupport_c.cpython-310-x86_64-linux-gnu.so\n'}
[1.832828] (robotiq_85_msgs) StdoutLine: {'line': b'-- Up-to-date symlink: /home/kishu/roboticslab-technical-project/ros2_ws/install/robotiq_85_msgs/local/lib/python3.10/dist-packages/robotiq_85_msgs/robotiq_85_msgs_s__rosidl_typesupport_fastrtps_c.cpython-310-x86_64-linux-gnu.so\n'}
[1.833266] (gazebo_ros_link_attacher) StdoutLine: {'line': b'-- Up-to-date symlink: /home/kishu/roboticslab-technical-project/ros2_ws/install/gazebo_ros_link_attacher/include/gazebo_ros_link_attacher/gazebo_ros_link_attacher/srv/detail/attach__functions.h\n'}
[1.833753] (robotiq_85_msgs) StdoutLine: {'line': b'-- Up-to-date symlink: /home/kishu/roboticslab-technical-project/ros2_ws/install/robotiq_85_msgs/local/lib/python3.10/dist-packages/robotiq_85_msgs/robotiq_85_msgs_s__rosidl_typesupport_introspection_c.cpython-310-x86_64-linux-gnu.so\n'}
[1.834185] (gazebo_ros_link_attacher) StdoutLine: {'line': b'-- Up-to-date symlink: /home/kishu/roboticslab-technical-project/ros2_ws/install/gazebo_ros_link_attacher/include/gazebo_ros_link_attacher/gazebo_ros_link_attacher/srv/detail/attach__struct.h\n'}
[1.835834] (robotiq_85_msgs) StdoutLine: {'line': b'-- Up-to-date symlink: /home/kishu/roboticslab-technical-project/ros2_ws/install/robotiq_85_msgs/local/lib/python3.10/dist-packages/robotiq_85_msgs/robotiq_85_msgs_s__rosidl_typesupport_fastrtps_c.cpython-310-x86_64-linux-gnu.so\n'}
[1.836095] (gazebo_ros_link_attacher) StdoutLine: {'line': b'-- Up-to-date symlink: /home/kishu/roboticslab-technical-project/ros2_ws/install/gazebo_ros_link_attacher/include/gazebo_ros_link_attacher/gazebo_ros_link_attacher/srv/detail/attach__type_support.h\n'}
[1.836822] (robotiq_85_msgs) StdoutLine: {'line': b'-- Up-to-date symlink: /home/kishu/roboticslab-technical-project/ros2_ws/install/robotiq_85_msgs/local/lib/python3.10/dist-packages/robotiq_85_msgs/robotiq_85_msgs_s__rosidl_typesupport_introspection_c.cpython-310-x86_64-linux-gnu.so\n'}
[1.837861] (gazebo_ros_link_attacher) StdoutLine: {'line': b'-- Up-to-date symlink: /home/kishu/roboticslab-technical-project/ros2_ws/install/gazebo_ros_link_attacher/share/gazebo_ros_link_attacher/environment/library_path.sh\n'}
[1.838232] (gazebo_ros_link_attacher) StdoutLine: {'line': b'-- Up-to-date symlink: /home/kishu/roboticslab-technical-project/ros2_ws/install/gazebo_ros_link_attacher/share/gazebo_ros_link_attacher/environment/library_path.dsv\n'}
[1.838620] (robotiq_85_msgs) StdoutLine: {'line': b'-- Up-to-date symlink: /home/kishu/roboticslab-technical-project/ros2_ws/install/robotiq_85_msgs/local/lib/python3.10/dist-packages/robotiq_85_msgs/robotiq_85_msgs_s__rosidl_typesupport_c.cpython-310-x86_64-linux-gnu.so\n'}
[1.839001] (robotiq_85_msgs) StdoutLine: {'line': b'-- Up-to-date symlink: /home/kishu/roboticslab-technical-project/ros2_ws/install/robotiq_85_msgs/share/robotiq_85_msgs/msg/GripperCmd.idl\n'}
[1.839442] (gazebo_ros_link_attacher) StdoutLine: {'line': b'-- Up-to-date symlink: /home/kishu/roboticslab-technical-project/ros2_ws/install/gazebo_ros_link_attacher/include/gazebo_ros_link_attacher/gazebo_ros_link_attacher/msg/rosidl_typesupport_fastrtps_c__visibility_control.h\n'}
[1.841220] (robotiq_85_msgs) StdoutLine: {'line': b'-- Up-to-date symlink: /home/kishu/roboticslab-technical-project/ros2_ws/install/robotiq_85_msgs/share/robotiq_85_msgs/msg/GripperStat.idl\n'}
[1.841616] (robotiq_85_msgs) StdoutLine: {'line': b'-- Up-to-date symlink: /home/kishu/roboticslab-technical-project/ros2_ws/install/robotiq_85_msgs/share/robotiq_85_msgs/msg/GripperCmd.msg\n'}
[1.843537] (gazebo_ros_link_attacher) StdoutLine: {'line': b'-- Up-to-date symlink: /home/kishu/roboticslab-technical-project/ros2_ws/install/gazebo_ros_link_attacher/include/gazebo_ros_link_attacher/gazebo_ros_link_attacher/srv/detail/attach__rosidl_typesupport_fastrtps_c.h\n'}
[1.844028] (gazebo_ros_link_attacher) StdoutLine: {'line': b'-- Up-to-date symlink: /home/kishu/roboticslab-technical-project/ros2_ws/install/gazebo_ros_link_attacher/include/gazebo_ros_link_attacher/gazebo_ros_link_attacher/msg/rosidl_generator_cpp__visibility_control.hpp\n'}
[1.844686] (gazebo_ros_link_attacher) StdoutLine: {'line': b'-- Up-to-date symlink: /home/kishu/roboticslab-technical-project/ros2_ws/install/gazebo_ros_link_attacher/include/gazebo_ros_link_attacher/gazebo_ros_link_attacher/srv/attach.hpp\n'}
[1.844859] (robotiq_85_msgs) StdoutLine: {'line': b'-- Up-to-date symlink: /home/kishu/roboticslab-technical-project/ros2_ws/install/robotiq_85_msgs/share/robotiq_85_msgs/msg/GripperStat.msg\n'}
[1.845098] (gazebo_ros_link_attacher) StdoutLine: {'line': b'-- Up-to-date symlink: /home/kishu/roboticslab-technical-project/ros2_ws/install/gazebo_ros_link_attacher/include/gazebo_ros_link_attacher/gazebo_ros_link_attacher/srv/detail/attach__builder.hpp\n'}
[1.846186] (gazebo_ros_link_attacher) StdoutLine: {'line': b'-- Up-to-date symlink: /home/kishu/roboticslab-technical-project/ros2_ws/install/gazebo_ros_link_attacher/include/gazebo_ros_link_attacher/gazebo_ros_link_attacher/srv/detail/attach__struct.hpp\n'}
[1.846727] (robotiq_85_msgs) StdoutLine: {'line': b'-- Up-to-date symlink: /home/kishu/roboticslab-technical-project/ros2_ws/install/robotiq_85_msgs/share/ament_index/resource_index/package_run_dependencies/robotiq_85_msgs\n'}
[1.848134] (gazebo_ros_link_attacher) StdoutLine: {'line': b'-- Up-to-date symlink: /home/kishu/roboticslab-technical-project/ros2_ws/install/gazebo_ros_link_attacher/include/gazebo_ros_link_attacher/gazebo_ros_link_attacher/srv/detail/attach__traits.hpp\n'}
[1.849416] (gazebo_ros_link_attacher) StdoutLine: {'line': b'-- Up-to-date symlink: /home/kishu/roboticslab-technical-project/ros2_ws/install/gazebo_ros_link_attacher/include/gazebo_ros_link_attacher/gazebo_ros_link_attacher/srv/detail/attach__type_support.hpp\n'}
[1.851206] (robotiq_85_msgs) StdoutLine: {'line': b'-- Up-to-date symlink: /home/kishu/roboticslab-technical-project/ros2_ws/install/robotiq_85_msgs/share/ament_index/resource_index/parent_prefix_path/robotiq_85_msgs\n'}
[1.851558] (robotiq_85_msgs) StdoutLine: {'line': b'-- Up-to-date symlink: /home/kishu/roboticslab-technical-project/ros2_ws/install/robotiq_85_msgs/share/robotiq_85_msgs/environment/ament_prefix_path.sh\n'}
[1.851780] (robotiq_85_msgs) StdoutLine: {'line': b'-- Up-to-date symlink: /home/kishu/roboticslab-technical-project/ros2_ws/install/robotiq_85_msgs/share/robotiq_85_msgs/environment/ament_prefix_path.dsv\n'}
[1.851944] (robotiq_85_msgs) StdoutLine: {'line': b'-- Up-to-date symlink: /home/kishu/roboticslab-technical-project/ros2_ws/install/robotiq_85_msgs/share/robotiq_85_msgs/environment/path.sh\n'}
[1.852102] (gazebo_ros_link_attacher) StdoutLine: {'line': b'-- Up-to-date symlink: /home/kishu/roboticslab-technical-project/ros2_ws/install/gazebo_ros_link_attacher/include/gazebo_ros_link_attacher/gazebo_ros_link_attacher/msg/rosidl_typesupport_fastrtps_cpp__visibility_control.h\n'}
[1.852284] (gazebo_ros_link_attacher) StdoutLine: {'line': b'-- Up-to-date symlink: /home/kishu/roboticslab-technical-project/ros2_ws/install/gazebo_ros_link_attacher/include/gazebo_ros_link_attacher/gazebo_ros_link_attacher/srv/detail/attach__rosidl_typesupport_fastrtps_cpp.hpp\n'}
[1.852489] (gazebo_ros_link_attacher) StdoutLine: {'line': b'-- Up-to-date symlink: /home/kishu/roboticslab-technical-project/ros2_ws/install/gazebo_ros_link_attacher/include/gazebo_ros_link_attacher/gazebo_ros_link_attacher/msg/rosidl_typesupport_introspection_c__visibility_control.h\n'}
[1.853657] (gazebo_ros_link_attacher) StdoutLine: {'line': b'-- Up-to-date symlink: /home/kishu/roboticslab-technical-project/ros2_ws/install/gazebo_ros_link_attacher/include/gazebo_ros_link_attacher/gazebo_ros_link_attacher/srv/detail/attach__rosidl_typesupport_introspection_c.h\n'}
[1.853935] (robotiq_85_msgs) StdoutLine: {'line': b'-- Up-to-date symlink: /home/kishu/roboticslab-technical-project/ros2_ws/install/robotiq_85_msgs/share/robotiq_85_msgs/environment/path.dsv\n'}
[1.854119] (robotiq_85_msgs) StdoutLine: {'line': b'-- Up-to-date symlink: /home/kishu/roboticslab-technical-project/ros2_ws/install/robotiq_85_msgs/share/robotiq_85_msgs/local_setup.bash\n'}
[1.854278] (gazebo_ros_link_attacher) StdoutLine: {'line': b'-- Up-to-date symlink: /home/kishu/roboticslab-technical-project/ros2_ws/install/gazebo_ros_link_attacher/include/gazebo_ros_link_attacher/gazebo_ros_link_attacher/srv/detail/attach__rosidl_typesupport_introspection_cpp.hpp\n'}
[1.854649] (gazebo_ros_link_attacher) StdoutLine: {'line': b'-- Up-to-date symlink: /home/kishu/roboticslab-technical-project/ros2_ws/install/gazebo_ros_link_attacher/share/gazebo_ros_link_attacher/environment/pythonpath.sh\n'}
[1.854820] (robotiq_85_msgs) StdoutLine: {'line': b'-- Up-to-date symlink: /home/kishu/roboticslab-technical-project/ros2_ws/install/robotiq_85_msgs/share/robotiq_85_msgs/local_setup.sh\n'}
[1.855176] (robotiq_85_msgs) StdoutLine: {'line': b'-- Up-to-date symlink: /home/kishu/roboticslab-technical-project/ros2_ws/install/robotiq_85_msgs/share/robotiq_85_msgs/local_setup.zsh\n'}
[1.855659] (gazebo_ros_link_attacher) StdoutLine: {'line': b'-- Up-to-date symlink: /home/kishu/roboticslab-technical-project/ros2_ws/install/gazebo_ros_link_attacher/share/gazebo_ros_link_attacher/environment/pythonpath.dsv\n'}
[1.857253] (robotiq_85_msgs) StdoutLine: {'line': b'-- Up-to-date symlink: /home/kishu/roboticslab-technical-project/ros2_ws/install/robotiq_85_msgs/share/robotiq_85_msgs/local_setup.dsv\n'}
[1.857539] (robotiq_85_msgs) StdoutLine: {'line': b'-- Symlinking: /home/kishu/roboticslab-technical-project/ros2_ws/install/robotiq_85_msgs/share/robotiq_85_msgs/package.dsv\n'}
[1.860281] (gazebo_ros_link_attacher) StdoutLine: {'line': b'-- Up-to-date symlink: /home/kishu/roboticslab-technical-project/ros2_ws/install/gazebo_ros_link_attacher/local/lib/python3.10/dist-packages/gazebo_ros_link_attacher-0.0.0-py3.10.egg-info/PKG-INFO\n'}
[1.861021] (gazebo_ros_link_attacher) StdoutLine: {'line': b'-- Up-to-date symlink: /home/kishu/roboticslab-technical-project/ros2_ws/install/gazebo_ros_link_attacher/local/lib/python3.10/dist-packages/gazebo_ros_link_attacher-0.0.0-py3.10.egg-info/SOURCES.txt\n'}
[1.861990] (gazebo_ros_link_attacher) StdoutLine: {'line': b'-- Up-to-date symlink: /home/kishu/roboticslab-technical-project/ros2_ws/install/gazebo_ros_link_attacher/local/lib/python3.10/dist-packages/gazebo_ros_link_attacher-0.0.0-py3.10.egg-info/dependency_links.txt\n'}
[1.863053] (gazebo_ros_link_attacher) StdoutLine: {'line': b'-- Up-to-date symlink: /home/kishu/roboticslab-technical-project/ros2_ws/install/gazebo_ros_link_attacher/local/lib/python3.10/dist-packages/gazebo_ros_link_attacher-0.0.0-py3.10.egg-info/top_level.txt\n'}
[1.865524] (gazebo_ros_link_attacher) StdoutLine: {'line': b'-- Up-to-date symlink: /home/kishu/roboticslab-technical-project/ros2_ws/install/gazebo_ros_link_attacher/local/lib/python3.10/dist-packages/gazebo_ros_link_attacher/__init__.py\n'}
[1.866343] (gazebo_ros_link_attacher) StdoutLine: {'line': b'-- Up-to-date symlink: /home/kishu/roboticslab-technical-project/ros2_ws/install/gazebo_ros_link_attacher/local/lib/python3.10/dist-packages/gazebo_ros_link_attacher/_gazebo_ros_link_attacher_s.ep.rosidl_typesupport_c.c\n'}
[1.867542] (gazebo_ros_link_attacher) StdoutLine: {'line': b'-- Up-to-date symlink: /home/kishu/roboticslab-technical-project/ros2_ws/install/gazebo_ros_link_attacher/local/lib/python3.10/dist-packages/gazebo_ros_link_attacher/_gazebo_ros_link_attacher_s.ep.rosidl_typesupport_fastrtps_c.c\n'}
[1.868423] (gazebo_ros_link_attacher) StdoutLine: {'line': b'-- Up-to-date symlink: /home/kishu/roboticslab-technical-project/ros2_ws/install/gazebo_ros_link_attacher/local/lib/python3.10/dist-packages/gazebo_ros_link_attacher/_gazebo_ros_link_attacher_s.ep.rosidl_typesupport_introspection_c.c\n'}
[1.869105] (gazebo_ros_link_attacher) StdoutLine: {'line': b'-- Up-to-date symlink: /home/kishu/roboticslab-technical-project/ros2_ws/install/gazebo_ros_link_attacher/local/lib/python3.10/dist-packages/gazebo_ros_link_attacher/gazebo_ros_link_attacher_s__rosidl_typesupport_c.cpython-310-x86_64-linux-gnu.so\n'}
[1.869799] (gazebo_ros_link_attacher) StdoutLine: {'line': b'-- Up-to-date symlink: /home/kishu/roboticslab-technical-project/ros2_ws/install/gazebo_ros_link_attacher/local/lib/python3.10/dist-packages/gazebo_ros_link_attacher/gazebo_ros_link_attacher_s__rosidl_typesupport_fastrtps_c.cpython-310-x86_64-linux-gnu.so\n'}
[1.870474] (gazebo_ros_link_attacher) StdoutLine: {'line': b'-- Up-to-date symlink: /home/kishu/roboticslab-technical-project/ros2_ws/install/gazebo_ros_link_attacher/local/lib/python3.10/dist-packages/gazebo_ros_link_attacher/gazebo_ros_link_attacher_s__rosidl_typesupport_introspection_c.cpython-310-x86_64-linux-gnu.so\n'}
[1.871170] (gazebo_ros_link_attacher) StdoutLine: {'line': b'-- Up-to-date symlink: /home/kishu/roboticslab-technical-project/ros2_ws/install/gazebo_ros_link_attacher/local/lib/python3.10/dist-packages/gazebo_ros_link_attacher/libgazebo_ros_link_attacher__rosidl_generator_py.so\n'}
[1.872175] (gazebo_ros_link_attacher) StdoutLine: {'line': b'-- Up-to-date symlink: /home/kishu/roboticslab-technical-project/ros2_ws/install/gazebo_ros_link_attacher/local/lib/python3.10/dist-packages/gazebo_ros_link_attacher/srv/__init__.py\n'}
[1.872968] (gazebo_ros_link_attacher) StdoutLine: {'line': b'-- Up-to-date symlink: /home/kishu/roboticslab-technical-project/ros2_ws/install/gazebo_ros_link_attacher/local/lib/python3.10/dist-packages/gazebo_ros_link_attacher/srv/_attach.py\n'}
[1.873799] (gazebo_ros_link_attacher) StdoutLine: {'line': b'-- Up-to-date symlink: /home/kishu/roboticslab-technical-project/ros2_ws/install/gazebo_ros_link_attacher/local/lib/python3.10/dist-packages/gazebo_ros_link_attacher/srv/_attach_s.c\n'}
[1.875117] (gazebo_ros_link_attacher) StdoutLine: {'line': b'-- Up-to-date symlink: /home/kishu/roboticslab-technical-project/ros2_ws/install/gazebo_ros_link_attacher/local/lib/python3.10/dist-packages/gazebo_ros_link_attacher/gazebo_ros_link_attacher_s__rosidl_typesupport_fastrtps_c.cpython-310-x86_64-linux-gnu.so\n'}
[1.876332] (gazebo_ros_link_attacher) StdoutLine: {'line': b'-- Up-to-date symlink: /home/kishu/roboticslab-technical-project/ros2_ws/install/gazebo_ros_link_attacher/local/lib/python3.10/dist-packages/gazebo_ros_link_attacher/gazebo_ros_link_attacher_s__rosidl_typesupport_introspection_c.cpython-310-x86_64-linux-gnu.so\n'}
[1.877835] (gazebo_ros_link_attacher) StdoutLine: {'line': b'-- Up-to-date symlink: /home/kishu/roboticslab-technical-project/ros2_ws/install/gazebo_ros_link_attacher/local/lib/python3.10/dist-packages/gazebo_ros_link_attacher/gazebo_ros_link_attacher_s__rosidl_typesupport_c.cpython-310-x86_64-linux-gnu.so\n'}
[1.879198] (gazebo_ros_link_attacher) StdoutLine: {'line': b'-- Up-to-date symlink: /home/kishu/roboticslab-technical-project/ros2_ws/install/gazebo_ros_link_attacher/share/gazebo_ros_link_attacher/srv/Attach.idl\n'}
[1.879482] (robotiq_85_msgs) StdoutLine: {'line': b'-- Up-to-date symlink: /home/kishu/roboticslab-technical-project/ros2_ws/install/robotiq_85_msgs/share/ament_index/resource_index/packages/robotiq_85_msgs\n'}
[1.879962] (gazebo_ros_link_attacher) StdoutLine: {'line': b'-- Up-to-date symlink: /home/kishu/roboticslab-technical-project/ros2_ws/install/gazebo_ros_link_attacher/share/gazebo_ros_link_attacher/srv/Attach.srv\n'}
[1.880707] (robotiq_85_msgs) StdoutLine: {'line': b'-- Up-to-date symlink: /home/kishu/roboticslab-technical-project/ros2_ws/install/robotiq_85_msgs/share/robotiq_85_msgs/cmake/rosidl_cmake-extras.cmake\n'}
[1.882191] (gazebo_ros_link_attacher) StdoutLine: {'line': b'-- Up-to-date symlink: /home/kishu/roboticslab-technical-project/ros2_ws/install/gazebo_ros_link_attacher/share/gazebo_ros_link_attacher/srv/Attach_Request.msg\n'}
[1.883609] (robotiq_85_msgs) StdoutLine: {'line': b'-- Up-to-date symlink: /home/kishu/roboticslab-technical-project/ros2_ws/install/robotiq_85_msgs/share/robotiq_85_msgs/cmake/ament_cmake_export_dependencies-extras.cmake\n'}
[1.884424] (gazebo_ros_link_attacher) StdoutLine: {'line': b'-- Up-to-date symlink: /home/kishu/roboticslab-technical-project/ros2_ws/install/gazebo_ros_link_attacher/share/gazebo_ros_link_attacher/srv/Attach_Response.msg\n'}
[1.885049] (robotiq_85_msgs) StdoutLine: {'line': b'-- Up-to-date symlink: /home/kishu/roboticslab-technical-project/ros2_ws/install/robotiq_85_msgs/share/robotiq_85_msgs/cmake/ament_cmake_export_include_directories-extras.cmake\n'}
[1.885842] (robotiq_85_msgs) StdoutLine: {'line': b'-- Up-to-date symlink: /home/kishu/roboticslab-technical-project/ros2_ws/install/robotiq_85_msgs/share/robotiq_85_msgs/cmake/ament_cmake_export_libraries-extras.cmake\n'}
[1.886837] (gazebo_ros_link_attacher) StdoutLine: {'line': b'-- Up-to-date symlink: /home/kishu/roboticslab-technical-project/ros2_ws/install/gazebo_ros_link_attacher/lib/libgazebo_ros_link_attacher_plugin.so\n'}
[1.887824] (robotiq_85_msgs) StdoutLine: {'line': b'-- Up-to-date symlink: /home/kishu/roboticslab-technical-project/ros2_ws/install/robotiq_85_msgs/share/robotiq_85_msgs/cmake/ament_cmake_export_targets-extras.cmake\n'}
[1.888885] (robotiq_85_msgs) StdoutLine: {'line': b'-- Up-to-date symlink: /home/kishu/roboticslab-technical-project/ros2_ws/install/robotiq_85_msgs/share/robotiq_85_msgs/cmake/rosidl_cmake_export_typesupport_targets-extras.cmake\n'}
[1.891417] (robotiq_85_msgs) StdoutLine: {'line': b'-- Up-to-date symlink: /home/kishu/roboticslab-technical-project/ros2_ws/install/robotiq_85_msgs/share/robotiq_85_msgs/cmake/rosidl_cmake_export_typesupport_libraries-extras.cmake\n'}
[1.891799] (gazebo_ros_link_attacher) StdoutLine: {'line': b'-- Up-to-date symlink: /home/kishu/roboticslab-technical-project/ros2_ws/install/gazebo_ros_link_attacher/lib/gazebo_ros_link_attacher/demo.py\n'}
[1.892003] (gazebo_ros_link_attacher) StdoutLine: {'line': b'-- Up-to-date symlink: /home/kishu/roboticslab-technical-project/ros2_ws/install/gazebo_ros_link_attacher/lib/gazebo_ros_link_attacher/demo_multiple.py\n'}
[1.892226] (gazebo_ros_link_attacher) StdoutLine: {'line': b'-- Up-to-date symlink: /home/kishu/roboticslab-technical-project/ros2_ws/install/gazebo_ros_link_attacher/lib/gazebo_ros_link_attacher/spawn_models.py\n'}
[1.892744] (robotiq_85_msgs) StdoutLine: {'line': b'-- Up-to-date symlink: /home/kishu/roboticslab-technical-project/ros2_ws/install/robotiq_85_msgs/share/robotiq_85_msgs/cmake/robotiq_85_msgsConfig.cmake\n'}
[1.893057] (robotiq_85_msgs) StdoutLine: {'line': b'-- Up-to-date symlink: /home/kishu/roboticslab-technical-project/ros2_ws/install/robotiq_85_msgs/share/robotiq_85_msgs/cmake/robotiq_85_msgsConfig-version.cmake\n'}
[1.893406] (gazebo_ros_link_attacher) StdoutLine: {'line': b'-- Up-to-date symlink: /home/kishu/roboticslab-technical-project/ros2_ws/install/gazebo_ros_link_attacher/lib/gazebo_ros_link_attacher/attach.py\n'}
[1.893924] (robotiq_85_msgs) StdoutLine: {'line': b'-- Up-to-date symlink: /home/kishu/roboticslab-technical-project/ros2_ws/install/robotiq_85_msgs/share/robotiq_85_msgs/package.xml\n'}
[1.894316] (gazebo_ros_link_attacher) StdoutLine: {'line': b'-- Up-to-date symlink: /home/kishu/roboticslab-technical-project/ros2_ws/install/gazebo_ros_link_attacher/lib/gazebo_ros_link_attacher/detach.py\n'}
[1.895526] (robotiq_85_msgs) StdoutLine: {'line': b'-- Up-to-date: /home/kishu/roboticslab-technical-project/ros2_ws/install/robotiq_85_msgs/lib/librobotiq_85_msgs__rosidl_generator_c.so\n'}
[1.896038] (gazebo_ros_link_attacher) StdoutLine: {'line': b'-- Up-to-date symlink: /home/kishu/roboticslab-technical-project/ros2_ws/install/gazebo_ros_link_attacher/share/gazebo_ros_link_attacher/launch/test_attacher.py\n'}
[1.898028] (robotiq_85_msgs) StdoutLine: {'line': b'-- Up-to-date: /home/kishu/roboticslab-technical-project/ros2_ws/install/robotiq_85_msgs/lib/librobotiq_85_msgs__rosidl_typesupport_fastrtps_c.so\n'}
[1.898873] (gazebo_ros_link_attacher) StdoutLine: {'line': b'-- Up-to-date symlink: /home/kishu/roboticslab-technical-project/ros2_ws/install/gazebo_ros_link_attacher/share/gazebo_ros_link_attacher/worlds/test_attacher.world\n'}
[1.900461] (gazebo_ros_link_attacher) StdoutLine: {'line': b'-- Up-to-date symlink: /home/kishu/roboticslab-technical-project/ros2_ws/install/gazebo_ros_link_attacher/share/ament_index/resource_index/package_run_dependencies/gazebo_ros_link_attacher\n'}
[1.900746] (robotiq_85_msgs) StdoutLine: {'line': b'-- Up-to-date: /home/kishu/roboticslab-technical-project/ros2_ws/install/robotiq_85_msgs/lib/librobotiq_85_msgs__rosidl_typesupport_fastrtps_cpp.so\n'}
[1.901119] (gazebo_ros_link_attacher) StdoutLine: {'line': b'-- Up-to-date symlink: /home/kishu/roboticslab-technical-project/ros2_ws/install/gazebo_ros_link_attacher/share/ament_index/resource_index/parent_prefix_path/gazebo_ros_link_attacher\n'}
[1.901762] (robotiq_85_msgs) StdoutLine: {'line': b'-- Up-to-date: /home/kishu/roboticslab-technical-project/ros2_ws/install/robotiq_85_msgs/lib/librobotiq_85_msgs__rosidl_typesupport_introspection_c.so\n'}
[1.902443] (gazebo_ros_link_attacher) StdoutLine: {'line': b'-- Up-to-date symlink: /home/kishu/roboticslab-technical-project/ros2_ws/install/gazebo_ros_link_attacher/share/gazebo_ros_link_attacher/environment/ament_prefix_path.sh\n'}
[1.903731] (robotiq_85_msgs) StdoutLine: {'line': b'-- Up-to-date: /home/kishu/roboticslab-technical-project/ros2_ws/install/robotiq_85_msgs/lib/librobotiq_85_msgs__rosidl_typesupport_c.so\n'}
[1.904146] (gazebo_ros_link_attacher) StdoutLine: {'line': b'-- Up-to-date symlink: /home/kishu/roboticslab-technical-project/ros2_ws/install/gazebo_ros_link_attacher/share/gazebo_ros_link_attacher/environment/ament_prefix_path.dsv\n'}
[1.904762] (gazebo_ros_link_attacher) StdoutLine: {'line': b'-- Up-to-date symlink: /home/kishu/roboticslab-technical-project/ros2_ws/install/gazebo_ros_link_attacher/share/gazebo_ros_link_attacher/environment/path.sh\n'}
[1.905730] (robotiq_85_msgs) StdoutLine: {'line': b'-- Up-to-date: /home/kishu/roboticslab-technical-project/ros2_ws/install/robotiq_85_msgs/lib/librobotiq_85_msgs__rosidl_typesupport_introspection_cpp.so\n'}
[1.906025] (gazebo_ros_link_attacher) StdoutLine: {'line': b'-- Up-to-date symlink: /home/kishu/roboticslab-technical-project/ros2_ws/install/gazebo_ros_link_attacher/share/gazebo_ros_link_attacher/environment/path.dsv\n'}
[1.906536] (gazebo_ros_link_attacher) StdoutLine: {'line': b'-- Up-to-date symlink: /home/kishu/roboticslab-technical-project/ros2_ws/install/gazebo_ros_link_attacher/share/gazebo_ros_link_attacher/local_setup.bash\n'}
[1.907471] (gazebo_ros_link_attacher) StdoutLine: {'line': b'-- Up-to-date symlink: /home/kishu/roboticslab-technical-project/ros2_ws/install/gazebo_ros_link_attacher/share/gazebo_ros_link_attacher/local_setup.sh\n'}
[1.907747] (robotiq_85_msgs) StdoutLine: {'line': b'-- Up-to-date: /home/kishu/roboticslab-technical-project/ros2_ws/install/robotiq_85_msgs/lib/librobotiq_85_msgs__rosidl_typesupport_cpp.so\n'}
[1.908310] (gazebo_ros_link_attacher) StdoutLine: {'line': b'-- Up-to-date symlink: /home/kishu/roboticslab-technical-project/ros2_ws/install/gazebo_ros_link_attacher/share/gazebo_ros_link_attacher/local_setup.zsh\n'}
[1.909269] (gazebo_ros_link_attacher) StdoutLine: {'line': b'-- Up-to-date symlink: /home/kishu/roboticslab-technical-project/ros2_ws/install/gazebo_ros_link_attacher/share/gazebo_ros_link_attacher/local_setup.dsv\n'}
[1.911488] (gazebo_ros_link_attacher) StdoutLine: {'line': b'-- Symlinking: /home/kishu/roboticslab-technical-project/ros2_ws/install/gazebo_ros_link_attacher/share/gazebo_ros_link_attacher/package.dsv\n'}
[1.921360] (-) TimerEvent: {}
[1.932494] (gazebo_ros_link_attacher) StdoutLine: {'line': b'-- Up-to-date symlink: /home/kishu/roboticslab-technical-project/ros2_ws/install/gazebo_ros_link_attacher/share/ament_index/resource_index/packages/gazebo_ros_link_attacher\n'}
[1.934525] (gazebo_ros_link_attacher) StdoutLine: {'line': b'-- Up-to-date symlink: /home/kishu/roboticslab-technical-project/ros2_ws/install/gazebo_ros_link_attacher/share/gazebo_ros_link_attacher/cmake/rosidl_cmake-extras.cmake\n'}
[1.935822] (gazebo_ros_link_attacher) StdoutLine: {'line': b'-- Up-to-date symlink: /home/kishu/roboticslab-technical-project/ros2_ws/install/gazebo_ros_link_attacher/share/gazebo_ros_link_attacher/cmake/ament_cmake_export_dependencies-extras.cmake\n'}
[1.939419] (gazebo_ros_link_attacher) StdoutLine: {'line': b'-- Up-to-date symlink: /home/kishu/roboticslab-technical-project/ros2_ws/install/gazebo_ros_link_attacher/share/gazebo_ros_link_attacher/cmake/ament_cmake_export_include_directories-extras.cmake\n'}
[1.948356] (gazebo_ros_link_attacher) StdoutLine: {'line': b'-- Up-to-date symlink: /home/kishu/roboticslab-technical-project/ros2_ws/install/gazebo_ros_link_attacher/share/gazebo_ros_link_attacher/cmake/ament_cmake_export_libraries-extras.cmake\n'}
[1.950086] (gazebo_ros_link_attacher) StdoutLine: {'line': b'-- Up-to-date symlink: /home/kishu/roboticslab-technical-project/ros2_ws/install/gazebo_ros_link_attacher/share/gazebo_ros_link_attacher/cmake/ament_cmake_export_targets-extras.cmake\n'}
[1.951034] (gazebo_ros_link_attacher) StdoutLine: {'line': b'-- Up-to-date symlink: /home/kishu/roboticslab-technical-project/ros2_ws/install/gazebo_ros_link_attacher/share/gazebo_ros_link_attacher/cmake/rosidl_cmake_export_typesupport_targets-extras.cmake\n'}
[1.951995] (gazebo_ros_link_attacher) StdoutLine: {'line': b'-- Up-to-date symlink: /home/kishu/roboticslab-technical-project/ros2_ws/install/gazebo_ros_link_attacher/share/gazebo_ros_link_attacher/cmake/rosidl_cmake_export_typesupport_libraries-extras.cmake\n'}
[1.953001] (gazebo_ros_link_attacher) StdoutLine: {'line': b'-- Up-to-date symlink: /home/kishu/roboticslab-technical-project/ros2_ws/install/gazebo_ros_link_attacher/share/gazebo_ros_link_attacher/cmake/gazebo_ros_link_attacherConfig.cmake\n'}
[1.953970] (gazebo_ros_link_attacher) StdoutLine: {'line': b'-- Up-to-date symlink: /home/kishu/roboticslab-technical-project/ros2_ws/install/gazebo_ros_link_attacher/share/gazebo_ros_link_attacher/cmake/gazebo_ros_link_attacherConfig-version.cmake\n'}
[1.954912] (gazebo_ros_link_attacher) StdoutLine: {'line': b'-- Up-to-date symlink: /home/kishu/roboticslab-technical-project/ros2_ws/install/gazebo_ros_link_attacher/share/gazebo_ros_link_attacher/package.xml\n'}
[1.956721] (gazebo_ros_link_attacher) StdoutLine: {'line': b'-- Up-to-date: /home/kishu/roboticslab-technical-project/ros2_ws/install/gazebo_ros_link_attacher/lib/libgazebo_ros_link_attacher__rosidl_generator_c.so\n'}
[1.958725] (gazebo_ros_link_attacher) StdoutLine: {'line': b'-- Up-to-date: /home/kishu/roboticslab-technical-project/ros2_ws/install/gazebo_ros_link_attacher/lib/libgazebo_ros_link_attacher__rosidl_typesupport_fastrtps_c.so\n'}
[1.960507] (gazebo_ros_link_attacher) StdoutLine: {'line': b'-- Up-to-date: /home/kishu/roboticslab-technical-project/ros2_ws/install/gazebo_ros_link_attacher/lib/libgazebo_ros_link_attacher__rosidl_typesupport_fastrtps_cpp.so\n'}
[1.962108] (gazebo_ros_link_attacher) StdoutLine: {'line': b'-- Up-to-date: /home/kishu/roboticslab-technical-project/ros2_ws/install/gazebo_ros_link_attacher/lib/libgazebo_ros_link_attacher__rosidl_typesupport_introspection_c.so\n'}
[1.963469] (gazebo_ros_link_attacher) StdoutLine: {'line': b'-- Up-to-date: /home/kishu/roboticslab-technical-project/ros2_ws/install/gazebo_ros_link_attacher/lib/libgazebo_ros_link_attacher__rosidl_typesupport_c.so\n'}
[1.965401] (gazebo_ros_link_attacher) StdoutLine: {'line': b'-- Up-to-date: /home/kishu/roboticslab-technical-project/ros2_ws/install/gazebo_ros_link_attacher/lib/libgazebo_ros_link_attacher__rosidl_typesupport_introspection_cpp.so\n'}
[1.966743] (gazebo_ros_link_attacher) StdoutLine: {'line': b'-- Up-to-date: /home/kishu/roboticslab-technical-project/ros2_ws/install/gazebo_ros_link_attacher/lib/libgazebo_ros_link_attacher__rosidl_typesupport_cpp.so\n'}
[1.985341] (robotiq_85_msgs) StdoutLine: {'line': b"Listing '/home/kishu/roboticslab-technical-project/ros2_ws/install/robotiq_85_msgs/local/lib/python3.10/dist-packages/robotiq_85_msgs'...\n"}
[1.985728] (robotiq_85_msgs) StdoutLine: {'line': b"Listing '/home/kishu/roboticslab-technical-project/ros2_ws/install/robotiq_85_msgs/local/lib/python3.10/dist-packages/robotiq_85_msgs/msg'...\n"}
[1.999354] (robotiq_85_msgs) StdoutLine: {'line': b'-- Up-to-date: /home/kishu/roboticslab-technical-project/ros2_ws/install/robotiq_85_msgs/lib/librobotiq_85_msgs__rosidl_generator_py.so\n'}
[2.002244] (robotiq_85_msgs) StdoutLine: {'line': b'-- Up-to-date: /home/kishu/roboticslab-technical-project/ros2_ws/install/robotiq_85_msgs/share/robotiq_85_msgs/cmake/export_robotiq_85_msgs__rosidl_generator_cExport.cmake\n'}
[2.003398] (robotiq_85_msgs) StdoutLine: {'line': b'-- Up-to-date: /home/kishu/roboticslab-technical-project/ros2_ws/install/robotiq_85_msgs/share/robotiq_85_msgs/cmake/export_robotiq_85_msgs__rosidl_generator_cExport-noconfig.cmake\n'}
[2.004076] (robotiq_85_msgs) StdoutLine: {'line': b'-- Up-to-date: /home/kishu/roboticslab-technical-project/ros2_ws/install/robotiq_85_msgs/share/robotiq_85_msgs/cmake/export_robotiq_85_msgs__rosidl_typesupport_fastrtps_cExport.cmake\n'}
[2.004315] (robotiq_85_msgs) StdoutLine: {'line': b'-- Up-to-date: /home/kishu/roboticslab-technical-project/ros2_ws/install/robotiq_85_msgs/share/robotiq_85_msgs/cmake/export_robotiq_85_msgs__rosidl_typesupport_fastrtps_cExport-noconfig.cmake\n'}
[2.005260] (robotiq_85_msgs) StdoutLine: {'line': b'-- Up-to-date: /home/kishu/roboticslab-technical-project/ros2_ws/install/robotiq_85_msgs/share/robotiq_85_msgs/cmake/export_robotiq_85_msgs__rosidl_generator_cppExport.cmake\n'}
[2.006457] (robotiq_85_msgs) StdoutLine: {'line': b'-- Up-to-date: /home/kishu/roboticslab-technical-project/ros2_ws/install/robotiq_85_msgs/share/robotiq_85_msgs/cmake/export_robotiq_85_msgs__rosidl_typesupport_fastrtps_cppExport.cmake\n'}
[2.006954] (robotiq_85_msgs) StdoutLine: {'line': b'-- Up-to-date: /home/kishu/roboticslab-technical-project/ros2_ws/install/robotiq_85_msgs/share/robotiq_85_msgs/cmake/export_robotiq_85_msgs__rosidl_typesupport_fastrtps_cppExport-noconfig.cmake\n'}
[2.007857] (robotiq_85_msgs) StdoutLine: {'line': b'-- Up-to-date: /home/kishu/roboticslab-technical-project/ros2_ws/install/robotiq_85_msgs/share/robotiq_85_msgs/cmake/robotiq_85_msgs__rosidl_typesupport_introspection_cExport.cmake\n'}
[2.008368] (robotiq_85_msgs) StdoutLine: {'line': b'-- Up-to-date: /home/kishu/roboticslab-technical-project/ros2_ws/install/robotiq_85_msgs/share/robotiq_85_msgs/cmake/robotiq_85_msgs__rosidl_typesupport_introspection_cExport-noconfig.cmake\n'}
[2.009812] (robotiq_85_msgs) StdoutLine: {'line': b'-- Up-to-date: /home/kishu/roboticslab-technical-project/ros2_ws/install/robotiq_85_msgs/share/robotiq_85_msgs/cmake/robotiq_85_msgs__rosidl_typesupport_cExport.cmake\n'}
[2.011270] (robotiq_85_msgs) StdoutLine: {'line': b'-- Up-to-date: /home/kishu/roboticslab-technical-project/ros2_ws/install/robotiq_85_msgs/share/robotiq_85_msgs/cmake/robotiq_85_msgs__rosidl_typesupport_cExport-noconfig.cmake\n'}
[2.014612] (robotiq_85_msgs) StdoutLine: {'line': b'-- Up-to-date: /home/kishu/roboticslab-technical-project/ros2_ws/install/robotiq_85_msgs/share/robotiq_85_msgs/cmake/robotiq_85_msgs__rosidl_typesupport_introspection_cppExport.cmake\n'}
[2.015082] (robotiq_85_msgs) StdoutLine: {'line': b'-- Up-to-date: /home/kishu/roboticslab-technical-project/ros2_ws/install/robotiq_85_msgs/share/robotiq_85_msgs/cmake/robotiq_85_msgs__rosidl_typesupport_introspection_cppExport-noconfig.cmake\n'}
[2.015943] (robotiq_85_msgs) StdoutLine: {'line': b'-- Up-to-date: /home/kishu/roboticslab-technical-project/ros2_ws/install/robotiq_85_msgs/share/robotiq_85_msgs/cmake/robotiq_85_msgs__rosidl_typesupport_cppExport.cmake\n'}
[2.016362] (robotiq_85_msgs) StdoutLine: {'line': b'-- Up-to-date: /home/kishu/roboticslab-technical-project/ros2_ws/install/robotiq_85_msgs/share/robotiq_85_msgs/cmake/robotiq_85_msgs__rosidl_typesupport_cppExport-noconfig.cmake\n'}
[2.017319] (robotiq_85_msgs) StdoutLine: {'line': b'-- Up-to-date: /home/kishu/roboticslab-technical-project/ros2_ws/install/robotiq_85_msgs/share/robotiq_85_msgs/cmake/export_robotiq_85_msgs__rosidl_generator_pyExport.cmake\n'}
[2.017740] (robotiq_85_msgs) StdoutLine: {'line': b'-- Up-to-date: /home/kishu/roboticslab-technical-project/ros2_ws/install/robotiq_85_msgs/share/robotiq_85_msgs/cmake/export_robotiq_85_msgs__rosidl_generator_pyExport-noconfig.cmake\n'}
[2.021481] (-) TimerEvent: {}
[2.023953] (robotiq_85_msgs) CommandEnded: {'returncode': 0}
[2.037011] (gazebo_ros_link_attacher) StdoutLine: {'line': b"Listing '/home/kishu/roboticslab-technical-project/ros2_ws/install/gazebo_ros_link_attacher/local/lib/python3.10/dist-packages/gazebo_ros_link_attacher'...\n"}
[2.037533] (gazebo_ros_link_attacher) StdoutLine: {'line': b"Listing '/home/kishu/roboticslab-technical-project/ros2_ws/install/gazebo_ros_link_attacher/local/lib/python3.10/dist-packages/gazebo_ros_link_attacher/srv'...\n"}
[2.050403] (gazebo_ros_link_attacher) StdoutLine: {'line': b'-- Up-to-date: /home/kishu/roboticslab-technical-project/ros2_ws/install/gazebo_ros_link_attacher/lib/libgazebo_ros_link_attacher__rosidl_generator_py.so\n'}
[2.058297] (gazebo_ros_link_attacher) StdoutLine: {'line': b'-- Up-to-date: /home/kishu/roboticslab-technical-project/ros2_ws/install/gazebo_ros_link_attacher/share/gazebo_ros_link_attacher/cmake/export_gazebo_ros_link_attacher__rosidl_generator_cExport.cmake\n'}
[2.058885] (gazebo_ros_link_attacher) StdoutLine: {'line': b'-- Up-to-date: /home/kishu/roboticslab-technical-project/ros2_ws/install/gazebo_ros_link_attacher/share/gazebo_ros_link_attacher/cmake/export_gazebo_ros_link_attacher__rosidl_generator_cExport-noconfig.cmake\n'}
[2.060558] (gazebo_ros_link_attacher) StdoutLine: {'line': b'-- Up-to-date: /home/kishu/roboticslab-technical-project/ros2_ws/install/gazebo_ros_link_attacher/share/gazebo_ros_link_attacher/cmake/export_gazebo_ros_link_attacher__rosidl_typesupport_fastrtps_cExport.cmake\n'}
[2.060916] (gazebo_ros_link_attacher) StdoutLine: {'line': b'-- Up-to-date: /home/kishu/roboticslab-technical-project/ros2_ws/install/gazebo_ros_link_attacher/share/gazebo_ros_link_attacher/cmake/export_gazebo_ros_link_attacher__rosidl_typesupport_fastrtps_cExport-noconfig.cmake\n'}
[2.061568] (gazebo_ros_link_attacher) StdoutLine: {'line': b'-- Up-to-date: /home/kishu/roboticslab-technical-project/ros2_ws/install/gazebo_ros_link_attacher/share/gazebo_ros_link_attacher/cmake/export_gazebo_ros_link_attacher__rosidl_generator_cppExport.cmake\n'}
[2.063296] (gazebo_ros_link_attacher) StdoutLine: {'line': b'-- Up-to-date: /home/kishu/roboticslab-technical-project/ros2_ws/install/gazebo_ros_link_attacher/share/gazebo_ros_link_attacher/cmake/export_gazebo_ros_link_attacher__rosidl_typesupport_fastrtps_cppExport.cmake\n'}
[2.064032] (gazebo_ros_link_attacher) StdoutLine: {'line': b'-- Up-to-date: /home/kishu/roboticslab-technical-project/ros2_ws/install/gazebo_ros_link_attacher/share/gazebo_ros_link_attacher/cmake/export_gazebo_ros_link_attacher__rosidl_typesupport_fastrtps_cppExport-noconfig.cmake\n'}
[2.066790] (gazebo_ros_link_attacher) StdoutLine: {'line': b'-- Up-to-date: /home/kishu/roboticslab-technical-project/ros2_ws/install/gazebo_ros_link_attacher/share/gazebo_ros_link_attacher/cmake/gazebo_ros_link_attacher__rosidl_typesupport_introspection_cExport.cmake\n'}
[2.068780] (gazebo_ros_link_attacher) StdoutLine: {'line': b'-- Up-to-date: /home/kishu/roboticslab-technical-project/ros2_ws/install/gazebo_ros_link_attacher/share/gazebo_ros_link_attacher/cmake/gazebo_ros_link_attacher__rosidl_typesupport_introspection_cExport-noconfig.cmake\n'}
[2.069992] (gazebo_ros_link_attacher) StdoutLine: {'line': b'-- Up-to-date: /home/kishu/roboticslab-technical-project/ros2_ws/install/gazebo_ros_link_attacher/share/gazebo_ros_link_attacher/cmake/gazebo_ros_link_attacher__rosidl_typesupport_cExport.cmake\n'}
[2.070485] (gazebo_ros_link_attacher) StdoutLine: {'line': b'-- Up-to-date: /home/kishu/roboticslab-technical-project/ros2_ws/install/gazebo_ros_link_attacher/share/gazebo_ros_link_attacher/cmake/gazebo_ros_link_attacher__rosidl_typesupport_cExport-noconfig.cmake\n'}
[2.070815] (gazebo_ros_link_attacher) StdoutLine: {'line': b'-- Up-to-date: /home/kishu/roboticslab-technical-project/ros2_ws/install/gazebo_ros_link_attacher/share/gazebo_ros_link_attacher/cmake/gazebo_ros_link_attacher__rosidl_typesupport_introspection_cppExport.cmake\n'}
[2.071099] (gazebo_ros_link_attacher) StdoutLine: {'line': b'-- Up-to-date: /home/kishu/roboticslab-technical-project/ros2_ws/install/gazebo_ros_link_attacher/share/gazebo_ros_link_attacher/cmake/gazebo_ros_link_attacher__rosidl_typesupport_introspection_cppExport-noconfig.cmake\n'}
[2.071355] (gazebo_ros_link_attacher) StdoutLine: {'line': b'-- Up-to-date: /home/kishu/roboticslab-technical-project/ros2_ws/install/gazebo_ros_link_attacher/share/gazebo_ros_link_attacher/cmake/gazebo_ros_link_attacher__rosidl_typesupport_cppExport.cmake\n'}
[2.071593] (gazebo_ros_link_attacher) StdoutLine: {'line': b'-- Up-to-date: /home/kishu/roboticslab-technical-project/ros2_ws/install/gazebo_ros_link_attacher/share/gazebo_ros_link_attacher/cmake/gazebo_ros_link_attacher__rosidl_typesupport_cppExport-noconfig.cmake\n'}
[2.072351] (gazebo_ros_link_attacher) StdoutLine: {'line': b'-- Up-to-date: /home/kishu/roboticslab-technical-project/ros2_ws/install/gazebo_ros_link_attacher/share/gazebo_ros_link_attacher/cmake/export_gazebo_ros_link_attacher__rosidl_generator_pyExport.cmake\n'}
[2.072929] (gazebo_ros_link_attacher) StdoutLine: {'line': b'-- Up-to-date: /home/kishu/roboticslab-technical-project/ros2_ws/install/gazebo_ros_link_attacher/share/gazebo_ros_link_attacher/cmake/export_gazebo_ros_link_attacher__rosidl_generator_pyExport-noconfig.cmake\n'}
[2.078494] (robotiq_85_msgs) JobEnded: {'identifier': 'robotiq_85_msgs', 'rc': 0}
[2.081896] (robotiq_85_driver) JobStarted: {'identifier': 'robotiq_85_driver'}
[2.095083] (gazebo_ros_link_attacher) CommandEnded: {'returncode': 0}
[2.121799] (-) TimerEvent: {}
[2.147540] (gazebo_ros_link_attacher) JobEnded: {'identifier': 'gazebo_ros_link_attacher', 'rc': 0}
[2.221953] (-) TimerEvent: {}
[2.322411] (-) TimerEvent: {}
[2.422884] (-) TimerEvent: {}
[2.523297] (-) TimerEvent: {}
[2.623761] (-) TimerEvent: {}
[2.669802] (multi_robot_coop) Command: {'cmd': ['/usr/bin/python3', '-W', 'ignore:setup.py install is deprecated', '-W', 'ignore:easy_install command is deprecated', 'setup.py', 'develop', '--editable', '--build-directory', '/home/kishu/roboticslab-technical-project/ros2_ws/build/multi_robot_coop/build', '--no-deps', 'symlink_data'], 'cwd': '/home/kishu/roboticslab-technical-project/ros2_ws/build/multi_robot_coop', 'env': {'LESSOPEN': '| /usr/bin/lesspipe %s', 'USER': 'kishu', 'SHLVL': '1', 'LD_LIBRARY_PATH': '/usr/lib/x86_64-linux-gnu/gazebo-11/plugins:/opt/ros/humble/opt/rviz_ogre_vendor/lib:/opt/ros/humble/lib/x86_64-linux-gnu:/opt/ros/humble/lib', 'HOME': '/home/kishu', 'OLDPWD': '/home/kishu', 'ROS_PYTHON_VERSION': '3', 'DBUS_SESSION_BUS_ADDRESS': 'unix:path=/run/user/1000/bus', 'WSL_DISTRO_NAME': 'Ubuntu-22.04', 'WAYLAND_DISPLAY': 'wayland-0', 'ROS_DISTRO': 'humble', 'LOGNAME': 'kishu', 'NAME': 'DESKTOP-07TM2Q3', 'WSL_INTEROP': '/run/WSL/358_interop', 'PULSE_SERVER': 'unix:/mnt/wslg/PulseServer', '_': '/usr/bin/colcon', 'ROS_VERSION': '2', 'TERM': 'xterm-256color', 'GAZEBO_MODEL_PATH': '/home/kishu/roboticslab-technical-project/models::/opt/ros/humble/share/turtlebot3_gazebo/models', 'ROS_LOCALHOST_ONLY': '0', 'PATH': '/home/kishu/.local/bin:/opt/ros/humble/bin:/usr/local/sbin:/usr/local/bin:/usr/sbin:/usr/bin:/sbin:/bin:/usr/games:/usr/local/games:/usr/lib/wsl/lib:/mnt/c/Program Files/WindowsApps/CanonicalGroupLimited.Ubuntu22.04LTS_2204.5.10021.0_x64__79rhkp1fndgsc:/mnt/c/Windows/system32:/mnt/c/Windows:/mnt/c/Windows/System32/Wbem:/mnt/c/Windows/System32/WindowsPowerShell/v1.0/:/mnt/c/Windows/System32/OpenSSH/:/mnt/c/Program Files/Git/cmd:/mnt/c/Users/Mohamad/AppData/Local/Microsoft/WindowsApps:/mnt/c/Users/Mohamad/AppData/Local/Programs/Microsoft VS Code/bin:/mnt/c/Users/Mohamad/AppData/Local/GitHubDesktop/bin:/snap/bin', 'XDG_RUNTIME_DIR': '/run/user/1000/', 'DISPLAY': ':0', 'LANG': 'C.UTF-8', 'LS_COLORS': 'rs=0:di=01;34:ln=01;36:mh=00:pi=40;33:so=01;35:do=01;35:bd=40;33;01:cd=40;33;01:or=40;31;01:mi=00:su=37;41:sg=30;43:ca=30;41:tw=30;42:ow=34;42:st=37;44:ex=01;32:*.tar=01;31:*.tgz=01;31:*.arc=01;31:*.arj=01;31:*.taz=01;31:*.lha=01;31:*.lz4=01;31:*.lzh=01;31:*.lzma=01;31:*.tlz=01;31:*.txz=01;31:*.tzo=01;31:*.t7z=01;31:*.zip=01;31:*.z=01;31:*.dz=01;31:*.gz=01;31:*.lrz=01;31:*.lz=01;31:*.lzo=01;31:*.xz=01;31:*.zst=01;31:*.tzst=01;31:*.bz2=01;31:*.bz=01;31:*.tbz=01;31:*.tbz2=01;31:*.tz=01;31:*.deb=01;31:*.rpm=01;31:*.jar=01;31:*.war=01;31:*.ear=01;31:*.sar=01;31:*.rar=01;31:*.alz=01;31:*.ace=01;31:*.zoo=01;31:*.cpio=01;31:*.7z=01;31:*.rz=01;31:*.cab=01;31:*.wim=01;31:*.swm=01;31:*.dwm=01;31:*.esd=01;31:*.jpg=01;35:*.jpeg=01;35:*.mjpg=01;35:*.mjpeg=01;35:*.gif=01;35:*.bmp=01;35:*.pbm=01;35:*.pgm=01;35:*.ppm=01;35:*.tga=01;35:*.xbm=01;35:*.xpm=01;35:*.tif=01;35:*.tiff=01;35:*.png=01;35:*.svg=01;35:*.svgz=01;35:*.mng=01;35:*.pcx=01;35:*.mov=01;35:*.mpg=01;35:*.mpeg=01;35:*.m2v=01;35:*.mkv=01;35:*.webm=01;35:*.webp=01;35:*.ogm=01;35:*.mp4=01;35:*.m4v=01;35:*.mp4v=01;35:*.vob=01;35:*.qt=01;35:*.nuv=01;35:*.wmv=01;35:*.asf=01;35:*.rm=01;35:*.rmvb=01;35:*.flc=01;35:*.avi=01;35:*.fli=01;35:*.flv=01;35:*.gl=01;35:*.dl=01;35:*.xcf=01;35:*.xwd=01;35:*.yuv=01;35:*.cgm=01;35:*.emf=01;35:*.ogv=01;35:*.ogx=01;35:*.aac=00;36:*.au=00;36:*.flac=00;36:*.m4a=00;36:*.mid=00;36:*.midi=00;36:*.mka=00;36:*.mp3=00;36:*.mpc=00;36:*.ogg=00;36:*.ra=00;36:*.wav=00;36:*.oga=00;36:*.opus=00;36:*.spx=00;36:*.xspf=00;36:', 'AMENT_PREFIX_PATH': '/opt/ros/humble', 'SHELL': '/bin/bash', 'LESSCLOSE': '/usr/bin/lesspipe %s %s', 'PWD': '/home/kishu/roboticslab-technical-project/ros2_ws/build/multi_robot_coop', 'TURTLEBOT3_MODEL': 'waffle_pi', 'XDG_DATA_DIRS': '/usr/local/share:/usr/share:/var/lib/snapd/desktop', 'PYTHONPATH': '/home/kishu/roboticslab-technical-project/ros2_ws/build/multi_robot_coop/prefix_override:/usr/lib/python3/dist-packages/colcon_core/task/python/colcon_distutils_commands:/home/kishu/roboticslab-technical-project/ros2_ws/install/multi_robot_coop/lib/python3.10/site-packages:/opt/ros/humble/lib/python3.10/site-packages:/opt/ros/humble/local/lib/python3.10/dist-packages', 'COLCON': '1', 'WSL2_GUI_APPS_ENABLED': '1', 'HOSTTYPE': 'x86_64', 'WSLENV': ''}, 'shell': False}
[2.723924] (-) TimerEvent: {}
[2.824440] (-) TimerEvent: {}
[2.924911] (-) TimerEvent: {}
[3.025428] (-) TimerEvent: {}
[3.125842] (-) TimerEvent: {}
[3.188665] (multi_robot_coop) StdoutLine: {'line': b'running develop\n'}
[3.225999] (-) TimerEvent: {}
[3.326494] (-) TimerEvent: {}
[3.420950] (robotiq_85_driver) Command: {'cmd': ['/usr/bin/python3', '-W', 'ignore:setup.py install is deprecated', '-W', 'ignore:easy_install command is deprecated', 'setup.py', 'develop', '--editable', '--build-directory', '/home/kishu/roboticslab-technical-project/ros2_ws/build/robotiq_85_driver/build', '--no-deps', 'symlink_data'], 'cwd': '/home/kishu/roboticslab-technical-project/ros2_ws/build/robotiq_85_driver', 'env': {'LESSOPEN': '| /usr/bin/lesspipe %s', 'USER': 'kishu', 'SHLVL': '1', 'LD_LIBRARY_PATH': '/home/kishu/roboticslab-technical-project/ros2_ws/install/robotiq_85_msgs/lib:/usr/lib/x86_64-linux-gnu/gazebo-11/plugins:/opt/ros/humble/opt/rviz_ogre_vendor/lib:/opt/ros/humble/lib/x86_64-linux-gnu:/opt/ros/humble/lib', 'HOME': '/home/kishu', 'OLDPWD': '/home/kishu', 'ROS_PYTHON_VERSION': '3', 'DBUS_SESSION_BUS_ADDRESS': 'unix:path=/run/user/1000/bus', 'WSL_DISTRO_NAME': 'Ubuntu-22.04', 'WAYLAND_DISPLAY': 'wayland-0', 'ROS_DISTRO': 'humble', 'LOGNAME': 'kishu', 'NAME': 'DESKTOP-07TM2Q3', 'WSL_INTEROP': '/run/WSL/358_interop', 'PULSE_SERVER': 'unix:/mnt/wslg/PulseServer', '_': '/usr/bin/colcon', 'ROS_VERSION': '2', 'TERM': 'xterm-256color', 'GAZEBO_MODEL_PATH': '/home/kishu/roboticslab-technical-project/models::/opt/ros/humble/share/turtlebot3_gazebo/models', 'ROS_LOCALHOST_ONLY': '0', 'PATH': '/home/kishu/.local/bin:/opt/ros/humble/bin:/usr/local/sbin:/usr/local/bin:/usr/sbin:/usr/bin:/sbin:/bin:/usr/games:/usr/local/games:/usr/lib/wsl/lib:/mnt/c/Program Files/WindowsApps/CanonicalGroupLimited.Ubuntu22.04LTS_2204.5.10021.0_x64__79rhkp1fndgsc:/mnt/c/Windows/system32:/mnt/c/Windows:/mnt/c/Windows/System32/Wbem:/mnt/c/Windows/System32/WindowsPowerShell/v1.0/:/mnt/c/Windows/System32/OpenSSH/:/mnt/c/Program Files/Git/cmd:/mnt/c/Users/Mohamad/AppData/Local/Microsoft/WindowsApps:/mnt/c/Users/Mohamad/AppData/Local/Programs/Microsoft VS Code/bin:/mnt/c/Users/Mohamad/AppData/Local/GitHubDesktop/bin:/snap/bin', 'XDG_RUNTIME_DIR': '/run/user/1000/', 'DISPLAY': ':0', 'LANG': 'C.UTF-8', 'LS_COLORS': 'rs=0:di=01;34:ln=01;36:mh=00:pi=40;33:so=01;35:do=01;35:bd=40;33;01:cd=40;33;01:or=40;31;01:mi=00:su=37;41:sg=30;43:ca=30;41:tw=30;42:ow=34;42:st=37;44:ex=01;32:*.tar=01;31:*.tgz=01;31:*.arc=01;31:*.arj=01;31:*.taz=01;31:*.lha=01;31:*.lz4=01;31:*.lzh=01;31:*.lzma=01;31:*.tlz=01;31:*.txz=01;31:*.tzo=01;31:*.t7z=01;31:*.zip=01;31:*.z=01;31:*.dz=01;31:*.gz=01;31:*.lrz=01;31:*.lz=01;31:*.lzo=01;31:*.xz=01;31:*.zst=01;31:*.tzst=01;31:*.bz2=01;31:*.bz=01;31:*.tbz=01;31:*.tbz2=01;31:*.tz=01;31:*.deb=01;31:*.rpm=01;31:*.jar=01;31:*.war=01;31:*.ear=01;31:*.sar=01;31:*.rar=01;31:*.alz=01;31:*.ace=01;31:*.zoo=01;31:*.cpio=01;31:*.7z=01;31:*.rz=01;31:*.cab=01;31:*.wim=01;31:*.swm=01;31:*.dwm=01;31:*.esd=01;31:*.jpg=01;35:*.jpeg=01;35:*.mjpg=01;35:*.mjpeg=01;35:*.gif=01;35:*.bmp=01;35:*.pbm=01;35:*.pgm=01;35:*.ppm=01;35:*.tga=01;35:*.xbm=01;35:*.xpm=01;35:*.tif=01;35:*.tiff=01;35:*.png=01;35:*.svg=01;35:*.svgz=01;35:*.mng=01;35:*.pcx=01;35:*.mov=01;35:*.mpg=01;35:*.mpeg=01;35:*.m2v=01;35:*.mkv=01;35:*.webm=01;35:*.webp=01;35:*.ogm=01;35:*.mp4=01;35:*.m4v=01;35:*.mp4v=01;35:*.vob=01;35:*.qt=01;35:*.nuv=01;35:*.wmv=01;35:*.asf=01;35:*.rm=01;35:*.rmvb=01;35:*.flc=01;35:*.avi=01;35:*.fli=01;35:*.flv=01;35:*.gl=01;35:*.dl=01;35:*.xcf=01;35:*.xwd=01;35:*.yuv=01;35:*.cgm=01;35:*.emf=01;35:*.ogv=01;35:*.ogx=01;35:*.aac=00;36:*.au=00;36:*.flac=00;36:*.m4a=00;36:*.mid=00;36:*.midi=00;36:*.mka=00;36:*.mp3=00;36:*.mpc=00;36:*.ogg=00;36:*.ra=00;36:*.wav=00;36:*.oga=00;36:*.opus=00;36:*.spx=00;36:*.xspf=00;36:', 'AMENT_PREFIX_PATH': '/home/kishu/roboticslab-technical-project/ros2_ws/install/robotiq_85_msgs:/opt/ros/humble', 'SHELL': '/bin/bash', 'LESSCLOSE': '/usr/bin/lesspipe %s %s', 'PWD': '/home/kishu/roboticslab-technical-project/ros2_ws/build/robotiq_85_driver', 'TURTLEBOT3_MODEL': 'waffle_pi', 'XDG_DATA_DIRS': '/usr/local/share:/usr/share:/var/lib/snapd/desktop', 'PYTHONPATH': '/home/kishu/roboticslab-technical-project/ros2_ws/build/robotiq_85_driver/prefix_override:/usr/lib/python3/dist-packages/colcon_core/task/python/colcon_distutils_commands:/home/kishu/roboticslab-technical-project/ros2_ws/install/robotiq_85_driver/lib/python3.10/site-packages:/home/kishu/roboticslab-technical-project/ros2_ws/install/robotiq_85_msgs/local/lib/python3.10/dist-packages:/opt/ros/humble/lib/python3.10/site-packages:/opt/ros/humble/local/lib/python3.10/dist-packages', 'COLCON': '1', 'WSL2_GUI_APPS_ENABLED': '1', 'HOSTTYPE': 'x86_64', 'WSLENV': '', 'CMAKE_PREFIX_PATH': '/home/kishu/roboticslab-technical-project/ros2_ws/install/robotiq_85_msgs'}, 'shell': False}
[3.426609] (-) TimerEvent: {}
[3.527027] (-) TimerEvent: {}
[3.550632] (multi_robot_coop) StdoutLine: {'line': b'running egg_info\n'}
[3.551058] (multi_robot_coop) StdoutLine: {'line': b'writing multi_robot_coop.egg-info/PKG-INFO\n'}
[3.551649] (multi_robot_coop) StdoutLine: {'line': b'writing dependency_links to multi_robot_coop.egg-info/dependency_links.txt\n'}
[3.552273] (multi_robot_coop) StdoutLine: {'line': b'writing entry points to multi_robot_coop.egg-info/entry_points.txt\n'}
[3.552646] (multi_robot_coop) StdoutLine: {'line': b'writing requirements to multi_robot_coop.egg-info/requires.txt\n'}
[3.553145] (multi_robot_coop) StdoutLine: {'line': b'writing top-level names to multi_robot_coop.egg-info/top_level.txt\n'}
[3.556470] (multi_robot_coop) StdoutLine: {'line': b"reading manifest file 'multi_robot_coop.egg-info/SOURCES.txt'\n"}
[3.559354] (multi_robot_coop) StdoutLine: {'line': b"writing manifest file 'multi_robot_coop.egg-info/SOURCES.txt'\n"}
[3.561567] (multi_robot_coop) StdoutLine: {'line': b'running build_ext\n'}
[3.562002] (multi_robot_coop) StdoutLine: {'line': b'Creating /home/kishu/roboticslab-technical-project/ros2_ws/install/multi_robot_coop/lib/python3.10/site-packages/multi-robot-coop.egg-link (link to .)\n'}
[3.563923] (multi_robot_coop) StdoutLine: {'line': b'Installing arm_controller script to /home/kishu/roboticslab-technical-project/ros2_ws/install/multi_robot_coop/lib/multi_robot_coop\n'}
[3.564239] (multi_robot_coop) StdoutLine: {'line': b'Installing arm_coordinator script to /home/kishu/roboticslab-technical-project/ros2_ws/install/multi_robot_coop/lib/multi_robot_coop\n'}
[3.564583] (multi_robot_coop) StdoutLine: {'line': b'Installing arm_real_controller script to /home/kishu/roboticslab-technical-project/ros2_ws/install/multi_robot_coop/lib/multi_robot_coop\n'}
[3.564888] (multi_robot_coop) StdoutLine: {'line': b'Installing scenario_coordinator script to /home/kishu/roboticslab-technical-project/ros2_ws/install/multi_robot_coop/lib/multi_robot_coop\n'}
[3.565215] (multi_robot_coop) StdoutLine: {'line': b'Installing tb3_controller script to /home/kishu/roboticslab-technical-project/ros2_ws/install/multi_robot_coop/lib/multi_robot_coop\n'}
[3.565553] (multi_robot_coop) StdoutLine: {'line': b'Installing tb3_coordinator script to /home/kishu/roboticslab-technical-project/ros2_ws/install/multi_robot_coop/lib/multi_robot_coop\n'}
[3.566270] (multi_robot_coop) StdoutLine: {'line': b'\n'}
[3.566511] (multi_robot_coop) StdoutLine: {'line': b'Installed /home/kishu/roboticslab-technical-project/ros2_ws/build/multi_robot_coop\n'}
[3.566642] (multi_robot_coop) StdoutLine: {'line': b'running symlink_data\n'}
[3.627235] (-) TimerEvent: {}
[3.638402] (multi_robot_coop) CommandEnded: {'returncode': 0}
[3.655960] (multi_robot_coop) JobEnded: {'identifier': 'multi_robot_coop', 'rc': 0}
[3.727398] (-) TimerEvent: {}
[3.809953] (robotiq_85_driver) StderrLine: {'line': b"/usr/lib/python3/dist-packages/setuptools/dist.py:723: UserWarning: Usage of dash-separated 'script-dir' will not be supported in future versions. Please use the underscore name 'script_dir' instead\n"}
[3.810262] (robotiq_85_driver) StderrLine: {'line': b'  warnings.warn(\n'}
[3.827618] (-) TimerEvent: {}
[3.857142] (robotiq_85_driver) StdoutLine: {'line': b'running develop\n'}
[3.927772] (-) TimerEvent: {}
[4.028176] (-) TimerEvent: {}
[4.128571] (-) TimerEvent: {}
[4.145564] (robotiq_85_driver) StdoutLine: {'line': b'running egg_info\n'}
[4.146013] (robotiq_85_driver) StdoutLine: {'line': b'writing robotiq_85_driver.egg-info/PKG-INFO\n'}
[4.146337] (robotiq_85_driver) StdoutLine: {'line': b'writing dependency_links to robotiq_85_driver.egg-info/dependency_links.txt\n'}
[4.146816] (robotiq_85_driver) StdoutLine: {'line': b'writing entry points to robotiq_85_driver.egg-info/entry_points.txt\n'}
[4.147335] (robotiq_85_driver) StdoutLine: {'line': b'writing requirements to robotiq_85_driver.egg-info/requires.txt\n'}
[4.147692] (robotiq_85_driver) StdoutLine: {'line': b'writing top-level names to robotiq_85_driver.egg-info/top_level.txt\n'}
[4.151386] (robotiq_85_driver) StdoutLine: {'line': b"reading manifest file 'robotiq_85_driver.egg-info/SOURCES.txt'\n"}
[4.153228] (robotiq_85_driver) StdoutLine: {'line': b"writing manifest file 'robotiq_85_driver.egg-info/SOURCES.txt'\n"}
[4.155566] (robotiq_85_driver) StdoutLine: {'line': b'running build_ext\n'}
[4.155879] (robotiq_85_driver) StdoutLine: {'line': b'Creating /home/kishu/roboticslab-technical-project/ros2_ws/install/robotiq_85_driver/lib/python3.10/site-packages/robotiq-85-driver.egg-link (link to .)\n'}
[4.157374] (robotiq_85_driver) StdoutLine: {'line': b'Installing robotiq_85_driver script to /home/kishu/roboticslab-technical-project/ros2_ws/install/robotiq_85_driver/lib/robotiq_85_driver\n'}
[4.158722] (robotiq_85_driver) StdoutLine: {'line': b'Installing robotiq_85_test script to /home/kishu/roboticslab-technical-project/ros2_ws/install/robotiq_85_driver/lib/robotiq_85_driver\n'}
[4.159070] (robotiq_85_driver) StdoutLine: {'line': b'Installing robotiq_85_test_close script to /home/kishu/roboticslab-technical-project/ros2_ws/install/robotiq_85_driver/lib/robotiq_85_driver\n'}
[4.159483] (robotiq_85_driver) StdoutLine: {'line': b'Installing single_robotiq_85_action_server script to /home/kishu/roboticslab-technical-project/ros2_ws/install/robotiq_85_driver/lib/robotiq_85_driver\n'}
[4.159784] (robotiq_85_driver) StdoutLine: {'line': b'\n'}
[4.160122] (robotiq_85_driver) StdoutLine: {'line': b'Installed /home/kishu/roboticslab-technical-project/ros2_ws/build/robotiq_85_driver\n'}
[4.160295] (robotiq_85_driver) StdoutLine: {'line': b'running symlink_data\n'}
[4.203942] (robotiq_85_driver) CommandEnded: {'returncode': 0}
[4.218711] (robotiq_85_driver) JobEnded: {'identifier': 'robotiq_85_driver', 'rc': 0}
[4.220148] (robotiq_85_gripper) JobStarted: {'identifier': 'robotiq_85_gripper'}
[4.228757] (-) TimerEvent: {}
[4.329197] (-) TimerEvent: {}
[4.383723] (robotiq_85_gripper) JobProgress: {'identifier': 'robotiq_85_gripper', 'progress': 'cmake'}
[4.385743] (robotiq_85_gripper) JobProgress: {'identifier': 'robotiq_85_gripper', 'progress': 'build'}
[4.386283] (robotiq_85_gripper) Command: {'cmd': ['/usr/bin/cmake', '--build', '/home/kishu/roboticslab-technical-project/ros2_ws/build/robotiq_85_gripper', '--', '-j4', '-l4'], 'cwd': '/home/kishu/roboticslab-technical-project/ros2_ws/build/robotiq_85_gripper', 'env': OrderedDict([('LESSOPEN', '| /usr/bin/lesspipe %s'), ('USER', 'kishu'), ('SHLVL', '1'), ('LD_LIBRARY_PATH', '/home/kishu/roboticslab-technical-project/ros2_ws/install/robotiq_85_msgs/lib:/usr/lib/x86_64-linux-gnu/gazebo-11/plugins:/opt/ros/humble/opt/rviz_ogre_vendor/lib:/opt/ros/humble/lib/x86_64-linux-gnu:/opt/ros/humble/lib'), ('HOME', '/home/kishu'), ('OLDPWD', '/home/kishu'), ('ROS_PYTHON_VERSION', '3'), ('DBUS_SESSION_BUS_ADDRESS', 'unix:path=/run/user/1000/bus'), ('WSL_DISTRO_NAME', 'Ubuntu-22.04'), ('WAYLAND_DISPLAY', 'wayland-0'), ('ROS_DISTRO', 'humble'), ('LOGNAME', 'kishu'), ('NAME', 'DESKTOP-07TM2Q3'), ('WSL_INTEROP', '/run/WSL/358_interop'), ('PULSE_SERVER', 'unix:/mnt/wslg/PulseServer'), ('_', '/usr/bin/colcon'), ('ROS_VERSION', '2'), ('TERM', 'xterm-256color'), ('GAZEBO_MODEL_PATH', '/home/kishu/roboticslab-technical-project/models::/opt/ros/humble/share/turtlebot3_gazebo/models'), ('ROS_LOCALHOST_ONLY', '0'), ('PATH', '/home/kishu/.local/bin:/opt/ros/humble/bin:/usr/local/sbin:/usr/local/bin:/usr/sbin:/usr/bin:/sbin:/bin:/usr/games:/usr/local/games:/usr/lib/wsl/lib:/mnt/c/Program Files/WindowsApps/CanonicalGroupLimited.Ubuntu22.04LTS_2204.5.10021.0_x64__79rhkp1fndgsc:/mnt/c/Windows/system32:/mnt/c/Windows:/mnt/c/Windows/System32/Wbem:/mnt/c/Windows/System32/WindowsPowerShell/v1.0/:/mnt/c/Windows/System32/OpenSSH/:/mnt/c/Program Files/Git/cmd:/mnt/c/Users/Mohamad/AppData/Local/Microsoft/WindowsApps:/mnt/c/Users/Mohamad/AppData/Local/Programs/Microsoft VS Code/bin:/mnt/c/Users/Mohamad/AppData/Local/GitHubDesktop/bin:/snap/bin'), ('XDG_RUNTIME_DIR', '/run/user/1000/'), ('DISPLAY', ':0'), ('LANG', 'C.UTF-8'), ('LS_COLORS', 'rs=0:di=01;34:ln=01;36:mh=00:pi=40;33:so=01;35:do=01;35:bd=40;33;01:cd=40;33;01:or=40;31;01:mi=00:su=37;41:sg=30;43:ca=30;41:tw=30;42:ow=34;42:st=37;44:ex=01;32:*.tar=01;31:*.tgz=01;31:*.arc=01;31:*.arj=01;31:*.taz=01;31:*.lha=01;31:*.lz4=01;31:*.lzh=01;31:*.lzma=01;31:*.tlz=01;31:*.txz=01;31:*.tzo=01;31:*.t7z=01;31:*.zip=01;31:*.z=01;31:*.dz=01;31:*.gz=01;31:*.lrz=01;31:*.lz=01;31:*.lzo=01;31:*.xz=01;31:*.zst=01;31:*.tzst=01;31:*.bz2=01;31:*.bz=01;31:*.tbz=01;31:*.tbz2=01;31:*.tz=01;31:*.deb=01;31:*.rpm=01;31:*.jar=01;31:*.war=01;31:*.ear=01;31:*.sar=01;31:*.rar=01;31:*.alz=01;31:*.ace=01;31:*.zoo=01;31:*.cpio=01;31:*.7z=01;31:*.rz=01;31:*.cab=01;31:*.wim=01;31:*.swm=01;31:*.dwm=01;31:*.esd=01;31:*.jpg=01;35:*.jpeg=01;35:*.mjpg=01;35:*.mjpeg=01;35:*.gif=01;35:*.bmp=01;35:*.pbm=01;35:*.pgm=01;35:*.ppm=01;35:*.tga=01;35:*.xbm=01;35:*.xpm=01;35:*.tif=01;35:*.tiff=01;35:*.png=01;35:*.svg=01;35:*.svgz=01;35:*.mng=01;35:*.pcx=01;35:*.mov=01;35:*.mpg=01;35:*.mpeg=01;35:*.m2v=01;35:*.mkv=01;35:*.webm=01;35:*.webp=01;35:*.ogm=01;35:*.mp4=01;35:*.m4v=01;35:*.mp4v=01;35:*.vob=01;35:*.qt=01;35:*.nuv=01;35:*.wmv=01;35:*.asf=01;35:*.rm=01;35:*.rmvb=01;35:*.flc=01;35:*.avi=01;35:*.fli=01;35:*.flv=01;35:*.gl=01;35:*.dl=01;35:*.xcf=01;35:*.xwd=01;35:*.yuv=01;35:*.cgm=01;35:*.emf=01;35:*.ogv=01;35:*.ogx=01;35:*.aac=00;36:*.au=00;36:*.flac=00;36:*.m4a=00;36:*.mid=00;36:*.midi=00;36:*.mka=00;36:*.mp3=00;36:*.mpc=00;36:*.ogg=00;36:*.ra=00;36:*.wav=00;36:*.oga=00;36:*.opus=00;36:*.spx=00;36:*.xspf=00;36:'), ('AMENT_PREFIX_PATH', '/home/kishu/roboticslab-technical-project/ros2_ws/install/robotiq_85_driver:/home/kishu/roboticslab-technical-project/ros2_ws/install/robotiq_85_msgs:/home/kishu/roboticslab-technical-project/ros2_ws/install/robotiq_85_description:/opt/ros/humble'), ('SHELL', '/bin/bash'), ('LESSCLOSE', '/usr/bin/lesspipe %s %s'), ('PWD', '/home/kishu/roboticslab-technical-project/ros2_ws/build/robotiq_85_gripper'), ('TURTLEBOT3_MODEL', 'waffle_pi'), ('XDG_DATA_DIRS', '/usr/local/share:/usr/share:/var/lib/snapd/desktop'), ('PYTHONPATH', '/home/kishu/roboticslab-technical-project/ros2_ws/build/robotiq_85_driver:/home/kishu/roboticslab-technical-project/ros2_ws/install/robotiq_85_driver/lib/python3.10/site-packages:/home/kishu/roboticslab-technical-project/ros2_ws/install/robotiq_85_msgs/local/lib/python3.10/dist-packages:/opt/ros/humble/lib/python3.10/site-packages:/opt/ros/humble/local/lib/python3.10/dist-packages'), ('COLCON', '1'), ('WSL2_GUI_APPS_ENABLED', '1'), ('HOSTTYPE', 'x86_64'), ('WSLENV', ''), ('CMAKE_PREFIX_PATH', '/home/kishu/roboticslab-technical-project/ros2_ws/install/robotiq_85_msgs:/home/kishu/roboticslab-technical-project/ros2_ws/install/robotiq_85_description:/opt/ros/humble')]), 'shell': False}
[4.429369] (-) TimerEvent: {}
[4.451718] (robotiq_85_gripper) CommandEnded: {'returncode': 0}
[4.454694] (robotiq_85_gripper) JobProgress: {'identifier': 'robotiq_85_gripper', 'progress': 'install'}
[4.456355] (robotiq_85_gripper) Command: {'cmd': ['/usr/bin/cmake', '--install', '/home/kishu/roboticslab-technical-project/ros2_ws/build/robotiq_85_gripper'], 'cwd': '/home/kishu/roboticslab-technical-project/ros2_ws/build/robotiq_85_gripper', 'env': OrderedDict([('LESSOPEN', '| /usr/bin/lesspipe %s'), ('USER', 'kishu'), ('SHLVL', '1'), ('LD_LIBRARY_PATH', '/home/kishu/roboticslab-technical-project/ros2_ws/install/robotiq_85_msgs/lib:/usr/lib/x86_64-linux-gnu/gazebo-11/plugins:/opt/ros/humble/opt/rviz_ogre_vendor/lib:/opt/ros/humble/lib/x86_64-linux-gnu:/opt/ros/humble/lib'), ('HOME', '/home/kishu'), ('OLDPWD', '/home/kishu'), ('ROS_PYTHON_VERSION', '3'), ('DBUS_SESSION_BUS_ADDRESS', 'unix:path=/run/user/1000/bus'), ('WSL_DISTRO_NAME', 'Ubuntu-22.04'), ('WAYLAND_DISPLAY', 'wayland-0'), ('ROS_DISTRO', 'humble'), ('LOGNAME', 'kishu'), ('NAME', 'DESKTOP-07TM2Q3'), ('WSL_INTEROP', '/run/WSL/358_interop'), ('PULSE_SERVER', 'unix:/mnt/wslg/PulseServer'), ('_', '/usr/bin/colcon'), ('ROS_VERSION', '2'), ('TERM', 'xterm-256color'), ('GAZEBO_MODEL_PATH', '/home/kishu/roboticslab-technical-project/models::/opt/ros/humble/share/turtlebot3_gazebo/models'), ('ROS_LOCALHOST_ONLY', '0'), ('PATH', '/home/kishu/.local/bin:/opt/ros/humble/bin:/usr/local/sbin:/usr/local/bin:/usr/sbin:/usr/bin:/sbin:/bin:/usr/games:/usr/local/games:/usr/lib/wsl/lib:/mnt/c/Program Files/WindowsApps/CanonicalGroupLimited.Ubuntu22.04LTS_2204.5.10021.0_x64__79rhkp1fndgsc:/mnt/c/Windows/system32:/mnt/c/Windows:/mnt/c/Windows/System32/Wbem:/mnt/c/Windows/System32/WindowsPowerShell/v1.0/:/mnt/c/Windows/System32/OpenSSH/:/mnt/c/Program Files/Git/cmd:/mnt/c/Users/Mohamad/AppData/Local/Microsoft/WindowsApps:/mnt/c/Users/Mohamad/AppData/Local/Programs/Microsoft VS Code/bin:/mnt/c/Users/Mohamad/AppData/Local/GitHubDesktop/bin:/snap/bin'), ('XDG_RUNTIME_DIR', '/run/user/1000/'), ('DISPLAY', ':0'), ('LANG', 'C.UTF-8'), ('LS_COLORS', 'rs=0:di=01;34:ln=01;36:mh=00:pi=40;33:so=01;35:do=01;35:bd=40;33;01:cd=40;33;01:or=40;31;01:mi=00:su=37;41:sg=30;43:ca=30;41:tw=30;42:ow=34;42:st=37;44:ex=01;32:*.tar=01;31:*.tgz=01;31:*.arc=01;31:*.arj=01;31:*.taz=01;31:*.lha=01;31:*.lz4=01;31:*.lzh=01;31:*.lzma=01;31:*.tlz=01;31:*.txz=01;31:*.tzo=01;31:*.t7z=01;31:*.zip=01;31:*.z=01;31:*.dz=01;31:*.gz=01;31:*.lrz=01;31:*.lz=01;31:*.lzo=01;31:*.xz=01;31:*.zst=01;31:*.tzst=01;31:*.bz2=01;31:*.bz=01;31:*.tbz=01;31:*.tbz2=01;31:*.tz=01;31:*.deb=01;31:*.rpm=01;31:*.jar=01;31:*.war=01;31:*.ear=01;31:*.sar=01;31:*.rar=01;31:*.alz=01;31:*.ace=01;31:*.zoo=01;31:*.cpio=01;31:*.7z=01;31:*.rz=01;31:*.cab=01;31:*.wim=01;31:*.swm=01;31:*.dwm=01;31:*.esd=01;31:*.jpg=01;35:*.jpeg=01;35:*.mjpg=01;35:*.mjpeg=01;35:*.gif=01;35:*.bmp=01;35:*.pbm=01;35:*.pgm=01;35:*.ppm=01;35:*.tga=01;35:*.xbm=01;35:*.xpm=01;35:*.tif=01;35:*.tiff=01;35:*.png=01;35:*.svg=01;35:*.svgz=01;35:*.mng=01;35:*.pcx=01;35:*.mov=01;35:*.mpg=01;35:*.mpeg=01;35:*.m2v=01;35:*.mkv=01;35:*.webm=01;35:*.webp=01;35:*.ogm=01;35:*.mp4=01;35:*.m4v=01;35:*.mp4v=01;35:*.vob=01;35:*.qt=01;35:*.nuv=01;35:*.wmv=01;35:*.asf=01;35:*.rm=01;35:*.rmvb=01;35:*.flc=01;35:*.avi=01;35:*.fli=01;35:*.flv=01;35:*.gl=01;35:*.dl=01;35:*.xcf=01;35:*.xwd=01;35:*.yuv=01;35:*.cgm=01;35:*.emf=01;35:*.ogv=01;35:*.ogx=01;35:*.aac=00;36:*.au=00;36:*.flac=00;36:*.m4a=00;36:*.mid=00;36:*.midi=00;36:*.mka=00;36:*.mp3=00;36:*.mpc=00;36:*.ogg=00;36:*.ra=00;36:*.wav=00;36:*.oga=00;36:*.opus=00;36:*.spx=00;36:*.xspf=00;36:'), ('AMENT_PREFIX_PATH', '/home/kishu/roboticslab-technical-project/ros2_ws/install/robotiq_85_driver:/home/kishu/roboticslab-technical-project/ros2_ws/install/robotiq_85_msgs:/home/kishu/roboticslab-technical-project/ros2_ws/install/robotiq_85_description:/opt/ros/humble'), ('SHELL', '/bin/bash'), ('LESSCLOSE', '/usr/bin/lesspipe %s %s'), ('PWD', '/home/kishu/roboticslab-technical-project/ros2_ws/build/robotiq_85_gripper'), ('TURTLEBOT3_MODEL', 'waffle_pi'), ('XDG_DATA_DIRS', '/usr/local/share:/usr/share:/var/lib/snapd/desktop'), ('PYTHONPATH', '/home/kishu/roboticslab-technical-project/ros2_ws/build/robotiq_85_driver:/home/kishu/roboticslab-technical-project/ros2_ws/install/robotiq_85_driver/lib/python3.10/site-packages:/home/kishu/roboticslab-technical-project/ros2_ws/install/robotiq_85_msgs/local/lib/python3.10/dist-packages:/opt/ros/humble/lib/python3.10/site-packages:/opt/ros/humble/local/lib/python3.10/dist-packages'), ('COLCON', '1'), ('WSL2_GUI_APPS_ENABLED', '1'), ('HOSTTYPE', 'x86_64'), ('WSLENV', ''), ('CMAKE_PREFIX_PATH', '/home/kishu/roboticslab-technical-project/ros2_ws/install/robotiq_85_msgs:/home/kishu/roboticslab-technical-project/ros2_ws/install/robotiq_85_description:/opt/ros/humble')]), 'shell': False}
[4.467234] (robotiq_85_gripper) StdoutLine: {'line': b'-- Install configuration: ""\n'}
[4.469023] (robotiq_85_gripper) StdoutLine: {'line': b'-- Execute custom install script\n'}
[4.472137] (robotiq_85_gripper) StdoutLine: {'line': b'-- Up-to-date symlink: /home/kishu/roboticslab-technical-project/ros2_ws/install/robotiq_85_gripper/share/ament_index/resource_index/package_run_dependencies/robotiq_85_gripper\n'}
[4.473514] (robotiq_85_gripper) StdoutLine: {'line': b'-- Up-to-date symlink: /home/kishu/roboticslab-technical-project/ros2_ws/install/robotiq_85_gripper/share/ament_index/resource_index/parent_prefix_path/robotiq_85_gripper\n'}
[4.475495] (robotiq_85_gripper) StdoutLine: {'line': b'-- Up-to-date symlink: /home/kishu/roboticslab-technical-project/ros2_ws/install/robotiq_85_gripper/share/robotiq_85_gripper/environment/ament_prefix_path.sh\n'}
[4.476436] (robotiq_85_gripper) StdoutLine: {'line': b'-- Up-to-date symlink: /home/kishu/roboticslab-technical-project/ros2_ws/install/robotiq_85_gripper/share/robotiq_85_gripper/environment/ament_prefix_path.dsv\n'}
[4.477279] (robotiq_85_gripper) StdoutLine: {'line': b'-- Up-to-date symlink: /home/kishu/roboticslab-technical-project/ros2_ws/install/robotiq_85_gripper/share/robotiq_85_gripper/environment/path.sh\n'}
[4.478156] (robotiq_85_gripper) StdoutLine: {'line': b'-- Up-to-date symlink: /home/kishu/roboticslab-technical-project/ros2_ws/install/robotiq_85_gripper/share/robotiq_85_gripper/environment/path.dsv\n'}
[4.478982] (robotiq_85_gripper) StdoutLine: {'line': b'-- Up-to-date symlink: /home/kishu/roboticslab-technical-project/ros2_ws/install/robotiq_85_gripper/share/robotiq_85_gripper/local_setup.bash\n'}
[4.479825] (robotiq_85_gripper) StdoutLine: {'line': b'-- Up-to-date symlink: /home/kishu/roboticslab-technical-project/ros2_ws/install/robotiq_85_gripper/share/robotiq_85_gripper/local_setup.sh\n'}
[4.480655] (robotiq_85_gripper) StdoutLine: {'line': b'-- Up-to-date symlink: /home/kishu/roboticslab-technical-project/ros2_ws/install/robotiq_85_gripper/share/robotiq_85_gripper/local_setup.zsh\n'}
[4.481453] (robotiq_85_gripper) StdoutLine: {'line': b'-- Up-to-date symlink: /home/kishu/roboticslab-technical-project/ros2_ws/install/robotiq_85_gripper/share/robotiq_85_gripper/local_setup.dsv\n'}
[4.481747] (robotiq_85_gripper) StdoutLine: {'line': b'-- Symlinking: /home/kishu/roboticslab-technical-project/ros2_ws/install/robotiq_85_gripper/share/robotiq_85_gripper/package.dsv\n'}
[4.494910] (robotiq_85_gripper) StdoutLine: {'line': b'-- Up-to-date symlink: /home/kishu/roboticslab-technical-project/ros2_ws/install/robotiq_85_gripper/share/ament_index/resource_index/packages/robotiq_85_gripper\n'}
[4.495926] (robotiq_85_gripper) StdoutLine: {'line': b'-- Up-to-date symlink: /home/kishu/roboticslab-technical-project/ros2_ws/install/robotiq_85_gripper/share/robotiq_85_gripper/cmake/robotiq_85_gripperConfig.cmake\n'}
[4.496625] (robotiq_85_gripper) StdoutLine: {'line': b'-- Up-to-date symlink: /home/kishu/roboticslab-technical-project/ros2_ws/install/robotiq_85_gripper/share/robotiq_85_gripper/cmake/robotiq_85_gripperConfig-version.cmake\n'}
[4.497525] (robotiq_85_gripper) StdoutLine: {'line': b'-- Up-to-date symlink: /home/kishu/roboticslab-technical-project/ros2_ws/install/robotiq_85_gripper/share/robotiq_85_gripper/package.xml\n'}
[4.501030] (robotiq_85_gripper) CommandEnded: {'returncode': 0}
[4.522310] (robotiq_85_gripper) JobEnded: {'identifier': 'robotiq_85_gripper', 'rc': 0}
[4.524581] (-) EventReactorShutdown: {}
