[0.000000] (-) TimerEvent: {}
[0.000569] (gazebo_ros_link_attacher) JobQueued: {'identifier': 'gazebo_ros_link_attacher', 'dependencies': OrderedDict()}
[0.000675] (multi_robot_coop) JobQueued: {'identifier': 'multi_robot_coop', 'dependencies': OrderedDict()}
[0.000721] (robotiq_85_description) JobQueued: {'identifier': 'robotiq_85_description', 'dependencies': OrderedDict()}
[0.000750] (robotiq_85_msgs) JobQueued: {'identifier': 'robotiq_85_msgs', 'dependencies': OrderedDict()}
[0.000780] (robotiq_85_driver) JobQueued: {'identifier': 'robotiq_85_driver', 'dependencies': OrderedDict([('robotiq_85_msgs', '/home/kishu/roboticslab-technical-project/ros2_ws/install/robotiq_85_msgs')])}
[0.000869] (robotiq_85_gripper) JobQueued: {'identifier': 'robotiq_85_gripper', 'dependencies': OrderedDict([('robotiq_85_description', '/home/kishu/roboticslab-technical-project/ros2_ws/install/robotiq_85_description'), ('robotiq_85_msgs', '/home/kishu/roboticslab-technical-project/ros2_ws/install/robotiq_85_msgs'), ('robotiq_85_driver', '/home/kishu/roboticslab-technical-project/ros2_ws/install/robotiq_85_driver')])}
[0.000905] (robotiq_85_msgs) JobStarted: {'identifier': 'robotiq_85_msgs'}
[0.019545] (robotiq_85_description) JobStarted: {'identifier': 'robotiq_85_description'}
[0.025432] (gazebo_ros_link_attacher) JobStarted: {'identifier': 'gazebo_ros_link_attacher'}
[0.032772] (multi_robot_coop) JobStarted: {'identifier': 'multi_robot_coop'}
[0.049759] (robotiq_85_msgs) JobProgress: {'identifier': 'robotiq_85_msgs', 'progress': 'cmake'}
[0.052665] (robotiq_85_msgs) JobProgress: {'identifier': 'robotiq_85_msgs', 'progress': 'build'}
[0.053938] (robotiq_85_msgs) Command: {'cmd': ['/usr/bin/cmake', '--build', '/home/kishu/roboticslab-technical-project/ros2_ws/build/robotiq_85_msgs', '--', '-j4', '-l4'], 'cwd': '/home/kishu/roboticslab-technical-project/ros2_ws/build/robotiq_85_msgs', 'env': OrderedDict([('LESSOPEN', '| /usr/bin/lesspipe %s'), ('USER', 'kishu'), ('SHLVL', '1'), ('LD_LIBRARY_PATH', '/usr/lib/x86_64-linux-gnu/gazebo-11/plugins:/opt/ros/humble/opt/rviz_ogre_vendor/lib:/opt/ros/humble/lib/x86_64-linux-gnu:/opt/ros/humble/lib'), ('HOME', '/home/kishu'), ('OLDPWD', '/home/kishu'), ('ROS_PYTHON_VERSION', '3'), ('DBUS_SESSION_BUS_ADDRESS', 'unix:path=/run/user/1000/bus'), ('WSL_DISTRO_NAME', 'Ubuntu-22.04'), ('WAYLAND_DISPLAY', 'wayland-0'), ('ROS_DISTRO', 'humble'), ('LOGNAME', 'kishu'), ('NAME', 'DESKTOP-07TM2Q3'), ('WSL_INTEROP', '/run/WSL/347_interop'), ('PULSE_SERVER', 'unix:/mnt/wslg/PulseServer'), ('_', '/usr/bin/colcon'), ('ROS_VERSION', '2'), ('TERM', 'xterm-256color'), ('GAZEBO_MODEL_PATH', '/home/kishu/roboticslab-technical-project/models::/opt/ros/humble/share/turtlebot3_gazebo/models'), ('ROS_LOCALHOST_ONLY', '0'), ('PATH', '/home/kishu/.local/bin:/opt/ros/humble/bin:/usr/local/sbin:/usr/local/bin:/usr/sbin:/usr/bin:/sbin:/bin:/usr/games:/usr/local/games:/usr/lib/wsl/lib:/mnt/c/Program Files/WindowsApps/CanonicalGroupLimited.Ubuntu22.04LTS_2204.5.10021.0_x64__79rhkp1fndgsc:/mnt/c/Windows/system32:/mnt/c/Windows:/mnt/c/Windows/System32/Wbem:/mnt/c/Windows/System32/WindowsPowerShell/v1.0/:/mnt/c/Windows/System32/OpenSSH/:/mnt/c/Program Files/Git/cmd:/mnt/c/Users/Mohamad/AppData/Local/Microsoft/WindowsApps:/mnt/c/Users/Mohamad/AppData/Local/Programs/Microsoft VS Code/bin:/mnt/c/Users/Mohamad/AppData/Local/GitHubDesktop/bin:/snap/bin'), ('XDG_RUNTIME_DIR', '/run/user/1000/'), ('DISPLAY', ':0'), ('LANG', 'C.UTF-8'), ('LS_COLORS', 'rs=0:di=01;34:ln=01;36:mh=00:pi=40;33:so=01;35:do=01;35:bd=40;33;01:cd=40;33;01:or=40;31;01:mi=00:su=37;41:sg=30;43:ca=30;41:tw=30;42:ow=34;42:st=37;44:ex=01;32:*.tar=01;31:*.tgz=01;31:*.arc=01;31:*.arj=01;31:*.taz=01;31:*.lha=01;31:*.lz4=01;31:*.lzh=01;31:*.lzma=01;31:*.tlz=01;31:*.txz=01;31:*.tzo=01;31:*.t7z=01;31:*.zip=01;31:*.z=01;31:*.dz=01;31:*.gz=01;31:*.lrz=01;31:*.lz=01;31:*.lzo=01;31:*.xz=01;31:*.zst=01;31:*.tzst=01;31:*.bz2=01;31:*.bz=01;31:*.tbz=01;31:*.tbz2=01;31:*.tz=01;31:*.deb=01;31:*.rpm=01;31:*.jar=01;31:*.war=01;31:*.ear=01;31:*.sar=01;31:*.rar=01;31:*.alz=01;31:*.ace=01;31:*.zoo=01;31:*.cpio=01;31:*.7z=01;31:*.rz=01;31:*.cab=01;31:*.wim=01;31:*.swm=01;31:*.dwm=01;31:*.esd=01;31:*.jpg=01;35:*.jpeg=01;35:*.mjpg=01;35:*.mjpeg=01;35:*.gif=01;35:*.bmp=01;35:*.pbm=01;35:*.pgm=01;35:*.ppm=01;35:*.tga=01;35:*.xbm=01;35:*.xpm=01;35:*.tif=01;35:*.tiff=01;35:*.png=01;35:*.svg=01;35:*.svgz=01;35:*.mng=01;35:*.pcx=01;35:*.mov=01;35:*.mpg=01;35:*.mpeg=01;35:*.m2v=01;35:*.mkv=01;35:*.webm=01;35:*.webp=01;35:*.ogm=01;35:*.mp4=01;35:*.m4v=01;35:*.mp4v=01;35:*.vob=01;35:*.qt=01;35:*.nuv=01;35:*.wmv=01;35:*.asf=01;35:*.rm=01;35:*.rmvb=01;35:*.flc=01;35:*.avi=01;35:*.fli=01;35:*.flv=01;35:*.gl=01;35:*.dl=01;35:*.xcf=01;35:*.xwd=01;35:*.yuv=01;35:*.cgm=01;35:*.emf=01;35:*.ogv=01;35:*.ogx=01;35:*.aac=00;36:*.au=00;36:*.flac=00;36:*.m4a=00;36:*.mid=00;36:*.midi=00;36:*.mka=00;36:*.mp3=00;36:*.mpc=00;36:*.ogg=00;36:*.ra=00;36:*.wav=00;36:*.oga=00;36:*.opus=00;36:*.spx=00;36:*.xspf=00;36:'), ('AMENT_PREFIX_PATH', '/opt/ros/humble'), ('SHELL', '/bin/bash'), ('LESSCLOSE', '/usr/bin/lesspipe %s %s'), ('PWD', '/home/kishu/roboticslab-technical-project/ros2_ws/build/robotiq_85_msgs'), ('TURTLEBOT3_MODEL', 'waffle_pi'), ('XDG_DATA_DIRS', '/usr/local/share:/usr/share:/var/lib/snapd/desktop'), ('PYTHONPATH', '/opt/ros/humble/lib/python3.10/site-packages:/opt/ros/humble/local/lib/python3.10/dist-packages'), ('COLCON', '1'), ('WSL2_GUI_APPS_ENABLED', '1'), ('HOSTTYPE', 'x86_64'), ('WSLENV', ''), ('CMAKE_PREFIX_PATH', '/opt/ros/humble')]), 'shell': False}
[0.059599] (robotiq_85_description) JobProgress: {'identifier': 'robotiq_85_description', 'progress': 'cmake'}
[0.061618] (robotiq_85_description) JobProgress: {'identifier': 'robotiq_85_description', 'progress': 'build'}
[0.062961] (robotiq_85_description) Command: {'cmd': ['/usr/bin/cmake', '--build', '/home/kishu/roboticslab-technical-project/ros2_ws/build/robotiq_85_description', '--', '-j4', '-l4'], 'cwd': '/home/kishu/roboticslab-technical-project/ros2_ws/build/robotiq_85_description', 'env': OrderedDict([('LESSOPEN', '| /usr/bin/lesspipe %s'), ('USER', 'kishu'), ('SHLVL', '1'), ('LD_LIBRARY_PATH', '/usr/lib/x86_64-linux-gnu/gazebo-11/plugins:/opt/ros/humble/opt/rviz_ogre_vendor/lib:/opt/ros/humble/lib/x86_64-linux-gnu:/opt/ros/humble/lib'), ('HOME', '/home/kishu'), ('OLDPWD', '/home/kishu'), ('ROS_PYTHON_VERSION', '3'), ('DBUS_SESSION_BUS_ADDRESS', 'unix:path=/run/user/1000/bus'), ('WSL_DISTRO_NAME', 'Ubuntu-22.04'), ('WAYLAND_DISPLAY', 'wayland-0'), ('ROS_DISTRO', 'humble'), ('LOGNAME', 'kishu'), ('NAME', 'DESKTOP-07TM2Q3'), ('WSL_INTEROP', '/run/WSL/347_interop'), ('PULSE_SERVER', 'unix:/mnt/wslg/PulseServer'), ('_', '/usr/bin/colcon'), ('ROS_VERSION', '2'), ('TERM', 'xterm-256color'), ('GAZEBO_MODEL_PATH', '/home/kishu/roboticslab-technical-project/models::/opt/ros/humble/share/turtlebot3_gazebo/models'), ('ROS_LOCALHOST_ONLY', '0'), ('PATH', '/home/kishu/.local/bin:/opt/ros/humble/bin:/usr/local/sbin:/usr/local/bin:/usr/sbin:/usr/bin:/sbin:/bin:/usr/games:/usr/local/games:/usr/lib/wsl/lib:/mnt/c/Program Files/WindowsApps/CanonicalGroupLimited.Ubuntu22.04LTS_2204.5.10021.0_x64__79rhkp1fndgsc:/mnt/c/Windows/system32:/mnt/c/Windows:/mnt/c/Windows/System32/Wbem:/mnt/c/Windows/System32/WindowsPowerShell/v1.0/:/mnt/c/Windows/System32/OpenSSH/:/mnt/c/Program Files/Git/cmd:/mnt/c/Users/Mohamad/AppData/Local/Microsoft/WindowsApps:/mnt/c/Users/Mohamad/AppData/Local/Programs/Microsoft VS Code/bin:/mnt/c/Users/Mohamad/AppData/Local/GitHubDesktop/bin:/snap/bin'), ('XDG_RUNTIME_DIR', '/run/user/1000/'), ('DISPLAY', ':0'), ('LANG', 'C.UTF-8'), ('LS_COLORS', 'rs=0:di=01;34:ln=01;36:mh=00:pi=40;33:so=01;35:do=01;35:bd=40;33;01:cd=40;33;01:or=40;31;01:mi=00:su=37;41:sg=30;43:ca=30;41:tw=30;42:ow=34;42:st=37;44:ex=01;32:*.tar=01;31:*.tgz=01;31:*.arc=01;31:*.arj=01;31:*.taz=01;31:*.lha=01;31:*.lz4=01;31:*.lzh=01;31:*.lzma=01;31:*.tlz=01;31:*.txz=01;31:*.tzo=01;31:*.t7z=01;31:*.zip=01;31:*.z=01;31:*.dz=01;31:*.gz=01;31:*.lrz=01;31:*.lz=01;31:*.lzo=01;31:*.xz=01;31:*.zst=01;31:*.tzst=01;31:*.bz2=01;31:*.bz=01;31:*.tbz=01;31:*.tbz2=01;31:*.tz=01;31:*.deb=01;31:*.rpm=01;31:*.jar=01;31:*.war=01;31:*.ear=01;31:*.sar=01;31:*.rar=01;31:*.alz=01;31:*.ace=01;31:*.zoo=01;31:*.cpio=01;31:*.7z=01;31:*.rz=01;31:*.cab=01;31:*.wim=01;31:*.swm=01;31:*.dwm=01;31:*.esd=01;31:*.jpg=01;35:*.jpeg=01;35:*.mjpg=01;35:*.mjpeg=01;35:*.gif=01;35:*.bmp=01;35:*.pbm=01;35:*.pgm=01;35:*.ppm=01;35:*.tga=01;35:*.xbm=01;35:*.xpm=01;35:*.tif=01;35:*.tiff=01;35:*.png=01;35:*.svg=01;35:*.svgz=01;35:*.mng=01;35:*.pcx=01;35:*.mov=01;35:*.mpg=01;35:*.mpeg=01;35:*.m2v=01;35:*.mkv=01;35:*.webm=01;35:*.webp=01;35:*.ogm=01;35:*.mp4=01;35:*.m4v=01;35:*.mp4v=01;35:*.vob=01;35:*.qt=01;35:*.nuv=01;35:*.wmv=01;35:*.asf=01;35:*.rm=01;35:*.rmvb=01;35:*.flc=01;35:*.avi=01;35:*.fli=01;35:*.flv=01;35:*.gl=01;35:*.dl=01;35:*.xcf=01;35:*.xwd=01;35:*.yuv=01;35:*.cgm=01;35:*.emf=01;35:*.ogv=01;35:*.ogx=01;35:*.aac=00;36:*.au=00;36:*.flac=00;36:*.m4a=00;36:*.mid=00;36:*.midi=00;36:*.mka=00;36:*.mp3=00;36:*.mpc=00;36:*.ogg=00;36:*.ra=00;36:*.wav=00;36:*.oga=00;36:*.opus=00;36:*.spx=00;36:*.xspf=00;36:'), ('AMENT_PREFIX_PATH', '/opt/ros/humble'), ('SHELL', '/bin/bash'), ('LESSCLOSE', '/usr/bin/lesspipe %s %s'), ('PWD', '/home/kishu/roboticslab-technical-project/ros2_ws/build/robotiq_85_description'), ('TURTLEBOT3_MODEL', 'waffle_pi'), ('XDG_DATA_DIRS', '/usr/local/share:/usr/share:/var/lib/snapd/desktop'), ('PYTHONPATH', '/opt/ros/humble/lib/python3.10/site-packages:/opt/ros/humble/local/lib/python3.10/dist-packages'), ('COLCON', '1'), ('WSL2_GUI_APPS_ENABLED', '1'), ('HOSTTYPE', 'x86_64'), ('WSLENV', ''), ('CMAKE_PREFIX_PATH', '/opt/ros/humble')]), 'shell': False}
[0.064909] (gazebo_ros_link_attacher) JobProgress: {'identifier': 'gazebo_ros_link_attacher', 'progress': 'cmake'}
[0.069451] (gazebo_ros_link_attacher) JobProgress: {'identifier': 'gazebo_ros_link_attacher', 'progress': 'build'}
[0.071473] (gazebo_ros_link_attacher) Command: {'cmd': ['/usr/bin/cmake', '--build', '/home/kishu/roboticslab-technical-project/ros2_ws/build/gazebo_ros_link_attacher', '--', '-j4', '-l4'], 'cwd': '/home/kishu/roboticslab-technical-project/ros2_ws/build/gazebo_ros_link_attacher', 'env': OrderedDict([('LESSOPEN', '| /usr/bin/lesspipe %s'), ('USER', 'kishu'), ('SHLVL', '1'), ('LD_LIBRARY_PATH', '/usr/lib/x86_64-linux-gnu/gazebo-11/plugins:/opt/ros/humble/opt/rviz_ogre_vendor/lib:/opt/ros/humble/lib/x86_64-linux-gnu:/opt/ros/humble/lib'), ('HOME', '/home/kishu'), ('OLDPWD', '/home/kishu'), ('ROS_PYTHON_VERSION', '3'), ('DBUS_SESSION_BUS_ADDRESS', 'unix:path=/run/user/1000/bus'), ('WSL_DISTRO_NAME', 'Ubuntu-22.04'), ('WAYLAND_DISPLAY', 'wayland-0'), ('ROS_DISTRO', 'humble'), ('LOGNAME', 'kishu'), ('NAME', 'DESKTOP-07TM2Q3'), ('WSL_INTEROP', '/run/WSL/347_interop'), ('PULSE_SERVER', 'unix:/mnt/wslg/PulseServer'), ('_', '/usr/bin/colcon'), ('ROS_VERSION', '2'), ('TERM', 'xterm-256color'), ('GAZEBO_MODEL_PATH', '/home/kishu/roboticslab-technical-project/models::/opt/ros/humble/share/turtlebot3_gazebo/models'), ('ROS_LOCALHOST_ONLY', '0'), ('PATH', '/home/kishu/.local/bin:/opt/ros/humble/bin:/usr/local/sbin:/usr/local/bin:/usr/sbin:/usr/bin:/sbin:/bin:/usr/games:/usr/local/games:/usr/lib/wsl/lib:/mnt/c/Program Files/WindowsApps/CanonicalGroupLimited.Ubuntu22.04LTS_2204.5.10021.0_x64__79rhkp1fndgsc:/mnt/c/Windows/system32:/mnt/c/Windows:/mnt/c/Windows/System32/Wbem:/mnt/c/Windows/System32/WindowsPowerShell/v1.0/:/mnt/c/Windows/System32/OpenSSH/:/mnt/c/Program Files/Git/cmd:/mnt/c/Users/Mohamad/AppData/Local/Microsoft/WindowsApps:/mnt/c/Users/Mohamad/AppData/Local/Programs/Microsoft VS Code/bin:/mnt/c/Users/Mohamad/AppData/Local/GitHubDesktop/bin:/snap/bin'), ('XDG_RUNTIME_DIR', '/run/user/1000/'), ('DISPLAY', ':0'), ('LANG', 'C.UTF-8'), ('LS_COLORS', 'rs=0:di=01;34:ln=01;36:mh=00:pi=40;33:so=01;35:do=01;35:bd=40;33;01:cd=40;33;01:or=40;31;01:mi=00:su=37;41:sg=30;43:ca=30;41:tw=30;42:ow=34;42:st=37;44:ex=01;32:*.tar=01;31:*.tgz=01;31:*.arc=01;31:*.arj=01;31:*.taz=01;31:*.lha=01;31:*.lz4=01;31:*.lzh=01;31:*.lzma=01;31:*.tlz=01;31:*.txz=01;31:*.tzo=01;31:*.t7z=01;31:*.zip=01;31:*.z=01;31:*.dz=01;31:*.gz=01;31:*.lrz=01;31:*.lz=01;31:*.lzo=01;31:*.xz=01;31:*.zst=01;31:*.tzst=01;31:*.bz2=01;31:*.bz=01;31:*.tbz=01;31:*.tbz2=01;31:*.tz=01;31:*.deb=01;31:*.rpm=01;31:*.jar=01;31:*.war=01;31:*.ear=01;31:*.sar=01;31:*.rar=01;31:*.alz=01;31:*.ace=01;31:*.zoo=01;31:*.cpio=01;31:*.7z=01;31:*.rz=01;31:*.cab=01;31:*.wim=01;31:*.swm=01;31:*.dwm=01;31:*.esd=01;31:*.jpg=01;35:*.jpeg=01;35:*.mjpg=01;35:*.mjpeg=01;35:*.gif=01;35:*.bmp=01;35:*.pbm=01;35:*.pgm=01;35:*.ppm=01;35:*.tga=01;35:*.xbm=01;35:*.xpm=01;35:*.tif=01;35:*.tiff=01;35:*.png=01;35:*.svg=01;35:*.svgz=01;35:*.mng=01;35:*.pcx=01;35:*.mov=01;35:*.mpg=01;35:*.mpeg=01;35:*.m2v=01;35:*.mkv=01;35:*.webm=01;35:*.webp=01;35:*.ogm=01;35:*.mp4=01;35:*.m4v=01;35:*.mp4v=01;35:*.vob=01;35:*.qt=01;35:*.nuv=01;35:*.wmv=01;35:*.asf=01;35:*.rm=01;35:*.rmvb=01;35:*.flc=01;35:*.avi=01;35:*.fli=01;35:*.flv=01;35:*.gl=01;35:*.dl=01;35:*.xcf=01;35:*.xwd=01;35:*.yuv=01;35:*.cgm=01;35:*.emf=01;35:*.ogv=01;35:*.ogx=01;35:*.aac=00;36:*.au=00;36:*.flac=00;36:*.m4a=00;36:*.mid=00;36:*.midi=00;36:*.mka=00;36:*.mp3=00;36:*.mpc=00;36:*.ogg=00;36:*.ra=00;36:*.wav=00;36:*.oga=00;36:*.opus=00;36:*.spx=00;36:*.xspf=00;36:'), ('AMENT_PREFIX_PATH', '/opt/ros/humble'), ('SHELL', '/bin/bash'), ('LESSCLOSE', '/usr/bin/lesspipe %s %s'), ('PWD', '/home/kishu/roboticslab-technical-project/ros2_ws/build/gazebo_ros_link_attacher'), ('TURTLEBOT3_MODEL', 'waffle_pi'), ('XDG_DATA_DIRS', '/usr/local/share:/usr/share:/var/lib/snapd/desktop'), ('PYTHONPATH', '/opt/ros/humble/lib/python3.10/site-packages:/opt/ros/humble/local/lib/python3.10/dist-packages'), ('COLCON', '1'), ('WSL2_GUI_APPS_ENABLED', '1'), ('HOSTTYPE', 'x86_64'), ('WSLENV', ''), ('CMAKE_PREFIX_PATH', '/opt/ros/humble')]), 'shell': False}
[0.098402] (-) TimerEvent: {}
[0.198856] (-) TimerEvent: {}
[0.290246] (robotiq_85_msgs) StdoutLine: {'line': b'[  2%] Built target robotiq_85_msgs__cpp\n'}
[0.300929] (robotiq_85_msgs) StdoutLine: {'line': b'[  2%] Built target ament_cmake_python_symlink_robotiq_85_msgs\n'}
[0.301265] (-) TimerEvent: {}
[0.342308] (gazebo_ros_link_attacher) StdoutLine: {'line': b'[  3%] Built target gazebo_ros_link_attacher__cpp\n'}
[0.380477] (robotiq_85_msgs) StdoutLine: {'line': b'[ 12%] Built target robotiq_85_msgs__rosidl_generator_c\n'}
[0.381834] (gazebo_ros_link_attacher) StdoutLine: {'line': b'[  3%] Built target ament_cmake_python_symlink_gazebo_ros_link_attacher\n'}
[0.383335] (gazebo_ros_link_attacher) StdoutLine: {'line': b'[ 12%] Built target gazebo_ros_link_attacher__rosidl_generator_c\n'}
[0.401448] (-) TimerEvent: {}
[0.476040] (robotiq_85_msgs) StdoutLine: {'line': b'[ 23%] Built target robotiq_85_msgs__rosidl_typesupport_introspection_cpp\n'}
[0.486199] (gazebo_ros_link_attacher) StdoutLine: {'line': b'[ 21%] Built target gazebo_ros_link_attacher__rosidl_typesupport_cpp\n'}
[0.488407] (gazebo_ros_link_attacher) StdoutLine: {'line': b'[ 30%] Built target gazebo_ros_link_attacher__rosidl_typesupport_fastrtps_cpp\n'}
[0.490900] (robotiq_85_msgs) StdoutLine: {'line': b'[ 33%] Built target robotiq_85_msgs__rosidl_typesupport_fastrtps_cpp\n'}
[0.493562] (robotiq_85_msgs) StdoutLine: {'line': b'[ 43%] Built target robotiq_85_msgs__rosidl_typesupport_cpp\n'}
[0.500718] (gazebo_ros_link_attacher) StdoutLine: {'line': b'[ 39%] Built target gazebo_ros_link_attacher__rosidl_typesupport_introspection_cpp\n'}
[0.501490] (-) TimerEvent: {}
[0.504255] (gazebo_ros_link_attacher) StdoutLine: {'line': b'[ 48%] Built target gazebo_ros_link_attacher__rosidl_typesupport_fastrtps_c\n'}
[0.602186] (robotiq_85_msgs) StdoutLine: {'line': b'[ 53%] Built target robotiq_85_msgs__rosidl_typesupport_c\n'}
[0.602560] (-) TimerEvent: {}
[0.603195] (robotiq_85_msgs) StdoutLine: {'line': b'[ 64%] Built target robotiq_85_msgs__rosidl_typesupport_introspection_c\n'}
[0.612257] (gazebo_ros_link_attacher) StdoutLine: {'line': b'[ 57%] Built target gazebo_ros_link_attacher__rosidl_typesupport_introspection_c\n'}
[0.616039] (gazebo_ros_link_attacher) StdoutLine: {'line': b'[ 66%] Built target gazebo_ros_link_attacher__rosidl_typesupport_c\n'}
[0.630254] (robotiq_85_msgs) StdoutLine: {'line': b'[ 74%] Built target robotiq_85_msgs__rosidl_typesupport_fastrtps_c\n'}
[0.694714] (robotiq_85_msgs) StdoutLine: {'line': b'[ 74%] Built target robotiq_85_msgs\n'}
[0.702746] (-) TimerEvent: {}
[0.716574] (gazebo_ros_link_attacher) StdoutLine: {'line': b'[ 66%] Built target gazebo_ros_link_attacher\n'}
[0.789911] (gazebo_ros_link_attacher) StdoutLine: {'line': b'[ 69%] Built target gazebo_ros_link_attacher__py\n'}
[0.795124] (robotiq_85_msgs) StdoutLine: {'line': b'[ 76%] Built target robotiq_85_msgs__py\n'}
[0.802902] (-) TimerEvent: {}
[0.883591] (gazebo_ros_link_attacher) StdoutLine: {'line': b'[ 75%] Built target gazebo_ros_link_attacher__rosidl_generator_py\n'}
[0.883927] (robotiq_85_msgs) StdoutLine: {'line': b'[ 84%] Built target robotiq_85_msgs__rosidl_generator_py\n'}
[0.904856] (-) TimerEvent: {}
[0.982647] (robotiq_85_description) CommandEnded: {'returncode': 0}
[0.997585] (robotiq_85_description) JobProgress: {'identifier': 'robotiq_85_description', 'progress': 'install'}
[1.002376] (gazebo_ros_link_attacher) StdoutLine: {'line': b'[ 81%] Built target gazebo_ros_link_attacher__rosidl_typesupport_fastrtps_c__pyext\n'}
[1.004984] (-) TimerEvent: {}
[1.012418] (robotiq_85_msgs) StdoutLine: {'line': b'[ 89%] Built target robotiq_85_msgs__rosidl_typesupport_fastrtps_c__pyext\n'}
[1.014202] (robotiq_85_msgs) StdoutLine: {'line': b'[ 94%] Built target robotiq_85_msgs__rosidl_typesupport_introspection_c__pyext\n'}
[1.021623] (robotiq_85_msgs) StdoutLine: {'line': b'[100%] Built target robotiq_85_msgs__rosidl_typesupport_c__pyext\n'}
[1.042565] (robotiq_85_description) Command: {'cmd': ['/usr/bin/cmake', '--install', '/home/kishu/roboticslab-technical-project/ros2_ws/build/robotiq_85_description'], 'cwd': '/home/kishu/roboticslab-technical-project/ros2_ws/build/robotiq_85_description', 'env': OrderedDict([('LESSOPEN', '| /usr/bin/lesspipe %s'), ('USER', 'kishu'), ('SHLVL', '1'), ('LD_LIBRARY_PATH', '/usr/lib/x86_64-linux-gnu/gazebo-11/plugins:/opt/ros/humble/opt/rviz_ogre_vendor/lib:/opt/ros/humble/lib/x86_64-linux-gnu:/opt/ros/humble/lib'), ('HOME', '/home/kishu'), ('OLDPWD', '/home/kishu'), ('ROS_PYTHON_VERSION', '3'), ('DBUS_SESSION_BUS_ADDRESS', 'unix:path=/run/user/1000/bus'), ('WSL_DISTRO_NAME', 'Ubuntu-22.04'), ('WAYLAND_DISPLAY', 'wayland-0'), ('ROS_DISTRO', 'humble'), ('LOGNAME', 'kishu'), ('NAME', 'DESKTOP-07TM2Q3'), ('WSL_INTEROP', '/run/WSL/347_interop'), ('PULSE_SERVER', 'unix:/mnt/wslg/PulseServer'), ('_', '/usr/bin/colcon'), ('ROS_VERSION', '2'), ('TERM', 'xterm-256color'), ('GAZEBO_MODEL_PATH', '/home/kishu/roboticslab-technical-project/models::/opt/ros/humble/share/turtlebot3_gazebo/models'), ('ROS_LOCALHOST_ONLY', '0'), ('PATH', '/home/kishu/.local/bin:/opt/ros/humble/bin:/usr/local/sbin:/usr/local/bin:/usr/sbin:/usr/bin:/sbin:/bin:/usr/games:/usr/local/games:/usr/lib/wsl/lib:/mnt/c/Program Files/WindowsApps/CanonicalGroupLimited.Ubuntu22.04LTS_2204.5.10021.0_x64__79rhkp1fndgsc:/mnt/c/Windows/system32:/mnt/c/Windows:/mnt/c/Windows/System32/Wbem:/mnt/c/Windows/System32/WindowsPowerShell/v1.0/:/mnt/c/Windows/System32/OpenSSH/:/mnt/c/Program Files/Git/cmd:/mnt/c/Users/Mohamad/AppData/Local/Microsoft/WindowsApps:/mnt/c/Users/Mohamad/AppData/Local/Programs/Microsoft VS Code/bin:/mnt/c/Users/Mohamad/AppData/Local/GitHubDesktop/bin:/snap/bin'), ('XDG_RUNTIME_DIR', '/run/user/1000/'), ('DISPLAY', ':0'), ('LANG', 'C.UTF-8'), ('LS_COLORS', 'rs=0:di=01;34:ln=01;36:mh=00:pi=40;33:so=01;35:do=01;35:bd=40;33;01:cd=40;33;01:or=40;31;01:mi=00:su=37;41:sg=30;43:ca=30;41:tw=30;42:ow=34;42:st=37;44:ex=01;32:*.tar=01;31:*.tgz=01;31:*.arc=01;31:*.arj=01;31:*.taz=01;31:*.lha=01;31:*.lz4=01;31:*.lzh=01;31:*.lzma=01;31:*.tlz=01;31:*.txz=01;31:*.tzo=01;31:*.t7z=01;31:*.zip=01;31:*.z=01;31:*.dz=01;31:*.gz=01;31:*.lrz=01;31:*.lz=01;31:*.lzo=01;31:*.xz=01;31:*.zst=01;31:*.tzst=01;31:*.bz2=01;31:*.bz=01;31:*.tbz=01;31:*.tbz2=01;31:*.tz=01;31:*.deb=01;31:*.rpm=01;31:*.jar=01;31:*.war=01;31:*.ear=01;31:*.sar=01;31:*.rar=01;31:*.alz=01;31:*.ace=01;31:*.zoo=01;31:*.cpio=01;31:*.7z=01;31:*.rz=01;31:*.cab=01;31:*.wim=01;31:*.swm=01;31:*.dwm=01;31:*.esd=01;31:*.jpg=01;35:*.jpeg=01;35:*.mjpg=01;35:*.mjpeg=01;35:*.gif=01;35:*.bmp=01;35:*.pbm=01;35:*.pgm=01;35:*.ppm=01;35:*.tga=01;35:*.xbm=01;35:*.xpm=01;35:*.tif=01;35:*.tiff=01;35:*.png=01;35:*.svg=01;35:*.svgz=01;35:*.mng=01;35:*.pcx=01;35:*.mov=01;35:*.mpg=01;35:*.mpeg=01;35:*.m2v=01;35:*.mkv=01;35:*.webm=01;35:*.webp=01;35:*.ogm=01;35:*.mp4=01;35:*.m4v=01;35:*.mp4v=01;35:*.vob=01;35:*.qt=01;35:*.nuv=01;35:*.wmv=01;35:*.asf=01;35:*.rm=01;35:*.rmvb=01;35:*.flc=01;35:*.avi=01;35:*.fli=01;35:*.flv=01;35:*.gl=01;35:*.dl=01;35:*.xcf=01;35:*.xwd=01;35:*.yuv=01;35:*.cgm=01;35:*.emf=01;35:*.ogv=01;35:*.ogx=01;35:*.aac=00;36:*.au=00;36:*.flac=00;36:*.m4a=00;36:*.mid=00;36:*.midi=00;36:*.mka=00;36:*.mp3=00;36:*.mpc=00;36:*.ogg=00;36:*.ra=00;36:*.wav=00;36:*.oga=00;36:*.opus=00;36:*.spx=00;36:*.xspf=00;36:'), ('AMENT_PREFIX_PATH', '/opt/ros/humble'), ('SHELL', '/bin/bash'), ('LESSCLOSE', '/usr/bin/lesspipe %s %s'), ('PWD', '/home/kishu/roboticslab-technical-project/ros2_ws/build/robotiq_85_description'), ('TURTLEBOT3_MODEL', 'waffle_pi'), ('XDG_DATA_DIRS', '/usr/local/share:/usr/share:/var/lib/snapd/desktop'), ('PYTHONPATH', '/opt/ros/humble/lib/python3.10/site-packages:/opt/ros/humble/local/lib/python3.10/dist-packages'), ('COLCON', '1'), ('WSL2_GUI_APPS_ENABLED', '1'), ('HOSTTYPE', 'x86_64'), ('WSLENV', ''), ('CMAKE_PREFIX_PATH', '/opt/ros/humble')]), 'shell': False}
[1.043539] (gazebo_ros_link_attacher) StdoutLine: {'line': b'[ 87%] Built target gazebo_ros_link_attacher__rosidl_typesupport_introspection_c__pyext\n'}
[1.062558] (robotiq_85_description) StdoutLine: {'line': b'-- Install configuration: ""\n'}
[1.072513] (robotiq_85_description) StdoutLine: {'line': b'-- Execute custom install script\n'}
[1.091206] (gazebo_ros_link_attacher) StdoutLine: {'line': b'[ 93%] Built target gazebo_ros_link_attacher__rosidl_typesupport_c__pyext\n'}
[1.098879] (robotiq_85_description) StdoutLine: {'line': b'-- Up-to-date symlink: /home/kishu/roboticslab-technical-project/ros2_ws/install/robotiq_85_description/share/robotiq_85_description/config/view_gripper.rviz\n'}
[1.101868] (robotiq_85_description) StdoutLine: {'line': b'-- Up-to-date symlink: /home/kishu/roboticslab-technical-project/ros2_ws/install/robotiq_85_description/share/robotiq_85_description/launch/view_gripper.launch.py\n'}
[1.105255] (-) TimerEvent: {}
[1.108571] (robotiq_85_description) StdoutLine: {'line': b'-- Up-to-date symlink: /home/kishu/roboticslab-technical-project/ros2_ws/install/robotiq_85_description/share/robotiq_85_description/meshes/collision/robotiq_85_base_link.stl\n'}
[1.110433] (robotiq_85_description) StdoutLine: {'line': b'-- Up-to-date symlink: /home/kishu/roboticslab-technical-project/ros2_ws/install/robotiq_85_description/share/robotiq_85_description/meshes/collision/robotiq_85_finger_link.stl\n'}
[1.112182] (robotiq_85_description) StdoutLine: {'line': b'-- Up-to-date symlink: /home/kishu/roboticslab-technical-project/ros2_ws/install/robotiq_85_description/share/robotiq_85_description/meshes/collision/robotiq_85_finger_tip_link.stl\n'}
[1.113733] (robotiq_85_description) StdoutLine: {'line': b'-- Up-to-date symlink: /home/kishu/roboticslab-technical-project/ros2_ws/install/robotiq_85_description/share/robotiq_85_description/meshes/collision/robotiq_85_inner_knuckle_link.stl\n'}
[1.115455] (robotiq_85_description) StdoutLine: {'line': b'-- Up-to-date symlink: /home/kishu/roboticslab-technical-project/ros2_ws/install/robotiq_85_description/share/robotiq_85_description/meshes/collision/robotiq_85_knuckle_link.stl\n'}
[1.117192] (robotiq_85_description) StdoutLine: {'line': b'-- Up-to-date symlink: /home/kishu/roboticslab-technical-project/ros2_ws/install/robotiq_85_description/share/robotiq_85_description/meshes/collision/ur_to_robotiq_adapter.stl\n'}
[1.119550] (robotiq_85_description) StdoutLine: {'line': b'-- Up-to-date symlink: /home/kishu/roboticslab-technical-project/ros2_ws/install/robotiq_85_description/share/robotiq_85_description/meshes/visual/robotiq_85_base_link.dae\n'}
[1.121437] (robotiq_85_description) StdoutLine: {'line': b'-- Up-to-date symlink: /home/kishu/roboticslab-technical-project/ros2_ws/install/robotiq_85_description/share/robotiq_85_description/meshes/visual/robotiq_85_finger_link.dae\n'}
[1.123329] (robotiq_85_description) StdoutLine: {'line': b'-- Up-to-date symlink: /home/kishu/roboticslab-technical-project/ros2_ws/install/robotiq_85_description/share/robotiq_85_description/meshes/visual/robotiq_85_finger_tip_link.dae\n'}
[1.124654] (robotiq_85_description) StdoutLine: {'line': b'-- Up-to-date symlink: /home/kishu/roboticslab-technical-project/ros2_ws/install/robotiq_85_description/share/robotiq_85_description/meshes/visual/robotiq_85_inner_knuckle_link.dae\n'}
[1.126655] (robotiq_85_description) StdoutLine: {'line': b'-- Up-to-date symlink: /home/kishu/roboticslab-technical-project/ros2_ws/install/robotiq_85_description/share/robotiq_85_description/meshes/visual/robotiq_85_knuckle_link.dae\n'}
[1.128683] (robotiq_85_description) StdoutLine: {'line': b'-- Up-to-date symlink: /home/kishu/roboticslab-technical-project/ros2_ws/install/robotiq_85_description/share/robotiq_85_description/meshes/visual/ur_to_robotiq_adapter.dae\n'}
[1.132765] (robotiq_85_description) StdoutLine: {'line': b'-- Up-to-date symlink: /home/kishu/roboticslab-technical-project/ros2_ws/install/robotiq_85_description/share/robotiq_85_description/urdf/left_robotiq_85_gripper.urdf.xacro\n'}
[1.135381] (robotiq_85_description) StdoutLine: {'line': b'-- Up-to-date symlink: /home/kishu/roboticslab-technical-project/ros2_ws/install/robotiq_85_description/share/robotiq_85_description/urdf/right_robotiq_85_gripper.urdf.xacro\n'}
[1.137375] (robotiq_85_description) StdoutLine: {'line': b'-- Up-to-date symlink: /home/kishu/roboticslab-technical-project/ros2_ws/install/robotiq_85_description/share/robotiq_85_description/urdf/robotiq_85_gripper.ros2_control.xacro\n'}
[1.138358] (robotiq_85_description) StdoutLine: {'line': b'-- Up-to-date symlink: /home/kishu/roboticslab-technical-project/ros2_ws/install/robotiq_85_description/share/robotiq_85_description/urdf/robotiq_85_gripper.transmission.xacro\n'}
[1.140371] (robotiq_85_description) StdoutLine: {'line': b'-- Up-to-date symlink: /home/kishu/roboticslab-technical-project/ros2_ws/install/robotiq_85_description/share/robotiq_85_description/urdf/robotiq_85_gripper.urdf.xacro\n'}
[1.141507] (robotiq_85_description) StdoutLine: {'line': b'-- Up-to-date symlink: /home/kishu/roboticslab-technical-project/ros2_ws/install/robotiq_85_description/share/robotiq_85_description/urdf/robotiq_85_gripper_macro.urdf.xacro\n'}
[1.143309] (robotiq_85_description) StdoutLine: {'line': b'-- Up-to-date symlink: /home/kishu/roboticslab-technical-project/ros2_ws/install/robotiq_85_description/share/robotiq_85_description/urdf/robotiq_85_gripper_sim_base.urdf.xacro\n'}
[1.144661] (robotiq_85_description) StdoutLine: {'line': b'-- Up-to-date symlink: /home/kishu/roboticslab-technical-project/ros2_ws/install/robotiq_85_description/share/robotiq_85_description/urdf/robotiq_arg85_description.urdf.xacro\n'}
[1.146247] (robotiq_85_description) StdoutLine: {'line': b'-- Up-to-date symlink: /home/kishu/roboticslab-technical-project/ros2_ws/install/robotiq_85_description/share/robotiq_85_description/urdf/ur_to_robotiq_adapter.urdf.xacro\n'}
[1.151203] (robotiq_85_description) StdoutLine: {'line': b'-- Up-to-date symlink: /home/kishu/roboticslab-technical-project/ros2_ws/install/robotiq_85_description/share/ament_index/resource_index/package_run_dependencies/robotiq_85_description\n'}
[1.153785] (robotiq_85_description) StdoutLine: {'line': b'-- Up-to-date symlink: /home/kishu/roboticslab-technical-project/ros2_ws/install/robotiq_85_description/share/ament_index/resource_index/parent_prefix_path/robotiq_85_description\n'}
[1.156057] (robotiq_85_description) StdoutLine: {'line': b'-- Up-to-date symlink: /home/kishu/roboticslab-technical-project/ros2_ws/install/robotiq_85_description/share/robotiq_85_description/environment/ament_prefix_path.sh\n'}
[1.158314] (robotiq_85_description) StdoutLine: {'line': b'-- Up-to-date symlink: /home/kishu/roboticslab-technical-project/ros2_ws/install/robotiq_85_description/share/robotiq_85_description/environment/ament_prefix_path.dsv\n'}
[1.160967] (robotiq_85_description) StdoutLine: {'line': b'-- Up-to-date symlink: /home/kishu/roboticslab-technical-project/ros2_ws/install/robotiq_85_description/share/robotiq_85_description/environment/path.sh\n'}
[1.162662] (robotiq_85_description) StdoutLine: {'line': b'-- Up-to-date symlink: /home/kishu/roboticslab-technical-project/ros2_ws/install/robotiq_85_description/share/robotiq_85_description/environment/path.dsv\n'}
[1.164243] (robotiq_85_description) StdoutLine: {'line': b'-- Up-to-date symlink: /home/kishu/roboticslab-technical-project/ros2_ws/install/robotiq_85_description/share/robotiq_85_description/local_setup.bash\n'}
[1.166008] (robotiq_85_description) StdoutLine: {'line': b'-- Up-to-date symlink: /home/kishu/roboticslab-technical-project/ros2_ws/install/robotiq_85_description/share/robotiq_85_description/local_setup.sh\n'}
[1.167874] (robotiq_85_description) StdoutLine: {'line': b'-- Up-to-date symlink: /home/kishu/roboticslab-technical-project/ros2_ws/install/robotiq_85_description/share/robotiq_85_description/local_setup.zsh\n'}
[1.171133] (robotiq_85_description) StdoutLine: {'line': b'-- Up-to-date symlink: /home/kishu/roboticslab-technical-project/ros2_ws/install/robotiq_85_description/share/robotiq_85_description/local_setup.dsv\n'}
[1.171771] (robotiq_85_description) StdoutLine: {'line': b'-- Symlinking: /home/kishu/roboticslab-technical-project/ros2_ws/install/robotiq_85_description/share/robotiq_85_description/package.dsv\n'}
[1.196204] (robotiq_85_description) StdoutLine: {'line': b'-- Up-to-date symlink: /home/kishu/roboticslab-technical-project/ros2_ws/install/robotiq_85_description/share/ament_index/resource_index/packages/robotiq_85_description\n'}
[1.197938] (robotiq_85_description) StdoutLine: {'line': b'-- Up-to-date symlink: /home/kishu/roboticslab-technical-project/ros2_ws/install/robotiq_85_description/share/robotiq_85_description/cmake/robotiq_85_descriptionConfig.cmake\n'}
[1.202326] (robotiq_85_description) StdoutLine: {'line': b'-- Up-to-date symlink: /home/kishu/roboticslab-technical-project/ros2_ws/install/robotiq_85_description/share/robotiq_85_description/cmake/robotiq_85_descriptionConfig-version.cmake\n'}
[1.205528] (robotiq_85_description) StdoutLine: {'line': b'-- Up-to-date symlink: /home/kishu/roboticslab-technical-project/ros2_ws/install/robotiq_85_description/share/robotiq_85_description/package.xml\n'}
[1.205799] (-) TimerEvent: {}
[1.208006] (robotiq_85_description) CommandEnded: {'returncode': 0}
[1.269524] (robotiq_85_msgs) StdoutLine: {'line': b'running egg_info\n'}
[1.272617] (robotiq_85_msgs) StdoutLine: {'line': b'writing robotiq_85_msgs.egg-info/PKG-INFO\n'}
[1.275188] (robotiq_85_msgs) StdoutLine: {'line': b'writing dependency_links to robotiq_85_msgs.egg-info/dependency_links.txt\n'}
[1.275517] (robotiq_85_msgs) StdoutLine: {'line': b'writing top-level names to robotiq_85_msgs.egg-info/top_level.txt\n'}
[1.289677] (robotiq_85_msgs) StdoutLine: {'line': b"reading manifest file 'robotiq_85_msgs.egg-info/SOURCES.txt'\n"}
[1.294826] (robotiq_85_msgs) StdoutLine: {'line': b"writing manifest file 'robotiq_85_msgs.egg-info/SOURCES.txt'\n"}
[1.305959] (-) TimerEvent: {}
[1.322858] (robotiq_85_description) JobEnded: {'identifier': 'robotiq_85_description', 'rc': 0}
[1.358315] (gazebo_ros_link_attacher) StdoutLine: {'line': b'[100%] Built target gazebo_ros_link_attacher_plugin\n'}
[1.360228] (robotiq_85_msgs) StdoutLine: {'line': b'[100%] Built target ament_cmake_python_build_robotiq_85_msgs_egg\n'}
[1.369205] (gazebo_ros_link_attacher) StdoutLine: {'line': b'running egg_info\n'}
[1.371010] (gazebo_ros_link_attacher) StdoutLine: {'line': b'writing gazebo_ros_link_attacher.egg-info/PKG-INFO\n'}
[1.371504] (gazebo_ros_link_attacher) StdoutLine: {'line': b'writing dependency_links to gazebo_ros_link_attacher.egg-info/dependency_links.txt\n'}
[1.372184] (gazebo_ros_link_attacher) StdoutLine: {'line': b'writing top-level names to gazebo_ros_link_attacher.egg-info/top_level.txt\n'}
[1.377887] (gazebo_ros_link_attacher) StdoutLine: {'line': b"reading manifest file 'gazebo_ros_link_attacher.egg-info/SOURCES.txt'\n"}
[1.379540] (robotiq_85_msgs) CommandEnded: {'returncode': 0}
[1.380168] (gazebo_ros_link_attacher) StdoutLine: {'line': b"writing manifest file 'gazebo_ros_link_attacher.egg-info/SOURCES.txt'\n"}
[1.383268] (robotiq_85_msgs) JobProgress: {'identifier': 'robotiq_85_msgs', 'progress': 'install'}
[1.384093] (robotiq_85_msgs) Command: {'cmd': ['/usr/bin/cmake', '--install', '/home/kishu/roboticslab-technical-project/ros2_ws/build/robotiq_85_msgs'], 'cwd': '/home/kishu/roboticslab-technical-project/ros2_ws/build/robotiq_85_msgs', 'env': OrderedDict([('LESSOPEN', '| /usr/bin/lesspipe %s'), ('USER', 'kishu'), ('SHLVL', '1'), ('LD_LIBRARY_PATH', '/usr/lib/x86_64-linux-gnu/gazebo-11/plugins:/opt/ros/humble/opt/rviz_ogre_vendor/lib:/opt/ros/humble/lib/x86_64-linux-gnu:/opt/ros/humble/lib'), ('HOME', '/home/kishu'), ('OLDPWD', '/home/kishu'), ('ROS_PYTHON_VERSION', '3'), ('DBUS_SESSION_BUS_ADDRESS', 'unix:path=/run/user/1000/bus'), ('WSL_DISTRO_NAME', 'Ubuntu-22.04'), ('WAYLAND_DISPLAY', 'wayland-0'), ('ROS_DISTRO', 'humble'), ('LOGNAME', 'kishu'), ('NAME', 'DESKTOP-07TM2Q3'), ('WSL_INTEROP', '/run/WSL/347_interop'), ('PULSE_SERVER', 'unix:/mnt/wslg/PulseServer'), ('_', '/usr/bin/colcon'), ('ROS_VERSION', '2'), ('TERM', 'xterm-256color'), ('GAZEBO_MODEL_PATH', '/home/kishu/roboticslab-technical-project/models::/opt/ros/humble/share/turtlebot3_gazebo/models'), ('ROS_LOCALHOST_ONLY', '0'), ('PATH', '/home/kishu/.local/bin:/opt/ros/humble/bin:/usr/local/sbin:/usr/local/bin:/usr/sbin:/usr/bin:/sbin:/bin:/usr/games:/usr/local/games:/usr/lib/wsl/lib:/mnt/c/Program Files/WindowsApps/CanonicalGroupLimited.Ubuntu22.04LTS_2204.5.10021.0_x64__79rhkp1fndgsc:/mnt/c/Windows/system32:/mnt/c/Windows:/mnt/c/Windows/System32/Wbem:/mnt/c/Windows/System32/WindowsPowerShell/v1.0/:/mnt/c/Windows/System32/OpenSSH/:/mnt/c/Program Files/Git/cmd:/mnt/c/Users/Mohamad/AppData/Local/Microsoft/WindowsApps:/mnt/c/Users/Mohamad/AppData/Local/Programs/Microsoft VS Code/bin:/mnt/c/Users/Mohamad/AppData/Local/GitHubDesktop/bin:/snap/bin'), ('XDG_RUNTIME_DIR', '/run/user/1000/'), ('DISPLAY', ':0'), ('LANG', 'C.UTF-8'), ('LS_COLORS', 'rs=0:di=01;34:ln=01;36:mh=00:pi=40;33:so=01;35:do=01;35:bd=40;33;01:cd=40;33;01:or=40;31;01:mi=00:su=37;41:sg=30;43:ca=30;41:tw=30;42:ow=34;42:st=37;44:ex=01;32:*.tar=01;31:*.tgz=01;31:*.arc=01;31:*.arj=01;31:*.taz=01;31:*.lha=01;31:*.lz4=01;31:*.lzh=01;31:*.lzma=01;31:*.tlz=01;31:*.txz=01;31:*.tzo=01;31:*.t7z=01;31:*.zip=01;31:*.z=01;31:*.dz=01;31:*.gz=01;31:*.lrz=01;31:*.lz=01;31:*.lzo=01;31:*.xz=01;31:*.zst=01;31:*.tzst=01;31:*.bz2=01;31:*.bz=01;31:*.tbz=01;31:*.tbz2=01;31:*.tz=01;31:*.deb=01;31:*.rpm=01;31:*.jar=01;31:*.war=01;31:*.ear=01;31:*.sar=01;31:*.rar=01;31:*.alz=01;31:*.ace=01;31:*.zoo=01;31:*.cpio=01;31:*.7z=01;31:*.rz=01;31:*.cab=01;31:*.wim=01;31:*.swm=01;31:*.dwm=01;31:*.esd=01;31:*.jpg=01;35:*.jpeg=01;35:*.mjpg=01;35:*.mjpeg=01;35:*.gif=01;35:*.bmp=01;35:*.pbm=01;35:*.pgm=01;35:*.ppm=01;35:*.tga=01;35:*.xbm=01;35:*.xpm=01;35:*.tif=01;35:*.tiff=01;35:*.png=01;35:*.svg=01;35:*.svgz=01;35:*.mng=01;35:*.pcx=01;35:*.mov=01;35:*.mpg=01;35:*.mpeg=01;35:*.m2v=01;35:*.mkv=01;35:*.webm=01;35:*.webp=01;35:*.ogm=01;35:*.mp4=01;35:*.m4v=01;35:*.mp4v=01;35:*.vob=01;35:*.qt=01;35:*.nuv=01;35:*.wmv=01;35:*.asf=01;35:*.rm=01;35:*.rmvb=01;35:*.flc=01;35:*.avi=01;35:*.fli=01;35:*.flv=01;35:*.gl=01;35:*.dl=01;35:*.xcf=01;35:*.xwd=01;35:*.yuv=01;35:*.cgm=01;35:*.emf=01;35:*.ogv=01;35:*.ogx=01;35:*.aac=00;36:*.au=00;36:*.flac=00;36:*.m4a=00;36:*.mid=00;36:*.midi=00;36:*.mka=00;36:*.mp3=00;36:*.mpc=00;36:*.ogg=00;36:*.ra=00;36:*.wav=00;36:*.oga=00;36:*.opus=00;36:*.spx=00;36:*.xspf=00;36:'), ('AMENT_PREFIX_PATH', '/opt/ros/humble'), ('SHELL', '/bin/bash'), ('LESSCLOSE', '/usr/bin/lesspipe %s %s'), ('PWD', '/home/kishu/roboticslab-technical-project/ros2_ws/build/robotiq_85_msgs'), ('TURTLEBOT3_MODEL', 'waffle_pi'), ('XDG_DATA_DIRS', '/usr/local/share:/usr/share:/var/lib/snapd/desktop'), ('PYTHONPATH', '/opt/ros/humble/lib/python3.10/site-packages:/opt/ros/humble/local/lib/python3.10/dist-packages'), ('COLCON', '1'), ('WSL2_GUI_APPS_ENABLED', '1'), ('HOSTTYPE', 'x86_64'), ('WSLENV', ''), ('CMAKE_PREFIX_PATH', '/opt/ros/humble')]), 'shell': False}
[1.404449] (robotiq_85_msgs) StdoutLine: {'line': b'-- Install configuration: ""\n'}
[1.406209] (-) TimerEvent: {}
[1.407788] (robotiq_85_msgs) StdoutLine: {'line': b'-- Execute custom install script\n'}
[1.411770] (robotiq_85_msgs) StdoutLine: {'line': b'-- Up-to-date symlink: /home/kishu/roboticslab-technical-project/ros2_ws/install/robotiq_85_msgs/share/ament_index/resource_index/rosidl_interfaces/robotiq_85_msgs\n'}
[1.415971] (robotiq_85_msgs) StdoutLine: {'line': b'-- Up-to-date symlink: /home/kishu/roboticslab-technical-project/ros2_ws/install/robotiq_85_msgs/include/robotiq_85_msgs/robotiq_85_msgs/msg/detail/gripper_cmd__functions.h\n'}
[1.417536] (robotiq_85_msgs) StdoutLine: {'line': b'-- Up-to-date symlink: /home/kishu/roboticslab-technical-project/ros2_ws/install/robotiq_85_msgs/include/robotiq_85_msgs/robotiq_85_msgs/msg/detail/gripper_cmd__struct.h\n'}
[1.419572] (robotiq_85_msgs) StdoutLine: {'line': b'-- Up-to-date symlink: /home/kishu/roboticslab-technical-project/ros2_ws/install/robotiq_85_msgs/include/robotiq_85_msgs/robotiq_85_msgs/msg/detail/gripper_cmd__type_support.h\n'}
[1.420524] (robotiq_85_msgs) StdoutLine: {'line': b'-- Up-to-date symlink: /home/kishu/roboticslab-technical-project/ros2_ws/install/robotiq_85_msgs/include/robotiq_85_msgs/robotiq_85_msgs/msg/detail/gripper_stat__functions.h\n'}
[1.421353] (robotiq_85_msgs) StdoutLine: {'line': b'-- Up-to-date symlink: /home/kishu/roboticslab-technical-project/ros2_ws/install/robotiq_85_msgs/include/robotiq_85_msgs/robotiq_85_msgs/msg/detail/gripper_stat__struct.h\n'}
[1.422535] (robotiq_85_msgs) StdoutLine: {'line': b'-- Up-to-date symlink: /home/kishu/roboticslab-technical-project/ros2_ws/install/robotiq_85_msgs/include/robotiq_85_msgs/robotiq_85_msgs/msg/detail/gripper_stat__type_support.h\n'}
[1.423573] (robotiq_85_msgs) StdoutLine: {'line': b'-- Up-to-date symlink: /home/kishu/roboticslab-technical-project/ros2_ws/install/robotiq_85_msgs/include/robotiq_85_msgs/robotiq_85_msgs/msg/gripper_cmd.h\n'}
[1.424498] (robotiq_85_msgs) StdoutLine: {'line': b'-- Up-to-date symlink: /home/kishu/roboticslab-technical-project/ros2_ws/install/robotiq_85_msgs/include/robotiq_85_msgs/robotiq_85_msgs/msg/gripper_stat.h\n'}
[1.425438] (robotiq_85_msgs) StdoutLine: {'line': b'-- Up-to-date symlink: /home/kishu/roboticslab-technical-project/ros2_ws/install/robotiq_85_msgs/include/robotiq_85_msgs/robotiq_85_msgs/msg/rosidl_generator_c__visibility_control.h\n'}
[1.427560] (robotiq_85_msgs) StdoutLine: {'line': b'-- Up-to-date symlink: /home/kishu/roboticslab-technical-project/ros2_ws/install/robotiq_85_msgs/share/robotiq_85_msgs/environment/library_path.sh\n'}
[1.428744] (robotiq_85_msgs) StdoutLine: {'line': b'-- Up-to-date symlink: /home/kishu/roboticslab-technical-project/ros2_ws/install/robotiq_85_msgs/share/robotiq_85_msgs/environment/library_path.dsv\n'}
[1.430363] (robotiq_85_msgs) StdoutLine: {'line': b'-- Up-to-date symlink: /home/kishu/roboticslab-technical-project/ros2_ws/install/robotiq_85_msgs/include/robotiq_85_msgs/robotiq_85_msgs/msg/detail/gripper_cmd__rosidl_typesupport_fastrtps_c.h\n'}
[1.431459] (robotiq_85_msgs) StdoutLine: {'line': b'-- Up-to-date symlink: /home/kishu/roboticslab-technical-project/ros2_ws/install/robotiq_85_msgs/include/robotiq_85_msgs/robotiq_85_msgs/msg/detail/gripper_stat__rosidl_typesupport_fastrtps_c.h\n'}
[1.433530] (robotiq_85_msgs) StdoutLine: {'line': b'-- Up-to-date symlink: /home/kishu/roboticslab-technical-project/ros2_ws/install/robotiq_85_msgs/include/robotiq_85_msgs/robotiq_85_msgs/msg/rosidl_typesupport_fastrtps_c__visibility_control.h\n'}
[1.435712] (robotiq_85_msgs) StdoutLine: {'line': b'-- Up-to-date symlink: /home/kishu/roboticslab-technical-project/ros2_ws/install/robotiq_85_msgs/include/robotiq_85_msgs/robotiq_85_msgs/msg/detail/gripper_cmd__builder.hpp\n'}
[1.436401] (robotiq_85_msgs) StdoutLine: {'line': b'-- Up-to-date symlink: /home/kishu/roboticslab-technical-project/ros2_ws/install/robotiq_85_msgs/include/robotiq_85_msgs/robotiq_85_msgs/msg/detail/gripper_cmd__struct.hpp\n'}
[1.437057] (robotiq_85_msgs) StdoutLine: {'line': b'-- Up-to-date symlink: /home/kishu/roboticslab-technical-project/ros2_ws/install/robotiq_85_msgs/include/robotiq_85_msgs/robotiq_85_msgs/msg/detail/gripper_cmd__traits.hpp\n'}
[1.437662] (robotiq_85_msgs) StdoutLine: {'line': b'-- Up-to-date symlink: /home/kishu/roboticslab-technical-project/ros2_ws/install/robotiq_85_msgs/include/robotiq_85_msgs/robotiq_85_msgs/msg/detail/gripper_cmd__type_support.hpp\n'}
[1.438404] (robotiq_85_msgs) StdoutLine: {'line': b'-- Up-to-date symlink: /home/kishu/roboticslab-technical-project/ros2_ws/install/robotiq_85_msgs/include/robotiq_85_msgs/robotiq_85_msgs/msg/detail/gripper_stat__builder.hpp\n'}
[1.439083] (robotiq_85_msgs) StdoutLine: {'line': b'-- Up-to-date symlink: /home/kishu/roboticslab-technical-project/ros2_ws/install/robotiq_85_msgs/include/robotiq_85_msgs/robotiq_85_msgs/msg/detail/gripper_stat__struct.hpp\n'}
[1.439739] (robotiq_85_msgs) StdoutLine: {'line': b'-- Up-to-date symlink: /home/kishu/roboticslab-technical-project/ros2_ws/install/robotiq_85_msgs/include/robotiq_85_msgs/robotiq_85_msgs/msg/detail/gripper_stat__traits.hpp\n'}
[1.440386] (robotiq_85_msgs) StdoutLine: {'line': b'-- Up-to-date symlink: /home/kishu/roboticslab-technical-project/ros2_ws/install/robotiq_85_msgs/include/robotiq_85_msgs/robotiq_85_msgs/msg/detail/gripper_stat__type_support.hpp\n'}
[1.441104] (robotiq_85_msgs) StdoutLine: {'line': b'-- Up-to-date symlink: /home/kishu/roboticslab-technical-project/ros2_ws/install/robotiq_85_msgs/include/robotiq_85_msgs/robotiq_85_msgs/msg/gripper_cmd.hpp\n'}
[1.441746] (robotiq_85_msgs) StdoutLine: {'line': b'-- Up-to-date symlink: /home/kishu/roboticslab-technical-project/ros2_ws/install/robotiq_85_msgs/include/robotiq_85_msgs/robotiq_85_msgs/msg/gripper_stat.hpp\n'}
[1.442404] (robotiq_85_msgs) StdoutLine: {'line': b'-- Up-to-date symlink: /home/kishu/roboticslab-technical-project/ros2_ws/install/robotiq_85_msgs/include/robotiq_85_msgs/robotiq_85_msgs/msg/rosidl_generator_cpp__visibility_control.hpp\n'}
[1.443730] (robotiq_85_msgs) StdoutLine: {'line': b'-- Up-to-date symlink: /home/kishu/roboticslab-technical-project/ros2_ws/install/robotiq_85_msgs/include/robotiq_85_msgs/robotiq_85_msgs/msg/detail/gripper_cmd__rosidl_typesupport_fastrtps_cpp.hpp\n'}
[1.445041] (robotiq_85_msgs) StdoutLine: {'line': b'-- Up-to-date symlink: /home/kishu/roboticslab-technical-project/ros2_ws/install/robotiq_85_msgs/include/robotiq_85_msgs/robotiq_85_msgs/msg/detail/gripper_stat__rosidl_typesupport_fastrtps_cpp.hpp\n'}
[1.447921] (gazebo_ros_link_attacher) StdoutLine: {'line': b'[100%] Built target ament_cmake_python_build_gazebo_ros_link_attacher_egg\n'}
[1.449968] (robotiq_85_msgs) StdoutLine: {'line': b'-- Up-to-date symlink: /home/kishu/roboticslab-technical-project/ros2_ws/install/robotiq_85_msgs/include/robotiq_85_msgs/robotiq_85_msgs/msg/rosidl_typesupport_fastrtps_cpp__visibility_control.h\n'}
[1.451793] (robotiq_85_msgs) StdoutLine: {'line': b'-- Up-to-date symlink: /home/kishu/roboticslab-technical-project/ros2_ws/install/robotiq_85_msgs/include/robotiq_85_msgs/robotiq_85_msgs/msg/detail/gripper_cmd__rosidl_typesupport_introspection_c.h\n'}
[1.452612] (robotiq_85_msgs) StdoutLine: {'line': b'-- Up-to-date symlink: /home/kishu/roboticslab-technical-project/ros2_ws/install/robotiq_85_msgs/include/robotiq_85_msgs/robotiq_85_msgs/msg/detail/gripper_stat__rosidl_typesupport_introspection_c.h\n'}
[1.453383] (robotiq_85_msgs) StdoutLine: {'line': b'-- Up-to-date symlink: /home/kishu/roboticslab-technical-project/ros2_ws/install/robotiq_85_msgs/include/robotiq_85_msgs/robotiq_85_msgs/msg/rosidl_typesupport_introspection_c__visibility_control.h\n'}
[1.454716] (robotiq_85_msgs) StdoutLine: {'line': b'-- Up-to-date symlink: /home/kishu/roboticslab-technical-project/ros2_ws/install/robotiq_85_msgs/include/robotiq_85_msgs/robotiq_85_msgs/msg/detail/gripper_cmd__rosidl_typesupport_introspection_cpp.hpp\n'}
[1.455441] (robotiq_85_msgs) StdoutLine: {'line': b'-- Up-to-date symlink: /home/kishu/roboticslab-technical-project/ros2_ws/install/robotiq_85_msgs/include/robotiq_85_msgs/robotiq_85_msgs/msg/detail/gripper_stat__rosidl_typesupport_introspection_cpp.hpp\n'}
[1.456308] (robotiq_85_msgs) StdoutLine: {'line': b'-- Up-to-date symlink: /home/kishu/roboticslab-technical-project/ros2_ws/install/robotiq_85_msgs/share/robotiq_85_msgs/environment/pythonpath.sh\n'}
[1.457124] (robotiq_85_msgs) StdoutLine: {'line': b'-- Up-to-date symlink: /home/kishu/roboticslab-technical-project/ros2_ws/install/robotiq_85_msgs/share/robotiq_85_msgs/environment/pythonpath.dsv\n'}
[1.460055] (robotiq_85_msgs) StdoutLine: {'line': b'-- Up-to-date symlink: /home/kishu/roboticslab-technical-project/ros2_ws/install/robotiq_85_msgs/local/lib/python3.10/dist-packages/robotiq_85_msgs-1.0.1-py3.10.egg-info/PKG-INFO\n'}
[1.460542] (robotiq_85_msgs) StdoutLine: {'line': b'-- Up-to-date symlink: /home/kishu/roboticslab-technical-project/ros2_ws/install/robotiq_85_msgs/local/lib/python3.10/dist-packages/robotiq_85_msgs-1.0.1-py3.10.egg-info/SOURCES.txt\n'}
[1.461308] (robotiq_85_msgs) StdoutLine: {'line': b'-- Up-to-date symlink: /home/kishu/roboticslab-technical-project/ros2_ws/install/robotiq_85_msgs/local/lib/python3.10/dist-packages/robotiq_85_msgs-1.0.1-py3.10.egg-info/dependency_links.txt\n'}
[1.462336] (robotiq_85_msgs) StdoutLine: {'line': b'-- Up-to-date symlink: /home/kishu/roboticslab-technical-project/ros2_ws/install/robotiq_85_msgs/local/lib/python3.10/dist-packages/robotiq_85_msgs-1.0.1-py3.10.egg-info/top_level.txt\n'}
[1.464680] (robotiq_85_msgs) StdoutLine: {'line': b'-- Up-to-date symlink: /home/kishu/roboticslab-technical-project/ros2_ws/install/robotiq_85_msgs/local/lib/python3.10/dist-packages/robotiq_85_msgs/__init__.py\n'}
[1.465736] (robotiq_85_msgs) StdoutLine: {'line': b'-- Up-to-date symlink: /home/kishu/roboticslab-technical-project/ros2_ws/install/robotiq_85_msgs/local/lib/python3.10/dist-packages/robotiq_85_msgs/_robotiq_85_msgs_s.ep.rosidl_typesupport_c.c\n'}
[1.466710] (robotiq_85_msgs) StdoutLine: {'line': b'-- Up-to-date symlink: /home/kishu/roboticslab-technical-project/ros2_ws/install/robotiq_85_msgs/local/lib/python3.10/dist-packages/robotiq_85_msgs/_robotiq_85_msgs_s.ep.rosidl_typesupport_fastrtps_c.c\n'}
[1.468015] (robotiq_85_msgs) StdoutLine: {'line': b'-- Up-to-date symlink: /home/kishu/roboticslab-technical-project/ros2_ws/install/robotiq_85_msgs/local/lib/python3.10/dist-packages/robotiq_85_msgs/_robotiq_85_msgs_s.ep.rosidl_typesupport_introspection_c.c\n'}
[1.470813] (robotiq_85_msgs) StdoutLine: {'line': b'-- Up-to-date symlink: /home/kishu/roboticslab-technical-project/ros2_ws/install/robotiq_85_msgs/local/lib/python3.10/dist-packages/robotiq_85_msgs/librobotiq_85_msgs__rosidl_generator_py.so\n'}
[1.472325] (gazebo_ros_link_attacher) CommandEnded: {'returncode': 0}
[1.473662] (robotiq_85_msgs) StdoutLine: {'line': b'-- Up-to-date symlink: /home/kishu/roboticslab-technical-project/ros2_ws/install/robotiq_85_msgs/local/lib/python3.10/dist-packages/robotiq_85_msgs/msg/__init__.py\n'}
[1.473831] (robotiq_85_msgs) StdoutLine: {'line': b'-- Up-to-date symlink: /home/kishu/roboticslab-technical-project/ros2_ws/install/robotiq_85_msgs/local/lib/python3.10/dist-packages/robotiq_85_msgs/msg/_gripper_cmd.py\n'}
[1.473938] (robotiq_85_msgs) StdoutLine: {'line': b'-- Up-to-date symlink: /home/kishu/roboticslab-technical-project/ros2_ws/install/robotiq_85_msgs/local/lib/python3.10/dist-packages/robotiq_85_msgs/msg/_gripper_cmd_s.c\n'}
[1.474624] (robotiq_85_msgs) StdoutLine: {'line': b'-- Up-to-date symlink: /home/kishu/roboticslab-technical-project/ros2_ws/install/robotiq_85_msgs/local/lib/python3.10/dist-packages/robotiq_85_msgs/msg/_gripper_stat.py\n'}
[1.475505] (robotiq_85_msgs) StdoutLine: {'line': b'-- Up-to-date symlink: /home/kishu/roboticslab-technical-project/ros2_ws/install/robotiq_85_msgs/local/lib/python3.10/dist-packages/robotiq_85_msgs/msg/_gripper_stat_s.c\n'}
[1.476425] (robotiq_85_msgs) StdoutLine: {'line': b'-- Up-to-date symlink: /home/kishu/roboticslab-technical-project/ros2_ws/install/robotiq_85_msgs/local/lib/python3.10/dist-packages/robotiq_85_msgs/robotiq_85_msgs_s__rosidl_typesupport_c.cpython-310-x86_64-linux-gnu.so\n'}
[1.477178] (gazebo_ros_link_attacher) JobProgress: {'identifier': 'gazebo_ros_link_attacher', 'progress': 'install'}
[1.477281] (robotiq_85_msgs) StdoutLine: {'line': b'-- Up-to-date symlink: /home/kishu/roboticslab-technical-project/ros2_ws/install/robotiq_85_msgs/local/lib/python3.10/dist-packages/robotiq_85_msgs/robotiq_85_msgs_s__rosidl_typesupport_fastrtps_c.cpython-310-x86_64-linux-gnu.so\n'}
[1.479468] (robotiq_85_msgs) StdoutLine: {'line': b'-- Up-to-date symlink: /home/kishu/roboticslab-technical-project/ros2_ws/install/robotiq_85_msgs/local/lib/python3.10/dist-packages/robotiq_85_msgs/robotiq_85_msgs_s__rosidl_typesupport_introspection_c.cpython-310-x86_64-linux-gnu.so\n'}
[1.479825] (gazebo_ros_link_attacher) Command: {'cmd': ['/usr/bin/cmake', '--install', '/home/kishu/roboticslab-technical-project/ros2_ws/build/gazebo_ros_link_attacher'], 'cwd': '/home/kishu/roboticslab-technical-project/ros2_ws/build/gazebo_ros_link_attacher', 'env': OrderedDict([('LESSOPEN', '| /usr/bin/lesspipe %s'), ('USER', 'kishu'), ('SHLVL', '1'), ('LD_LIBRARY_PATH', '/usr/lib/x86_64-linux-gnu/gazebo-11/plugins:/opt/ros/humble/opt/rviz_ogre_vendor/lib:/opt/ros/humble/lib/x86_64-linux-gnu:/opt/ros/humble/lib'), ('HOME', '/home/kishu'), ('OLDPWD', '/home/kishu'), ('ROS_PYTHON_VERSION', '3'), ('DBUS_SESSION_BUS_ADDRESS', 'unix:path=/run/user/1000/bus'), ('WSL_DISTRO_NAME', 'Ubuntu-22.04'), ('WAYLAND_DISPLAY', 'wayland-0'), ('ROS_DISTRO', 'humble'), ('LOGNAME', 'kishu'), ('NAME', 'DESKTOP-07TM2Q3'), ('WSL_INTEROP', '/run/WSL/347_interop'), ('PULSE_SERVER', 'unix:/mnt/wslg/PulseServer'), ('_', '/usr/bin/colcon'), ('ROS_VERSION', '2'), ('TERM', 'xterm-256color'), ('GAZEBO_MODEL_PATH', '/home/kishu/roboticslab-technical-project/models::/opt/ros/humble/share/turtlebot3_gazebo/models'), ('ROS_LOCALHOST_ONLY', '0'), ('PATH', '/home/kishu/.local/bin:/opt/ros/humble/bin:/usr/local/sbin:/usr/local/bin:/usr/sbin:/usr/bin:/sbin:/bin:/usr/games:/usr/local/games:/usr/lib/wsl/lib:/mnt/c/Program Files/WindowsApps/CanonicalGroupLimited.Ubuntu22.04LTS_2204.5.10021.0_x64__79rhkp1fndgsc:/mnt/c/Windows/system32:/mnt/c/Windows:/mnt/c/Windows/System32/Wbem:/mnt/c/Windows/System32/WindowsPowerShell/v1.0/:/mnt/c/Windows/System32/OpenSSH/:/mnt/c/Program Files/Git/cmd:/mnt/c/Users/Mohamad/AppData/Local/Microsoft/WindowsApps:/mnt/c/Users/Mohamad/AppData/Local/Programs/Microsoft VS Code/bin:/mnt/c/Users/Mohamad/AppData/Local/GitHubDesktop/bin:/snap/bin'), ('XDG_RUNTIME_DIR', '/run/user/1000/'), ('DISPLAY', ':0'), ('LANG', 'C.UTF-8'), ('LS_COLORS', 'rs=0:di=01;34:ln=01;36:mh=00:pi=40;33:so=01;35:do=01;35:bd=40;33;01:cd=40;33;01:or=40;31;01:mi=00:su=37;41:sg=30;43:ca=30;41:tw=30;42:ow=34;42:st=37;44:ex=01;32:*.tar=01;31:*.tgz=01;31:*.arc=01;31:*.arj=01;31:*.taz=01;31:*.lha=01;31:*.lz4=01;31:*.lzh=01;31:*.lzma=01;31:*.tlz=01;31:*.txz=01;31:*.tzo=01;31:*.t7z=01;31:*.zip=01;31:*.z=01;31:*.dz=01;31:*.gz=01;31:*.lrz=01;31:*.lz=01;31:*.lzo=01;31:*.xz=01;31:*.zst=01;31:*.tzst=01;31:*.bz2=01;31:*.bz=01;31:*.tbz=01;31:*.tbz2=01;31:*.tz=01;31:*.deb=01;31:*.rpm=01;31:*.jar=01;31:*.war=01;31:*.ear=01;31:*.sar=01;31:*.rar=01;31:*.alz=01;31:*.ace=01;31:*.zoo=01;31:*.cpio=01;31:*.7z=01;31:*.rz=01;31:*.cab=01;31:*.wim=01;31:*.swm=01;31:*.dwm=01;31:*.esd=01;31:*.jpg=01;35:*.jpeg=01;35:*.mjpg=01;35:*.mjpeg=01;35:*.gif=01;35:*.bmp=01;35:*.pbm=01;35:*.pgm=01;35:*.ppm=01;35:*.tga=01;35:*.xbm=01;35:*.xpm=01;35:*.tif=01;35:*.tiff=01;35:*.png=01;35:*.svg=01;35:*.svgz=01;35:*.mng=01;35:*.pcx=01;35:*.mov=01;35:*.mpg=01;35:*.mpeg=01;35:*.m2v=01;35:*.mkv=01;35:*.webm=01;35:*.webp=01;35:*.ogm=01;35:*.mp4=01;35:*.m4v=01;35:*.mp4v=01;35:*.vob=01;35:*.qt=01;35:*.nuv=01;35:*.wmv=01;35:*.asf=01;35:*.rm=01;35:*.rmvb=01;35:*.flc=01;35:*.avi=01;35:*.fli=01;35:*.flv=01;35:*.gl=01;35:*.dl=01;35:*.xcf=01;35:*.xwd=01;35:*.yuv=01;35:*.cgm=01;35:*.emf=01;35:*.ogv=01;35:*.ogx=01;35:*.aac=00;36:*.au=00;36:*.flac=00;36:*.m4a=00;36:*.mid=00;36:*.midi=00;36:*.mka=00;36:*.mp3=00;36:*.mpc=00;36:*.ogg=00;36:*.ra=00;36:*.wav=00;36:*.oga=00;36:*.opus=00;36:*.spx=00;36:*.xspf=00;36:'), ('AMENT_PREFIX_PATH', '/opt/ros/humble'), ('SHELL', '/bin/bash'), ('LESSCLOSE', '/usr/bin/lesspipe %s %s'), ('PWD', '/home/kishu/roboticslab-technical-project/ros2_ws/build/gazebo_ros_link_attacher'), ('TURTLEBOT3_MODEL', 'waffle_pi'), ('XDG_DATA_DIRS', '/usr/local/share:/usr/share:/var/lib/snapd/desktop'), ('PYTHONPATH', '/opt/ros/humble/lib/python3.10/site-packages:/opt/ros/humble/local/lib/python3.10/dist-packages'), ('COLCON', '1'), ('WSL2_GUI_APPS_ENABLED', '1'), ('HOSTTYPE', 'x86_64'), ('WSLENV', ''), ('CMAKE_PREFIX_PATH', '/opt/ros/humble')]), 'shell': False}
[1.481499] (robotiq_85_msgs) StdoutLine: {'line': b'-- Up-to-date symlink: /home/kishu/roboticslab-technical-project/ros2_ws/install/robotiq_85_msgs/local/lib/python3.10/dist-packages/robotiq_85_msgs/robotiq_85_msgs_s__rosidl_typesupport_fastrtps_c.cpython-310-x86_64-linux-gnu.so\n'}
[1.482397] (robotiq_85_msgs) StdoutLine: {'line': b'-- Up-to-date symlink: /home/kishu/roboticslab-technical-project/ros2_ws/install/robotiq_85_msgs/local/lib/python3.10/dist-packages/robotiq_85_msgs/robotiq_85_msgs_s__rosidl_typesupport_introspection_c.cpython-310-x86_64-linux-gnu.so\n'}
[1.483376] (robotiq_85_msgs) StdoutLine: {'line': b'-- Up-to-date symlink: /home/kishu/roboticslab-technical-project/ros2_ws/install/robotiq_85_msgs/local/lib/python3.10/dist-packages/robotiq_85_msgs/robotiq_85_msgs_s__rosidl_typesupport_c.cpython-310-x86_64-linux-gnu.so\n'}
[1.485075] (robotiq_85_msgs) StdoutLine: {'line': b'-- Up-to-date symlink: /home/kishu/roboticslab-technical-project/ros2_ws/install/robotiq_85_msgs/share/robotiq_85_msgs/msg/GripperCmd.idl\n'}
[1.486163] (robotiq_85_msgs) StdoutLine: {'line': b'-- Up-to-date symlink: /home/kishu/roboticslab-technical-project/ros2_ws/install/robotiq_85_msgs/share/robotiq_85_msgs/msg/GripperStat.idl\n'}
[1.487180] (robotiq_85_msgs) StdoutLine: {'line': b'-- Up-to-date symlink: /home/kishu/roboticslab-technical-project/ros2_ws/install/robotiq_85_msgs/share/robotiq_85_msgs/msg/GripperCmd.msg\n'}
[1.488194] (robotiq_85_msgs) StdoutLine: {'line': b'-- Up-to-date symlink: /home/kishu/roboticslab-technical-project/ros2_ws/install/robotiq_85_msgs/share/robotiq_85_msgs/msg/GripperStat.msg\n'}
[1.489553] (robotiq_85_msgs) StdoutLine: {'line': b'-- Up-to-date symlink: /home/kishu/roboticslab-technical-project/ros2_ws/install/robotiq_85_msgs/share/ament_index/resource_index/package_run_dependencies/robotiq_85_msgs\n'}
[1.491021] (robotiq_85_msgs) StdoutLine: {'line': b'-- Up-to-date symlink: /home/kishu/roboticslab-technical-project/ros2_ws/install/robotiq_85_msgs/share/ament_index/resource_index/parent_prefix_path/robotiq_85_msgs\n'}
[1.493346] (robotiq_85_msgs) StdoutLine: {'line': b'-- Up-to-date symlink: /home/kishu/roboticslab-technical-project/ros2_ws/install/robotiq_85_msgs/share/robotiq_85_msgs/environment/ament_prefix_path.sh\n'}
[1.494722] (robotiq_85_msgs) StdoutLine: {'line': b'-- Up-to-date symlink: /home/kishu/roboticslab-technical-project/ros2_ws/install/robotiq_85_msgs/share/robotiq_85_msgs/environment/ament_prefix_path.dsv\n'}
[1.496151] (gazebo_ros_link_attacher) StdoutLine: {'line': b'-- Install configuration: ""\n'}
[1.496618] (robotiq_85_msgs) StdoutLine: {'line': b'-- Up-to-date symlink: /home/kishu/roboticslab-technical-project/ros2_ws/install/robotiq_85_msgs/share/robotiq_85_msgs/environment/path.sh\n'}
[1.498006] (robotiq_85_msgs) StdoutLine: {'line': b'-- Up-to-date symlink: /home/kishu/roboticslab-technical-project/ros2_ws/install/robotiq_85_msgs/share/robotiq_85_msgs/environment/path.dsv\n'}
[1.498451] (gazebo_ros_link_attacher) StdoutLine: {'line': b'-- Execute custom install script\n'}
[1.499478] (robotiq_85_msgs) StdoutLine: {'line': b'-- Up-to-date symlink: /home/kishu/roboticslab-technical-project/ros2_ws/install/robotiq_85_msgs/share/robotiq_85_msgs/local_setup.bash\n'}
[1.500200] (robotiq_85_msgs) StdoutLine: {'line': b'-- Up-to-date symlink: /home/kishu/roboticslab-technical-project/ros2_ws/install/robotiq_85_msgs/share/robotiq_85_msgs/local_setup.sh\n'}
[1.501822] (robotiq_85_msgs) StdoutLine: {'line': b'-- Up-to-date symlink: /home/kishu/roboticslab-technical-project/ros2_ws/install/robotiq_85_msgs/share/robotiq_85_msgs/local_setup.zsh\n'}
[1.503449] (robotiq_85_msgs) StdoutLine: {'line': b'-- Up-to-date symlink: /home/kishu/roboticslab-technical-project/ros2_ws/install/robotiq_85_msgs/share/robotiq_85_msgs/local_setup.dsv\n'}
[1.503965] (robotiq_85_msgs) StdoutLine: {'line': b'-- Symlinking: /home/kishu/roboticslab-technical-project/ros2_ws/install/robotiq_85_msgs/share/robotiq_85_msgs/package.dsv\n'}
[1.504203] (gazebo_ros_link_attacher) StdoutLine: {'line': b'-- Up-to-date symlink: /home/kishu/roboticslab-technical-project/ros2_ws/install/gazebo_ros_link_attacher/share/ament_index/resource_index/rosidl_interfaces/gazebo_ros_link_attacher\n'}
[1.506641] (-) TimerEvent: {}
[1.510047] (gazebo_ros_link_attacher) StdoutLine: {'line': b'-- Up-to-date symlink: /home/kishu/roboticslab-technical-project/ros2_ws/install/gazebo_ros_link_attacher/include/gazebo_ros_link_attacher/gazebo_ros_link_attacher/msg/rosidl_generator_c__visibility_control.h\n'}
[1.512169] (gazebo_ros_link_attacher) StdoutLine: {'line': b'-- Up-to-date symlink: /home/kishu/roboticslab-technical-project/ros2_ws/install/gazebo_ros_link_attacher/include/gazebo_ros_link_attacher/gazebo_ros_link_attacher/srv/attach.h\n'}
[1.514065] (gazebo_ros_link_attacher) StdoutLine: {'line': b'-- Up-to-date symlink: /home/kishu/roboticslab-technical-project/ros2_ws/install/gazebo_ros_link_attacher/include/gazebo_ros_link_attacher/gazebo_ros_link_attacher/srv/detail/attach__functions.h\n'}
[1.515795] (gazebo_ros_link_attacher) StdoutLine: {'line': b'-- Up-to-date symlink: /home/kishu/roboticslab-technical-project/ros2_ws/install/gazebo_ros_link_attacher/include/gazebo_ros_link_attacher/gazebo_ros_link_attacher/srv/detail/attach__struct.h\n'}
[1.517715] (gazebo_ros_link_attacher) StdoutLine: {'line': b'-- Up-to-date symlink: /home/kishu/roboticslab-technical-project/ros2_ws/install/gazebo_ros_link_attacher/include/gazebo_ros_link_attacher/gazebo_ros_link_attacher/srv/detail/attach__type_support.h\n'}
[1.520875] (gazebo_ros_link_attacher) StdoutLine: {'line': b'-- Up-to-date symlink: /home/kishu/roboticslab-technical-project/ros2_ws/install/gazebo_ros_link_attacher/share/gazebo_ros_link_attacher/environment/library_path.sh\n'}
[1.526718] (gazebo_ros_link_attacher) StdoutLine: {'line': b'-- Up-to-date symlink: /home/kishu/roboticslab-technical-project/ros2_ws/install/gazebo_ros_link_attacher/share/gazebo_ros_link_attacher/environment/library_path.dsv\n'}
[1.528469] (gazebo_ros_link_attacher) StdoutLine: {'line': b'-- Up-to-date symlink: /home/kishu/roboticslab-technical-project/ros2_ws/install/gazebo_ros_link_attacher/include/gazebo_ros_link_attacher/gazebo_ros_link_attacher/msg/rosidl_typesupport_fastrtps_c__visibility_control.h\n'}
[1.530450] (gazebo_ros_link_attacher) StdoutLine: {'line': b'-- Up-to-date symlink: /home/kishu/roboticslab-technical-project/ros2_ws/install/gazebo_ros_link_attacher/include/gazebo_ros_link_attacher/gazebo_ros_link_attacher/srv/detail/attach__rosidl_typesupport_fastrtps_c.h\n'}
[1.531715] (robotiq_85_msgs) StdoutLine: {'line': b'-- Up-to-date symlink: /home/kishu/roboticslab-technical-project/ros2_ws/install/robotiq_85_msgs/share/ament_index/resource_index/packages/robotiq_85_msgs\n'}
[1.532937] (robotiq_85_msgs) StdoutLine: {'line': b'-- Up-to-date symlink: /home/kishu/roboticslab-technical-project/ros2_ws/install/robotiq_85_msgs/share/robotiq_85_msgs/cmake/rosidl_cmake-extras.cmake\n'}
[1.533326] (gazebo_ros_link_attacher) StdoutLine: {'line': b'-- Up-to-date symlink: /home/kishu/roboticslab-technical-project/ros2_ws/install/gazebo_ros_link_attacher/include/gazebo_ros_link_attacher/gazebo_ros_link_attacher/msg/rosidl_generator_cpp__visibility_control.hpp\n'}
[1.533521] (gazebo_ros_link_attacher) StdoutLine: {'line': b'-- Up-to-date symlink: /home/kishu/roboticslab-technical-project/ros2_ws/install/gazebo_ros_link_attacher/include/gazebo_ros_link_attacher/gazebo_ros_link_attacher/srv/attach.hpp\n'}
[1.534984] (robotiq_85_msgs) StdoutLine: {'line': b'-- Up-to-date symlink: /home/kishu/roboticslab-technical-project/ros2_ws/install/robotiq_85_msgs/share/robotiq_85_msgs/cmake/ament_cmake_export_dependencies-extras.cmake\n'}
[1.535287] (gazebo_ros_link_attacher) StdoutLine: {'line': b'-- Up-to-date symlink: /home/kishu/roboticslab-technical-project/ros2_ws/install/gazebo_ros_link_attacher/include/gazebo_ros_link_attacher/gazebo_ros_link_attacher/srv/detail/attach__builder.hpp\n'}
[1.535938] (gazebo_ros_link_attacher) StdoutLine: {'line': b'-- Up-to-date symlink: /home/kishu/roboticslab-technical-project/ros2_ws/install/gazebo_ros_link_attacher/include/gazebo_ros_link_attacher/gazebo_ros_link_attacher/srv/detail/attach__struct.hpp\n'}
[1.536534] (gazebo_ros_link_attacher) StdoutLine: {'line': b'-- Up-to-date symlink: /home/kishu/roboticslab-technical-project/ros2_ws/install/gazebo_ros_link_attacher/include/gazebo_ros_link_attacher/gazebo_ros_link_attacher/srv/detail/attach__traits.hpp\n'}
[1.537638] (robotiq_85_msgs) StdoutLine: {'line': b'-- Up-to-date symlink: /home/kishu/roboticslab-technical-project/ros2_ws/install/robotiq_85_msgs/share/robotiq_85_msgs/cmake/ament_cmake_export_include_directories-extras.cmake\n'}
[1.537884] (gazebo_ros_link_attacher) StdoutLine: {'line': b'-- Up-to-date symlink: /home/kishu/roboticslab-technical-project/ros2_ws/install/gazebo_ros_link_attacher/include/gazebo_ros_link_attacher/gazebo_ros_link_attacher/srv/detail/attach__type_support.hpp\n'}
[1.539856] (gazebo_ros_link_attacher) StdoutLine: {'line': b'-- Up-to-date symlink: /home/kishu/roboticslab-technical-project/ros2_ws/install/gazebo_ros_link_attacher/include/gazebo_ros_link_attacher/gazebo_ros_link_attacher/msg/rosidl_typesupport_fastrtps_cpp__visibility_control.h\n'}
[1.540340] (robotiq_85_msgs) StdoutLine: {'line': b'-- Up-to-date symlink: /home/kishu/roboticslab-technical-project/ros2_ws/install/robotiq_85_msgs/share/robotiq_85_msgs/cmake/ament_cmake_export_libraries-extras.cmake\n'}
[1.540586] (gazebo_ros_link_attacher) StdoutLine: {'line': b'-- Up-to-date symlink: /home/kishu/roboticslab-technical-project/ros2_ws/install/gazebo_ros_link_attacher/include/gazebo_ros_link_attacher/gazebo_ros_link_attacher/srv/detail/attach__rosidl_typesupport_fastrtps_cpp.hpp\n'}
[1.541779] (gazebo_ros_link_attacher) StdoutLine: {'line': b'-- Up-to-date symlink: /home/kishu/roboticslab-technical-project/ros2_ws/install/gazebo_ros_link_attacher/include/gazebo_ros_link_attacher/gazebo_ros_link_attacher/msg/rosidl_typesupport_introspection_c__visibility_control.h\n'}
[1.543289] (robotiq_85_msgs) StdoutLine: {'line': b'-- Up-to-date symlink: /home/kishu/roboticslab-technical-project/ros2_ws/install/robotiq_85_msgs/share/robotiq_85_msgs/cmake/ament_cmake_export_targets-extras.cmake\n'}
[1.545288] (robotiq_85_msgs) StdoutLine: {'line': b'-- Up-to-date symlink: /home/kishu/roboticslab-technical-project/ros2_ws/install/robotiq_85_msgs/share/robotiq_85_msgs/cmake/rosidl_cmake_export_typesupport_targets-extras.cmake\n'}
[1.545940] (gazebo_ros_link_attacher) StdoutLine: {'line': b'-- Up-to-date symlink: /home/kishu/roboticslab-technical-project/ros2_ws/install/gazebo_ros_link_attacher/include/gazebo_ros_link_attacher/gazebo_ros_link_attacher/srv/detail/attach__rosidl_typesupport_introspection_c.h\n'}
[1.546210] (gazebo_ros_link_attacher) StdoutLine: {'line': b'-- Up-to-date symlink: /home/kishu/roboticslab-technical-project/ros2_ws/install/gazebo_ros_link_attacher/include/gazebo_ros_link_attacher/gazebo_ros_link_attacher/srv/detail/attach__rosidl_typesupport_introspection_cpp.hpp\n'}
[1.547998] (gazebo_ros_link_attacher) StdoutLine: {'line': b'-- Up-to-date symlink: /home/kishu/roboticslab-technical-project/ros2_ws/install/gazebo_ros_link_attacher/share/gazebo_ros_link_attacher/environment/pythonpath.sh\n'}
[1.548568] (gazebo_ros_link_attacher) StdoutLine: {'line': b'-- Up-to-date symlink: /home/kishu/roboticslab-technical-project/ros2_ws/install/gazebo_ros_link_attacher/share/gazebo_ros_link_attacher/environment/pythonpath.dsv\n'}
[1.549205] (robotiq_85_msgs) StdoutLine: {'line': b'-- Up-to-date symlink: /home/kishu/roboticslab-technical-project/ros2_ws/install/robotiq_85_msgs/share/robotiq_85_msgs/cmake/rosidl_cmake_export_typesupport_libraries-extras.cmake\n'}
[1.549473] (robotiq_85_msgs) StdoutLine: {'line': b'-- Up-to-date symlink: /home/kishu/roboticslab-technical-project/ros2_ws/install/robotiq_85_msgs/share/robotiq_85_msgs/cmake/robotiq_85_msgsConfig.cmake\n'}
[1.550696] (robotiq_85_msgs) StdoutLine: {'line': b'-- Up-to-date symlink: /home/kishu/roboticslab-technical-project/ros2_ws/install/robotiq_85_msgs/share/robotiq_85_msgs/cmake/robotiq_85_msgsConfig-version.cmake\n'}
[1.552464] (robotiq_85_msgs) StdoutLine: {'line': b'-- Up-to-date symlink: /home/kishu/roboticslab-technical-project/ros2_ws/install/robotiq_85_msgs/share/robotiq_85_msgs/package.xml\n'}
[1.554270] (gazebo_ros_link_attacher) StdoutLine: {'line': b'-- Up-to-date symlink: /home/kishu/roboticslab-technical-project/ros2_ws/install/gazebo_ros_link_attacher/local/lib/python3.10/dist-packages/gazebo_ros_link_attacher-0.0.0-py3.10.egg-info/PKG-INFO\n'}
[1.555658] (robotiq_85_msgs) StdoutLine: {'line': b'-- Up-to-date: /home/kishu/roboticslab-technical-project/ros2_ws/install/robotiq_85_msgs/lib/librobotiq_85_msgs__rosidl_generator_c.so\n'}
[1.556277] (gazebo_ros_link_attacher) StdoutLine: {'line': b'-- Up-to-date symlink: /home/kishu/roboticslab-technical-project/ros2_ws/install/gazebo_ros_link_attacher/local/lib/python3.10/dist-packages/gazebo_ros_link_attacher-0.0.0-py3.10.egg-info/SOURCES.txt\n'}
[1.556756] (gazebo_ros_link_attacher) StdoutLine: {'line': b'-- Up-to-date symlink: /home/kishu/roboticslab-technical-project/ros2_ws/install/gazebo_ros_link_attacher/local/lib/python3.10/dist-packages/gazebo_ros_link_attacher-0.0.0-py3.10.egg-info/dependency_links.txt\n'}
[1.561406] (robotiq_85_msgs) StdoutLine: {'line': b'-- Up-to-date: /home/kishu/roboticslab-technical-project/ros2_ws/install/robotiq_85_msgs/lib/librobotiq_85_msgs__rosidl_typesupport_fastrtps_c.so\n'}
[1.563627] (gazebo_ros_link_attacher) StdoutLine: {'line': b'-- Up-to-date symlink: /home/kishu/roboticslab-technical-project/ros2_ws/install/gazebo_ros_link_attacher/local/lib/python3.10/dist-packages/gazebo_ros_link_attacher-0.0.0-py3.10.egg-info/top_level.txt\n'}
[1.583044] (gazebo_ros_link_attacher) StdoutLine: {'line': b'-- Up-to-date symlink: /home/kishu/roboticslab-technical-project/ros2_ws/install/gazebo_ros_link_attacher/local/lib/python3.10/dist-packages/gazebo_ros_link_attacher/__init__.py\n'}
[1.583382] (robotiq_85_msgs) StdoutLine: {'line': b'-- Up-to-date: /home/kishu/roboticslab-technical-project/ros2_ws/install/robotiq_85_msgs/lib/librobotiq_85_msgs__rosidl_typesupport_fastrtps_cpp.so\n'}
[1.584719] (gazebo_ros_link_attacher) StdoutLine: {'line': b'-- Up-to-date symlink: /home/kishu/roboticslab-technical-project/ros2_ws/install/gazebo_ros_link_attacher/local/lib/python3.10/dist-packages/gazebo_ros_link_attacher/_gazebo_ros_link_attacher_s.ep.rosidl_typesupport_c.c\n'}
[1.590493] (robotiq_85_msgs) StdoutLine: {'line': b'-- Up-to-date: /home/kishu/roboticslab-technical-project/ros2_ws/install/robotiq_85_msgs/lib/librobotiq_85_msgs__rosidl_typesupport_introspection_c.so\n'}
[1.590848] (gazebo_ros_link_attacher) StdoutLine: {'line': b'-- Up-to-date symlink: /home/kishu/roboticslab-technical-project/ros2_ws/install/gazebo_ros_link_attacher/local/lib/python3.10/dist-packages/gazebo_ros_link_attacher/_gazebo_ros_link_attacher_s.ep.rosidl_typesupport_fastrtps_c.c\n'}
[1.591878] (gazebo_ros_link_attacher) StdoutLine: {'line': b'-- Up-to-date symlink: /home/kishu/roboticslab-technical-project/ros2_ws/install/gazebo_ros_link_attacher/local/lib/python3.10/dist-packages/gazebo_ros_link_attacher/_gazebo_ros_link_attacher_s.ep.rosidl_typesupport_introspection_c.c\n'}
[1.593055] (robotiq_85_msgs) StdoutLine: {'line': b'-- Up-to-date: /home/kishu/roboticslab-technical-project/ros2_ws/install/robotiq_85_msgs/lib/librobotiq_85_msgs__rosidl_typesupport_c.so\n'}
[1.593765] (gazebo_ros_link_attacher) StdoutLine: {'line': b'-- Up-to-date symlink: /home/kishu/roboticslab-technical-project/ros2_ws/install/gazebo_ros_link_attacher/local/lib/python3.10/dist-packages/gazebo_ros_link_attacher/gazebo_ros_link_attacher_s__rosidl_typesupport_c.cpython-310-x86_64-linux-gnu.so\n'}
[1.596278] (gazebo_ros_link_attacher) StdoutLine: {'line': b'-- Up-to-date symlink: /home/kishu/roboticslab-technical-project/ros2_ws/install/gazebo_ros_link_attacher/local/lib/python3.10/dist-packages/gazebo_ros_link_attacher/gazebo_ros_link_attacher_s__rosidl_typesupport_fastrtps_c.cpython-310-x86_64-linux-gnu.so\n'}
[1.606775] (-) TimerEvent: {}
[1.609452] (gazebo_ros_link_attacher) StdoutLine: {'line': b'-- Up-to-date symlink: /home/kishu/roboticslab-technical-project/ros2_ws/install/gazebo_ros_link_attacher/local/lib/python3.10/dist-packages/gazebo_ros_link_attacher/gazebo_ros_link_attacher_s__rosidl_typesupport_introspection_c.cpython-310-x86_64-linux-gnu.so\n'}
[1.609787] (robotiq_85_msgs) StdoutLine: {'line': b'-- Up-to-date: /home/kishu/roboticslab-technical-project/ros2_ws/install/robotiq_85_msgs/lib/librobotiq_85_msgs__rosidl_typesupport_introspection_cpp.so\n'}
[1.610798] (gazebo_ros_link_attacher) StdoutLine: {'line': b'-- Up-to-date symlink: /home/kishu/roboticslab-technical-project/ros2_ws/install/gazebo_ros_link_attacher/local/lib/python3.10/dist-packages/gazebo_ros_link_attacher/libgazebo_ros_link_attacher__rosidl_generator_py.so\n'}
[1.611277] (robotiq_85_msgs) StdoutLine: {'line': b'-- Up-to-date: /home/kishu/roboticslab-technical-project/ros2_ws/install/robotiq_85_msgs/lib/librobotiq_85_msgs__rosidl_typesupport_cpp.so\n'}
[1.612491] (gazebo_ros_link_attacher) StdoutLine: {'line': b'-- Up-to-date symlink: /home/kishu/roboticslab-technical-project/ros2_ws/install/gazebo_ros_link_attacher/local/lib/python3.10/dist-packages/gazebo_ros_link_attacher/srv/__init__.py\n'}
[1.613217] (gazebo_ros_link_attacher) StdoutLine: {'line': b'-- Up-to-date symlink: /home/kishu/roboticslab-technical-project/ros2_ws/install/gazebo_ros_link_attacher/local/lib/python3.10/dist-packages/gazebo_ros_link_attacher/srv/_attach.py\n'}
[1.613834] (gazebo_ros_link_attacher) StdoutLine: {'line': b'-- Up-to-date symlink: /home/kishu/roboticslab-technical-project/ros2_ws/install/gazebo_ros_link_attacher/local/lib/python3.10/dist-packages/gazebo_ros_link_attacher/srv/_attach_s.c\n'}
[1.614858] (gazebo_ros_link_attacher) StdoutLine: {'line': b'-- Up-to-date symlink: /home/kishu/roboticslab-technical-project/ros2_ws/install/gazebo_ros_link_attacher/local/lib/python3.10/dist-packages/gazebo_ros_link_attacher/gazebo_ros_link_attacher_s__rosidl_typesupport_fastrtps_c.cpython-310-x86_64-linux-gnu.so\n'}
[1.616003] (gazebo_ros_link_attacher) StdoutLine: {'line': b'-- Up-to-date symlink: /home/kishu/roboticslab-technical-project/ros2_ws/install/gazebo_ros_link_attacher/local/lib/python3.10/dist-packages/gazebo_ros_link_attacher/gazebo_ros_link_attacher_s__rosidl_typesupport_introspection_c.cpython-310-x86_64-linux-gnu.so\n'}
[1.616922] (gazebo_ros_link_attacher) StdoutLine: {'line': b'-- Up-to-date symlink: /home/kishu/roboticslab-technical-project/ros2_ws/install/gazebo_ros_link_attacher/local/lib/python3.10/dist-packages/gazebo_ros_link_attacher/gazebo_ros_link_attacher_s__rosidl_typesupport_c.cpython-310-x86_64-linux-gnu.so\n'}
[1.624812] (gazebo_ros_link_attacher) StdoutLine: {'line': b'-- Up-to-date symlink: /home/kishu/roboticslab-technical-project/ros2_ws/install/gazebo_ros_link_attacher/share/gazebo_ros_link_attacher/srv/Attach.idl\n'}
[1.625838] (gazebo_ros_link_attacher) StdoutLine: {'line': b'-- Up-to-date symlink: /home/kishu/roboticslab-technical-project/ros2_ws/install/gazebo_ros_link_attacher/share/gazebo_ros_link_attacher/srv/Attach.srv\n'}
[1.626670] (gazebo_ros_link_attacher) StdoutLine: {'line': b'-- Up-to-date symlink: /home/kishu/roboticslab-technical-project/ros2_ws/install/gazebo_ros_link_attacher/share/gazebo_ros_link_attacher/srv/Attach_Request.msg\n'}
[1.627449] (gazebo_ros_link_attacher) StdoutLine: {'line': b'-- Up-to-date symlink: /home/kishu/roboticslab-technical-project/ros2_ws/install/gazebo_ros_link_attacher/share/gazebo_ros_link_attacher/srv/Attach_Response.msg\n'}
[1.628945] (gazebo_ros_link_attacher) StdoutLine: {'line': b'-- Up-to-date symlink: /home/kishu/roboticslab-technical-project/ros2_ws/install/gazebo_ros_link_attacher/lib/libgazebo_ros_link_attacher_plugin.so\n'}
[1.630274] (gazebo_ros_link_attacher) StdoutLine: {'line': b'-- Up-to-date symlink: /home/kishu/roboticslab-technical-project/ros2_ws/install/gazebo_ros_link_attacher/lib/gazebo_ros_link_attacher/demo.py\n'}
[1.631071] (gazebo_ros_link_attacher) StdoutLine: {'line': b'-- Up-to-date symlink: /home/kishu/roboticslab-technical-project/ros2_ws/install/gazebo_ros_link_attacher/lib/gazebo_ros_link_attacher/demo_multiple.py\n'}
[1.631858] (gazebo_ros_link_attacher) StdoutLine: {'line': b'-- Up-to-date symlink: /home/kishu/roboticslab-technical-project/ros2_ws/install/gazebo_ros_link_attacher/lib/gazebo_ros_link_attacher/spawn_models.py\n'}
[1.633025] (gazebo_ros_link_attacher) StdoutLine: {'line': b'-- Up-to-date symlink: /home/kishu/roboticslab-technical-project/ros2_ws/install/gazebo_ros_link_attacher/lib/gazebo_ros_link_attacher/attach.py\n'}
[1.634417] (gazebo_ros_link_attacher) StdoutLine: {'line': b'-- Up-to-date symlink: /home/kishu/roboticslab-technical-project/ros2_ws/install/gazebo_ros_link_attacher/lib/gazebo_ros_link_attacher/detach.py\n'}
[1.639545] (gazebo_ros_link_attacher) StdoutLine: {'line': b'-- Up-to-date symlink: /home/kishu/roboticslab-technical-project/ros2_ws/install/gazebo_ros_link_attacher/share/gazebo_ros_link_attacher/launch/test_attacher.py\n'}
[1.641176] (gazebo_ros_link_attacher) StdoutLine: {'line': b'-- Up-to-date symlink: /home/kishu/roboticslab-technical-project/ros2_ws/install/gazebo_ros_link_attacher/share/gazebo_ros_link_attacher/worlds/test_attacher.world\n'}
[1.642263] (gazebo_ros_link_attacher) StdoutLine: {'line': b'-- Up-to-date symlink: /home/kishu/roboticslab-technical-project/ros2_ws/install/gazebo_ros_link_attacher/share/ament_index/resource_index/package_run_dependencies/gazebo_ros_link_attacher\n'}
[1.643382] (gazebo_ros_link_attacher) StdoutLine: {'line': b'-- Up-to-date symlink: /home/kishu/roboticslab-technical-project/ros2_ws/install/gazebo_ros_link_attacher/share/ament_index/resource_index/parent_prefix_path/gazebo_ros_link_attacher\n'}
[1.644161] (gazebo_ros_link_attacher) StdoutLine: {'line': b'-- Up-to-date symlink: /home/kishu/roboticslab-technical-project/ros2_ws/install/gazebo_ros_link_attacher/share/gazebo_ros_link_attacher/environment/ament_prefix_path.sh\n'}
[1.644936] (gazebo_ros_link_attacher) StdoutLine: {'line': b'-- Up-to-date symlink: /home/kishu/roboticslab-technical-project/ros2_ws/install/gazebo_ros_link_attacher/share/gazebo_ros_link_attacher/environment/ament_prefix_path.dsv\n'}
[1.645889] (gazebo_ros_link_attacher) StdoutLine: {'line': b'-- Up-to-date symlink: /home/kishu/roboticslab-technical-project/ros2_ws/install/gazebo_ros_link_attacher/share/gazebo_ros_link_attacher/environment/path.sh\n'}
[1.647560] (gazebo_ros_link_attacher) StdoutLine: {'line': b'-- Up-to-date symlink: /home/kishu/roboticslab-technical-project/ros2_ws/install/gazebo_ros_link_attacher/share/gazebo_ros_link_attacher/environment/path.dsv\n'}
[1.648442] (gazebo_ros_link_attacher) StdoutLine: {'line': b'-- Up-to-date symlink: /home/kishu/roboticslab-technical-project/ros2_ws/install/gazebo_ros_link_attacher/share/gazebo_ros_link_attacher/local_setup.bash\n'}
[1.649249] (gazebo_ros_link_attacher) StdoutLine: {'line': b'-- Up-to-date symlink: /home/kishu/roboticslab-technical-project/ros2_ws/install/gazebo_ros_link_attacher/share/gazebo_ros_link_attacher/local_setup.sh\n'}
[1.650058] (gazebo_ros_link_attacher) StdoutLine: {'line': b'-- Up-to-date symlink: /home/kishu/roboticslab-technical-project/ros2_ws/install/gazebo_ros_link_attacher/share/gazebo_ros_link_attacher/local_setup.zsh\n'}
[1.651500] (gazebo_ros_link_attacher) StdoutLine: {'line': b'-- Up-to-date symlink: /home/kishu/roboticslab-technical-project/ros2_ws/install/gazebo_ros_link_attacher/share/gazebo_ros_link_attacher/local_setup.dsv\n'}
[1.651938] (gazebo_ros_link_attacher) StdoutLine: {'line': b'-- Symlinking: /home/kishu/roboticslab-technical-project/ros2_ws/install/gazebo_ros_link_attacher/share/gazebo_ros_link_attacher/package.dsv\n'}
[1.666078] (gazebo_ros_link_attacher) StdoutLine: {'line': b'-- Up-to-date symlink: /home/kishu/roboticslab-technical-project/ros2_ws/install/gazebo_ros_link_attacher/share/ament_index/resource_index/packages/gazebo_ros_link_attacher\n'}
[1.667627] (gazebo_ros_link_attacher) StdoutLine: {'line': b'-- Up-to-date symlink: /home/kishu/roboticslab-technical-project/ros2_ws/install/gazebo_ros_link_attacher/share/gazebo_ros_link_attacher/cmake/rosidl_cmake-extras.cmake\n'}
[1.668509] (gazebo_ros_link_attacher) StdoutLine: {'line': b'-- Up-to-date symlink: /home/kishu/roboticslab-technical-project/ros2_ws/install/gazebo_ros_link_attacher/share/gazebo_ros_link_attacher/cmake/ament_cmake_export_dependencies-extras.cmake\n'}
[1.669431] (gazebo_ros_link_attacher) StdoutLine: {'line': b'-- Up-to-date symlink: /home/kishu/roboticslab-technical-project/ros2_ws/install/gazebo_ros_link_attacher/share/gazebo_ros_link_attacher/cmake/ament_cmake_export_include_directories-extras.cmake\n'}
[1.670275] (gazebo_ros_link_attacher) StdoutLine: {'line': b'-- Up-to-date symlink: /home/kishu/roboticslab-technical-project/ros2_ws/install/gazebo_ros_link_attacher/share/gazebo_ros_link_attacher/cmake/ament_cmake_export_libraries-extras.cmake\n'}
[1.671099] (gazebo_ros_link_attacher) StdoutLine: {'line': b'-- Up-to-date symlink: /home/kishu/roboticslab-technical-project/ros2_ws/install/gazebo_ros_link_attacher/share/gazebo_ros_link_attacher/cmake/ament_cmake_export_targets-extras.cmake\n'}
[1.671939] (gazebo_ros_link_attacher) StdoutLine: {'line': b'-- Up-to-date symlink: /home/kishu/roboticslab-technical-project/ros2_ws/install/gazebo_ros_link_attacher/share/gazebo_ros_link_attacher/cmake/rosidl_cmake_export_typesupport_targets-extras.cmake\n'}
[1.672781] (gazebo_ros_link_attacher) StdoutLine: {'line': b'-- Up-to-date symlink: /home/kishu/roboticslab-technical-project/ros2_ws/install/gazebo_ros_link_attacher/share/gazebo_ros_link_attacher/cmake/rosidl_cmake_export_typesupport_libraries-extras.cmake\n'}
[1.673756] (gazebo_ros_link_attacher) StdoutLine: {'line': b'-- Up-to-date symlink: /home/kishu/roboticslab-technical-project/ros2_ws/install/gazebo_ros_link_attacher/share/gazebo_ros_link_attacher/cmake/gazebo_ros_link_attacherConfig.cmake\n'}
[1.674556] (gazebo_ros_link_attacher) StdoutLine: {'line': b'-- Up-to-date symlink: /home/kishu/roboticslab-technical-project/ros2_ws/install/gazebo_ros_link_attacher/share/gazebo_ros_link_attacher/cmake/gazebo_ros_link_attacherConfig-version.cmake\n'}
[1.675462] (gazebo_ros_link_attacher) StdoutLine: {'line': b'-- Up-to-date symlink: /home/kishu/roboticslab-technical-project/ros2_ws/install/gazebo_ros_link_attacher/share/gazebo_ros_link_attacher/package.xml\n'}
[1.677231] (gazebo_ros_link_attacher) StdoutLine: {'line': b'-- Up-to-date: /home/kishu/roboticslab-technical-project/ros2_ws/install/gazebo_ros_link_attacher/lib/libgazebo_ros_link_attacher__rosidl_generator_c.so\n'}
[1.678948] (gazebo_ros_link_attacher) StdoutLine: {'line': b'-- Up-to-date: /home/kishu/roboticslab-technical-project/ros2_ws/install/gazebo_ros_link_attacher/lib/libgazebo_ros_link_attacher__rosidl_typesupport_fastrtps_c.so\n'}
[1.680676] (gazebo_ros_link_attacher) StdoutLine: {'line': b'-- Up-to-date: /home/kishu/roboticslab-technical-project/ros2_ws/install/gazebo_ros_link_attacher/lib/libgazebo_ros_link_attacher__rosidl_typesupport_fastrtps_cpp.so\n'}
[1.682027] (gazebo_ros_link_attacher) StdoutLine: {'line': b'-- Up-to-date: /home/kishu/roboticslab-technical-project/ros2_ws/install/gazebo_ros_link_attacher/lib/libgazebo_ros_link_attacher__rosidl_typesupport_introspection_c.so\n'}
[1.683468] (gazebo_ros_link_attacher) StdoutLine: {'line': b'-- Up-to-date: /home/kishu/roboticslab-technical-project/ros2_ws/install/gazebo_ros_link_attacher/lib/libgazebo_ros_link_attacher__rosidl_typesupport_c.so\n'}
[1.685754] (gazebo_ros_link_attacher) StdoutLine: {'line': b'-- Up-to-date: /home/kishu/roboticslab-technical-project/ros2_ws/install/gazebo_ros_link_attacher/lib/libgazebo_ros_link_attacher__rosidl_typesupport_introspection_cpp.so\n'}
[1.687671] (gazebo_ros_link_attacher) StdoutLine: {'line': b'-- Up-to-date: /home/kishu/roboticslab-technical-project/ros2_ws/install/gazebo_ros_link_attacher/lib/libgazebo_ros_link_attacher__rosidl_typesupport_cpp.so\n'}
[1.695960] (robotiq_85_msgs) StdoutLine: {'line': b"Listing '/home/kishu/roboticslab-technical-project/ros2_ws/install/robotiq_85_msgs/local/lib/python3.10/dist-packages/robotiq_85_msgs'...\n"}
[1.696331] (robotiq_85_msgs) StdoutLine: {'line': b"Listing '/home/kishu/roboticslab-technical-project/ros2_ws/install/robotiq_85_msgs/local/lib/python3.10/dist-packages/robotiq_85_msgs/msg'...\n"}
[1.706975] (-) TimerEvent: {}
[1.708429] (robotiq_85_msgs) StdoutLine: {'line': b'-- Up-to-date: /home/kishu/roboticslab-technical-project/ros2_ws/install/robotiq_85_msgs/lib/librobotiq_85_msgs__rosidl_generator_py.so\n'}
[1.711160] (robotiq_85_msgs) StdoutLine: {'line': b'-- Up-to-date: /home/kishu/roboticslab-technical-project/ros2_ws/install/robotiq_85_msgs/share/robotiq_85_msgs/cmake/export_robotiq_85_msgs__rosidl_generator_cExport.cmake\n'}
[1.711624] (robotiq_85_msgs) StdoutLine: {'line': b'-- Up-to-date: /home/kishu/roboticslab-technical-project/ros2_ws/install/robotiq_85_msgs/share/robotiq_85_msgs/cmake/export_robotiq_85_msgs__rosidl_generator_cExport-noconfig.cmake\n'}
[1.712748] (robotiq_85_msgs) StdoutLine: {'line': b'-- Up-to-date: /home/kishu/roboticslab-technical-project/ros2_ws/install/robotiq_85_msgs/share/robotiq_85_msgs/cmake/export_robotiq_85_msgs__rosidl_typesupport_fastrtps_cExport.cmake\n'}
[1.713300] (robotiq_85_msgs) StdoutLine: {'line': b'-- Up-to-date: /home/kishu/roboticslab-technical-project/ros2_ws/install/robotiq_85_msgs/share/robotiq_85_msgs/cmake/export_robotiq_85_msgs__rosidl_typesupport_fastrtps_cExport-noconfig.cmake\n'}
[1.713880] (robotiq_85_msgs) StdoutLine: {'line': b'-- Up-to-date: /home/kishu/roboticslab-technical-project/ros2_ws/install/robotiq_85_msgs/share/robotiq_85_msgs/cmake/export_robotiq_85_msgs__rosidl_generator_cppExport.cmake\n'}
[1.715186] (robotiq_85_msgs) StdoutLine: {'line': b'-- Up-to-date: /home/kishu/roboticslab-technical-project/ros2_ws/install/robotiq_85_msgs/share/robotiq_85_msgs/cmake/export_robotiq_85_msgs__rosidl_typesupport_fastrtps_cppExport.cmake\n'}
[1.715572] (robotiq_85_msgs) StdoutLine: {'line': b'-- Up-to-date: /home/kishu/roboticslab-technical-project/ros2_ws/install/robotiq_85_msgs/share/robotiq_85_msgs/cmake/export_robotiq_85_msgs__rosidl_typesupport_fastrtps_cppExport-noconfig.cmake\n'}
[1.716429] (robotiq_85_msgs) StdoutLine: {'line': b'-- Up-to-date: /home/kishu/roboticslab-technical-project/ros2_ws/install/robotiq_85_msgs/share/robotiq_85_msgs/cmake/robotiq_85_msgs__rosidl_typesupport_introspection_cExport.cmake\n'}
[1.716792] (robotiq_85_msgs) StdoutLine: {'line': b'-- Up-to-date: /home/kishu/roboticslab-technical-project/ros2_ws/install/robotiq_85_msgs/share/robotiq_85_msgs/cmake/robotiq_85_msgs__rosidl_typesupport_introspection_cExport-noconfig.cmake\n'}
[1.719238] (robotiq_85_msgs) StdoutLine: {'line': b'-- Up-to-date: /home/kishu/roboticslab-technical-project/ros2_ws/install/robotiq_85_msgs/share/robotiq_85_msgs/cmake/robotiq_85_msgs__rosidl_typesupport_cExport.cmake\n'}
[1.720180] (robotiq_85_msgs) StdoutLine: {'line': b'-- Up-to-date: /home/kishu/roboticslab-technical-project/ros2_ws/install/robotiq_85_msgs/share/robotiq_85_msgs/cmake/robotiq_85_msgs__rosidl_typesupport_cExport-noconfig.cmake\n'}
[1.721439] (robotiq_85_msgs) StdoutLine: {'line': b'-- Up-to-date: /home/kishu/roboticslab-technical-project/ros2_ws/install/robotiq_85_msgs/share/robotiq_85_msgs/cmake/robotiq_85_msgs__rosidl_typesupport_introspection_cppExport.cmake\n'}
[1.721769] (robotiq_85_msgs) StdoutLine: {'line': b'-- Up-to-date: /home/kishu/roboticslab-technical-project/ros2_ws/install/robotiq_85_msgs/share/robotiq_85_msgs/cmake/robotiq_85_msgs__rosidl_typesupport_introspection_cppExport-noconfig.cmake\n'}
[1.722710] (robotiq_85_msgs) StdoutLine: {'line': b'-- Up-to-date: /home/kishu/roboticslab-technical-project/ros2_ws/install/robotiq_85_msgs/share/robotiq_85_msgs/cmake/robotiq_85_msgs__rosidl_typesupport_cppExport.cmake\n'}
[1.723134] (robotiq_85_msgs) StdoutLine: {'line': b'-- Up-to-date: /home/kishu/roboticslab-technical-project/ros2_ws/install/robotiq_85_msgs/share/robotiq_85_msgs/cmake/robotiq_85_msgs__rosidl_typesupport_cppExport-noconfig.cmake\n'}
[1.724344] (robotiq_85_msgs) StdoutLine: {'line': b'-- Up-to-date: /home/kishu/roboticslab-technical-project/ros2_ws/install/robotiq_85_msgs/share/robotiq_85_msgs/cmake/export_robotiq_85_msgs__rosidl_generator_pyExport.cmake\n'}
[1.724720] (robotiq_85_msgs) StdoutLine: {'line': b'-- Up-to-date: /home/kishu/roboticslab-technical-project/ros2_ws/install/robotiq_85_msgs/share/robotiq_85_msgs/cmake/export_robotiq_85_msgs__rosidl_generator_pyExport-noconfig.cmake\n'}
[1.730830] (robotiq_85_msgs) CommandEnded: {'returncode': 0}
[1.758993] (gazebo_ros_link_attacher) StdoutLine: {'line': b"Listing '/home/kishu/roboticslab-technical-project/ros2_ws/install/gazebo_ros_link_attacher/local/lib/python3.10/dist-packages/gazebo_ros_link_attacher'...\n"}
[1.759808] (gazebo_ros_link_attacher) StdoutLine: {'line': b"Listing '/home/kishu/roboticslab-technical-project/ros2_ws/install/gazebo_ros_link_attacher/local/lib/python3.10/dist-packages/gazebo_ros_link_attacher/srv'...\n"}
[1.774304] (gazebo_ros_link_attacher) StdoutLine: {'line': b'-- Up-to-date: /home/kishu/roboticslab-technical-project/ros2_ws/install/gazebo_ros_link_attacher/lib/libgazebo_ros_link_attacher__rosidl_generator_py.so\n'}
[1.776152] (gazebo_ros_link_attacher) StdoutLine: {'line': b'-- Up-to-date: /home/kishu/roboticslab-technical-project/ros2_ws/install/gazebo_ros_link_attacher/share/gazebo_ros_link_attacher/cmake/export_gazebo_ros_link_attacher__rosidl_generator_cExport.cmake\n'}
[1.777073] (gazebo_ros_link_attacher) StdoutLine: {'line': b'-- Up-to-date: /home/kishu/roboticslab-technical-project/ros2_ws/install/gazebo_ros_link_attacher/share/gazebo_ros_link_attacher/cmake/export_gazebo_ros_link_attacher__rosidl_generator_cExport-noconfig.cmake\n'}
[1.778815] (gazebo_ros_link_attacher) StdoutLine: {'line': b'-- Up-to-date: /home/kishu/roboticslab-technical-project/ros2_ws/install/gazebo_ros_link_attacher/share/gazebo_ros_link_attacher/cmake/export_gazebo_ros_link_attacher__rosidl_typesupport_fastrtps_cExport.cmake\n'}
[1.779275] (gazebo_ros_link_attacher) StdoutLine: {'line': b'-- Up-to-date: /home/kishu/roboticslab-technical-project/ros2_ws/install/gazebo_ros_link_attacher/share/gazebo_ros_link_attacher/cmake/export_gazebo_ros_link_attacher__rosidl_typesupport_fastrtps_cExport-noconfig.cmake\n'}
[1.779885] (gazebo_ros_link_attacher) StdoutLine: {'line': b'-- Up-to-date: /home/kishu/roboticslab-technical-project/ros2_ws/install/gazebo_ros_link_attacher/share/gazebo_ros_link_attacher/cmake/export_gazebo_ros_link_attacher__rosidl_generator_cppExport.cmake\n'}
[1.781319] (gazebo_ros_link_attacher) StdoutLine: {'line': b'-- Up-to-date: /home/kishu/roboticslab-technical-project/ros2_ws/install/gazebo_ros_link_attacher/share/gazebo_ros_link_attacher/cmake/export_gazebo_ros_link_attacher__rosidl_typesupport_fastrtps_cppExport.cmake\n'}
[1.781688] (gazebo_ros_link_attacher) StdoutLine: {'line': b'-- Up-to-date: /home/kishu/roboticslab-technical-project/ros2_ws/install/gazebo_ros_link_attacher/share/gazebo_ros_link_attacher/cmake/export_gazebo_ros_link_attacher__rosidl_typesupport_fastrtps_cppExport-noconfig.cmake\n'}
[1.782067] (gazebo_ros_link_attacher) StdoutLine: {'line': b'-- Up-to-date: /home/kishu/roboticslab-technical-project/ros2_ws/install/gazebo_ros_link_attacher/share/gazebo_ros_link_attacher/cmake/gazebo_ros_link_attacher__rosidl_typesupport_introspection_cExport.cmake\n'}
[1.782712] (gazebo_ros_link_attacher) StdoutLine: {'line': b'-- Up-to-date: /home/kishu/roboticslab-technical-project/ros2_ws/install/gazebo_ros_link_attacher/share/gazebo_ros_link_attacher/cmake/gazebo_ros_link_attacher__rosidl_typesupport_introspection_cExport-noconfig.cmake\n'}
[1.784518] (gazebo_ros_link_attacher) StdoutLine: {'line': b'-- Up-to-date: /home/kishu/roboticslab-technical-project/ros2_ws/install/gazebo_ros_link_attacher/share/gazebo_ros_link_attacher/cmake/gazebo_ros_link_attacher__rosidl_typesupport_cExport.cmake\n'}
[1.785066] (gazebo_ros_link_attacher) StdoutLine: {'line': b'-- Up-to-date: /home/kishu/roboticslab-technical-project/ros2_ws/install/gazebo_ros_link_attacher/share/gazebo_ros_link_attacher/cmake/gazebo_ros_link_attacher__rosidl_typesupport_cExport-noconfig.cmake\n'}
[1.785777] (gazebo_ros_link_attacher) StdoutLine: {'line': b'-- Up-to-date: /home/kishu/roboticslab-technical-project/ros2_ws/install/gazebo_ros_link_attacher/share/gazebo_ros_link_attacher/cmake/gazebo_ros_link_attacher__rosidl_typesupport_introspection_cppExport.cmake\n'}
[1.786558] (gazebo_ros_link_attacher) StdoutLine: {'line': b'-- Up-to-date: /home/kishu/roboticslab-technical-project/ros2_ws/install/gazebo_ros_link_attacher/share/gazebo_ros_link_attacher/cmake/gazebo_ros_link_attacher__rosidl_typesupport_introspection_cppExport-noconfig.cmake\n'}
[1.788054] (gazebo_ros_link_attacher) StdoutLine: {'line': b'-- Up-to-date: /home/kishu/roboticslab-technical-project/ros2_ws/install/gazebo_ros_link_attacher/share/gazebo_ros_link_attacher/cmake/gazebo_ros_link_attacher__rosidl_typesupport_cppExport.cmake\n'}
[1.788404] (gazebo_ros_link_attacher) StdoutLine: {'line': b'-- Up-to-date: /home/kishu/roboticslab-technical-project/ros2_ws/install/gazebo_ros_link_attacher/share/gazebo_ros_link_attacher/cmake/gazebo_ros_link_attacher__rosidl_typesupport_cppExport-noconfig.cmake\n'}
[1.789654] (gazebo_ros_link_attacher) StdoutLine: {'line': b'-- Up-to-date: /home/kishu/roboticslab-technical-project/ros2_ws/install/gazebo_ros_link_attacher/share/gazebo_ros_link_attacher/cmake/export_gazebo_ros_link_attacher__rosidl_generator_pyExport.cmake\n'}
[1.790386] (gazebo_ros_link_attacher) StdoutLine: {'line': b'-- Up-to-date: /home/kishu/roboticslab-technical-project/ros2_ws/install/gazebo_ros_link_attacher/share/gazebo_ros_link_attacher/cmake/export_gazebo_ros_link_attacher__rosidl_generator_pyExport-noconfig.cmake\n'}
[1.791636] (robotiq_85_msgs) JobEnded: {'identifier': 'robotiq_85_msgs', 'rc': 0}
[1.794602] (robotiq_85_driver) JobStarted: {'identifier': 'robotiq_85_driver'}
[1.806864] (gazebo_ros_link_attacher) CommandEnded: {'returncode': 0}
[1.808453] (-) TimerEvent: {}
[1.858885] (gazebo_ros_link_attacher) JobEnded: {'identifier': 'gazebo_ros_link_attacher', 'rc': 0}
[1.908668] (-) TimerEvent: {}
[2.009140] (-) TimerEvent: {}
[2.109504] (-) TimerEvent: {}
[2.209869] (-) TimerEvent: {}
[2.310398] (-) TimerEvent: {}
[2.351904] (multi_robot_coop) Command: {'cmd': ['/usr/bin/python3', '-W', 'ignore:setup.py install is deprecated', '-W', 'ignore:easy_install command is deprecated', 'setup.py', 'develop', '--editable', '--build-directory', '/home/kishu/roboticslab-technical-project/ros2_ws/build/multi_robot_coop/build', '--no-deps', 'symlink_data'], 'cwd': '/home/kishu/roboticslab-technical-project/ros2_ws/build/multi_robot_coop', 'env': {'LESSOPEN': '| /usr/bin/lesspipe %s', 'USER': 'kishu', 'SHLVL': '1', 'LD_LIBRARY_PATH': '/usr/lib/x86_64-linux-gnu/gazebo-11/plugins:/opt/ros/humble/opt/rviz_ogre_vendor/lib:/opt/ros/humble/lib/x86_64-linux-gnu:/opt/ros/humble/lib', 'HOME': '/home/kishu', 'OLDPWD': '/home/kishu', 'ROS_PYTHON_VERSION': '3', 'DBUS_SESSION_BUS_ADDRESS': 'unix:path=/run/user/1000/bus', 'WSL_DISTRO_NAME': 'Ubuntu-22.04', 'WAYLAND_DISPLAY': 'wayland-0', 'ROS_DISTRO': 'humble', 'LOGNAME': 'kishu', 'NAME': 'DESKTOP-07TM2Q3', 'WSL_INTEROP': '/run/WSL/347_interop', 'PULSE_SERVER': 'unix:/mnt/wslg/PulseServer', '_': '/usr/bin/colcon', 'ROS_VERSION': '2', 'TERM': 'xterm-256color', 'GAZEBO_MODEL_PATH': '/home/kishu/roboticslab-technical-project/models::/opt/ros/humble/share/turtlebot3_gazebo/models', 'ROS_LOCALHOST_ONLY': '0', 'PATH': '/home/kishu/.local/bin:/opt/ros/humble/bin:/usr/local/sbin:/usr/local/bin:/usr/sbin:/usr/bin:/sbin:/bin:/usr/games:/usr/local/games:/usr/lib/wsl/lib:/mnt/c/Program Files/WindowsApps/CanonicalGroupLimited.Ubuntu22.04LTS_2204.5.10021.0_x64__79rhkp1fndgsc:/mnt/c/Windows/system32:/mnt/c/Windows:/mnt/c/Windows/System32/Wbem:/mnt/c/Windows/System32/WindowsPowerShell/v1.0/:/mnt/c/Windows/System32/OpenSSH/:/mnt/c/Program Files/Git/cmd:/mnt/c/Users/Mohamad/AppData/Local/Microsoft/WindowsApps:/mnt/c/Users/Mohamad/AppData/Local/Programs/Microsoft VS Code/bin:/mnt/c/Users/Mohamad/AppData/Local/GitHubDesktop/bin:/snap/bin', 'XDG_RUNTIME_DIR': '/run/user/1000/', 'DISPLAY': ':0', 'LANG': 'C.UTF-8', 'LS_COLORS': 'rs=0:di=01;34:ln=01;36:mh=00:pi=40;33:so=01;35:do=01;35:bd=40;33;01:cd=40;33;01:or=40;31;01:mi=00:su=37;41:sg=30;43:ca=30;41:tw=30;42:ow=34;42:st=37;44:ex=01;32:*.tar=01;31:*.tgz=01;31:*.arc=01;31:*.arj=01;31:*.taz=01;31:*.lha=01;31:*.lz4=01;31:*.lzh=01;31:*.lzma=01;31:*.tlz=01;31:*.txz=01;31:*.tzo=01;31:*.t7z=01;31:*.zip=01;31:*.z=01;31:*.dz=01;31:*.gz=01;31:*.lrz=01;31:*.lz=01;31:*.lzo=01;31:*.xz=01;31:*.zst=01;31:*.tzst=01;31:*.bz2=01;31:*.bz=01;31:*.tbz=01;31:*.tbz2=01;31:*.tz=01;31:*.deb=01;31:*.rpm=01;31:*.jar=01;31:*.war=01;31:*.ear=01;31:*.sar=01;31:*.rar=01;31:*.alz=01;31:*.ace=01;31:*.zoo=01;31:*.cpio=01;31:*.7z=01;31:*.rz=01;31:*.cab=01;31:*.wim=01;31:*.swm=01;31:*.dwm=01;31:*.esd=01;31:*.jpg=01;35:*.jpeg=01;35:*.mjpg=01;35:*.mjpeg=01;35:*.gif=01;35:*.bmp=01;35:*.pbm=01;35:*.pgm=01;35:*.ppm=01;35:*.tga=01;35:*.xbm=01;35:*.xpm=01;35:*.tif=01;35:*.tiff=01;35:*.png=01;35:*.svg=01;35:*.svgz=01;35:*.mng=01;35:*.pcx=01;35:*.mov=01;35:*.mpg=01;35:*.mpeg=01;35:*.m2v=01;35:*.mkv=01;35:*.webm=01;35:*.webp=01;35:*.ogm=01;35:*.mp4=01;35:*.m4v=01;35:*.mp4v=01;35:*.vob=01;35:*.qt=01;35:*.nuv=01;35:*.wmv=01;35:*.asf=01;35:*.rm=01;35:*.rmvb=01;35:*.flc=01;35:*.avi=01;35:*.fli=01;35:*.flv=01;35:*.gl=01;35:*.dl=01;35:*.xcf=01;35:*.xwd=01;35:*.yuv=01;35:*.cgm=01;35:*.emf=01;35:*.ogv=01;35:*.ogx=01;35:*.aac=00;36:*.au=00;36:*.flac=00;36:*.m4a=00;36:*.mid=00;36:*.midi=00;36:*.mka=00;36:*.mp3=00;36:*.mpc=00;36:*.ogg=00;36:*.ra=00;36:*.wav=00;36:*.oga=00;36:*.opus=00;36:*.spx=00;36:*.xspf=00;36:', 'AMENT_PREFIX_PATH': '/opt/ros/humble', 'SHELL': '/bin/bash', 'LESSCLOSE': '/usr/bin/lesspipe %s %s', 'PWD': '/home/kishu/roboticslab-technical-project/ros2_ws/build/multi_robot_coop', 'TURTLEBOT3_MODEL': 'waffle_pi', 'XDG_DATA_DIRS': '/usr/local/share:/usr/share:/var/lib/snapd/desktop', 'PYTHONPATH': '/home/kishu/roboticslab-technical-project/ros2_ws/build/multi_robot_coop/prefix_override:/usr/lib/python3/dist-packages/colcon_core/task/python/colcon_distutils_commands:/home/kishu/roboticslab-technical-project/ros2_ws/install/multi_robot_coop/lib/python3.10/site-packages:/opt/ros/humble/lib/python3.10/site-packages:/opt/ros/humble/local/lib/python3.10/dist-packages', 'COLCON': '1', 'WSL2_GUI_APPS_ENABLED': '1', 'HOSTTYPE': 'x86_64', 'WSLENV': ''}, 'shell': False}
[2.410553] (-) TimerEvent: {}
[2.510912] (-) TimerEvent: {}
[2.611337] (-) TimerEvent: {}
[2.711806] (-) TimerEvent: {}
[2.812269] (-) TimerEvent: {}
[2.822556] (multi_robot_coop) StdoutLine: {'line': b'running develop\n'}
[2.912421] (-) TimerEvent: {}
[3.012935] (-) TimerEvent: {}
[3.041903] (robotiq_85_driver) Command: {'cmd': ['/usr/bin/python3', '-W', 'ignore:setup.py install is deprecated', '-W', 'ignore:easy_install command is deprecated', 'setup.py', 'develop', '--editable', '--build-directory', '/home/kishu/roboticslab-technical-project/ros2_ws/build/robotiq_85_driver/build', '--no-deps', 'symlink_data'], 'cwd': '/home/kishu/roboticslab-technical-project/ros2_ws/build/robotiq_85_driver', 'env': {'LESSOPEN': '| /usr/bin/lesspipe %s', 'USER': 'kishu', 'SHLVL': '1', 'LD_LIBRARY_PATH': '/home/kishu/roboticslab-technical-project/ros2_ws/install/robotiq_85_msgs/lib:/usr/lib/x86_64-linux-gnu/gazebo-11/plugins:/opt/ros/humble/opt/rviz_ogre_vendor/lib:/opt/ros/humble/lib/x86_64-linux-gnu:/opt/ros/humble/lib', 'HOME': '/home/kishu', 'OLDPWD': '/home/kishu', 'ROS_PYTHON_VERSION': '3', 'DBUS_SESSION_BUS_ADDRESS': 'unix:path=/run/user/1000/bus', 'WSL_DISTRO_NAME': 'Ubuntu-22.04', 'WAYLAND_DISPLAY': 'wayland-0', 'ROS_DISTRO': 'humble', 'LOGNAME': 'kishu', 'NAME': 'DESKTOP-07TM2Q3', 'WSL_INTEROP': '/run/WSL/347_interop', 'PULSE_SERVER': 'unix:/mnt/wslg/PulseServer', '_': '/usr/bin/colcon', 'ROS_VERSION': '2', 'TERM': 'xterm-256color', 'GAZEBO_MODEL_PATH': '/home/kishu/roboticslab-technical-project/models::/opt/ros/humble/share/turtlebot3_gazebo/models', 'ROS_LOCALHOST_ONLY': '0', 'PATH': '/home/kishu/.local/bin:/opt/ros/humble/bin:/usr/local/sbin:/usr/local/bin:/usr/sbin:/usr/bin:/sbin:/bin:/usr/games:/usr/local/games:/usr/lib/wsl/lib:/mnt/c/Program Files/WindowsApps/CanonicalGroupLimited.Ubuntu22.04LTS_2204.5.10021.0_x64__79rhkp1fndgsc:/mnt/c/Windows/system32:/mnt/c/Windows:/mnt/c/Windows/System32/Wbem:/mnt/c/Windows/System32/WindowsPowerShell/v1.0/:/mnt/c/Windows/System32/OpenSSH/:/mnt/c/Program Files/Git/cmd:/mnt/c/Users/Mohamad/AppData/Local/Microsoft/WindowsApps:/mnt/c/Users/Mohamad/AppData/Local/Programs/Microsoft VS Code/bin:/mnt/c/Users/Mohamad/AppData/Local/GitHubDesktop/bin:/snap/bin', 'XDG_RUNTIME_DIR': '/run/user/1000/', 'DISPLAY': ':0', 'LANG': 'C.UTF-8', 'LS_COLORS': 'rs=0:di=01;34:ln=01;36:mh=00:pi=40;33:so=01;35:do=01;35:bd=40;33;01:cd=40;33;01:or=40;31;01:mi=00:su=37;41:sg=30;43:ca=30;41:tw=30;42:ow=34;42:st=37;44:ex=01;32:*.tar=01;31:*.tgz=01;31:*.arc=01;31:*.arj=01;31:*.taz=01;31:*.lha=01;31:*.lz4=01;31:*.lzh=01;31:*.lzma=01;31:*.tlz=01;31:*.txz=01;31:*.tzo=01;31:*.t7z=01;31:*.zip=01;31:*.z=01;31:*.dz=01;31:*.gz=01;31:*.lrz=01;31:*.lz=01;31:*.lzo=01;31:*.xz=01;31:*.zst=01;31:*.tzst=01;31:*.bz2=01;31:*.bz=01;31:*.tbz=01;31:*.tbz2=01;31:*.tz=01;31:*.deb=01;31:*.rpm=01;31:*.jar=01;31:*.war=01;31:*.ear=01;31:*.sar=01;31:*.rar=01;31:*.alz=01;31:*.ace=01;31:*.zoo=01;31:*.cpio=01;31:*.7z=01;31:*.rz=01;31:*.cab=01;31:*.wim=01;31:*.swm=01;31:*.dwm=01;31:*.esd=01;31:*.jpg=01;35:*.jpeg=01;35:*.mjpg=01;35:*.mjpeg=01;35:*.gif=01;35:*.bmp=01;35:*.pbm=01;35:*.pgm=01;35:*.ppm=01;35:*.tga=01;35:*.xbm=01;35:*.xpm=01;35:*.tif=01;35:*.tiff=01;35:*.png=01;35:*.svg=01;35:*.svgz=01;35:*.mng=01;35:*.pcx=01;35:*.mov=01;35:*.mpg=01;35:*.mpeg=01;35:*.m2v=01;35:*.mkv=01;35:*.webm=01;35:*.webp=01;35:*.ogm=01;35:*.mp4=01;35:*.m4v=01;35:*.mp4v=01;35:*.vob=01;35:*.qt=01;35:*.nuv=01;35:*.wmv=01;35:*.asf=01;35:*.rm=01;35:*.rmvb=01;35:*.flc=01;35:*.avi=01;35:*.fli=01;35:*.flv=01;35:*.gl=01;35:*.dl=01;35:*.xcf=01;35:*.xwd=01;35:*.yuv=01;35:*.cgm=01;35:*.emf=01;35:*.ogv=01;35:*.ogx=01;35:*.aac=00;36:*.au=00;36:*.flac=00;36:*.m4a=00;36:*.mid=00;36:*.midi=00;36:*.mka=00;36:*.mp3=00;36:*.mpc=00;36:*.ogg=00;36:*.ra=00;36:*.wav=00;36:*.oga=00;36:*.opus=00;36:*.spx=00;36:*.xspf=00;36:', 'AMENT_PREFIX_PATH': '/home/kishu/roboticslab-technical-project/ros2_ws/install/robotiq_85_msgs:/opt/ros/humble', 'SHELL': '/bin/bash', 'LESSCLOSE': '/usr/bin/lesspipe %s %s', 'PWD': '/home/kishu/roboticslab-technical-project/ros2_ws/build/robotiq_85_driver', 'TURTLEBOT3_MODEL': 'waffle_pi', 'XDG_DATA_DIRS': '/usr/local/share:/usr/share:/var/lib/snapd/desktop', 'PYTHONPATH': '/home/kishu/roboticslab-technical-project/ros2_ws/build/robotiq_85_driver/prefix_override:/usr/lib/python3/dist-packages/colcon_core/task/python/colcon_distutils_commands:/home/kishu/roboticslab-technical-project/ros2_ws/install/robotiq_85_driver/lib/python3.10/site-packages:/home/kishu/roboticslab-technical-project/ros2_ws/install/robotiq_85_msgs/local/lib/python3.10/dist-packages:/opt/ros/humble/lib/python3.10/site-packages:/opt/ros/humble/local/lib/python3.10/dist-packages', 'COLCON': '1', 'WSL2_GUI_APPS_ENABLED': '1', 'HOSTTYPE': 'x86_64', 'WSLENV': '', 'CMAKE_PREFIX_PATH': '/home/kishu/roboticslab-technical-project/ros2_ws/install/robotiq_85_msgs'}, 'shell': False}
[3.113132] (-) TimerEvent: {}
[3.172427] (multi_robot_coop) StdoutLine: {'line': b'running egg_info\n'}
[3.172818] (multi_robot_coop) StdoutLine: {'line': b'writing multi_robot_coop.egg-info/PKG-INFO\n'}
[3.173531] (multi_robot_coop) StdoutLine: {'line': b'writing dependency_links to multi_robot_coop.egg-info/dependency_links.txt\n'}
[3.174058] (multi_robot_coop) StdoutLine: {'line': b'writing entry points to multi_robot_coop.egg-info/entry_points.txt\n'}
[3.174646] (multi_robot_coop) StdoutLine: {'line': b'writing requirements to multi_robot_coop.egg-info/requires.txt\n'}
[3.175168] (multi_robot_coop) StdoutLine: {'line': b'writing top-level names to multi_robot_coop.egg-info/top_level.txt\n'}
[3.179550] (multi_robot_coop) StdoutLine: {'line': b"reading manifest file 'multi_robot_coop.egg-info/SOURCES.txt'\n"}
[3.181420] (multi_robot_coop) StdoutLine: {'line': b"writing manifest file 'multi_robot_coop.egg-info/SOURCES.txt'\n"}
[3.183763] (multi_robot_coop) StdoutLine: {'line': b'running build_ext\n'}
[3.184231] (multi_robot_coop) StdoutLine: {'line': b'Creating /home/kishu/roboticslab-technical-project/ros2_ws/install/multi_robot_coop/lib/python3.10/site-packages/multi-robot-coop.egg-link (link to .)\n'}
[3.185903] (multi_robot_coop) StdoutLine: {'line': b'Installing arm_controller script to /home/kishu/roboticslab-technical-project/ros2_ws/install/multi_robot_coop/lib/multi_robot_coop\n'}
[3.186345] (multi_robot_coop) StdoutLine: {'line': b'Installing arm_coordinator script to /home/kishu/roboticslab-technical-project/ros2_ws/install/multi_robot_coop/lib/multi_robot_coop\n'}
[3.186884] (multi_robot_coop) StdoutLine: {'line': b'Installing arm_real_controller script to /home/kishu/roboticslab-technical-project/ros2_ws/install/multi_robot_coop/lib/multi_robot_coop\n'}
[3.187215] (multi_robot_coop) StdoutLine: {'line': b'Installing scenario_coordinator script to /home/kishu/roboticslab-technical-project/ros2_ws/install/multi_robot_coop/lib/multi_robot_coop\n'}
[3.187708] (multi_robot_coop) StdoutLine: {'line': b'Installing tb3_controller script to /home/kishu/roboticslab-technical-project/ros2_ws/install/multi_robot_coop/lib/multi_robot_coop\n'}
[3.187919] (multi_robot_coop) StdoutLine: {'line': b'Installing tb3_coordinator script to /home/kishu/roboticslab-technical-project/ros2_ws/install/multi_robot_coop/lib/multi_robot_coop\n'}
[3.188341] (multi_robot_coop) StdoutLine: {'line': b'\n'}
[3.188684] (multi_robot_coop) StdoutLine: {'line': b'Installed /home/kishu/roboticslab-technical-project/ros2_ws/build/multi_robot_coop\n'}
[3.189142] (multi_robot_coop) StdoutLine: {'line': b'running symlink_data\n'}
[3.213242] (-) TimerEvent: {}
[3.243103] (multi_robot_coop) CommandEnded: {'returncode': 0}
[3.259743] (multi_robot_coop) JobEnded: {'identifier': 'multi_robot_coop', 'rc': 0}
[3.313377] (-) TimerEvent: {}
[3.413749] (-) TimerEvent: {}
[3.440615] (robotiq_85_driver) StderrLine: {'line': b"/usr/lib/python3/dist-packages/setuptools/dist.py:723: UserWarning: Usage of dash-separated 'script-dir' will not be supported in future versions. Please use the underscore name 'script_dir' instead\n"}
[3.440937] (robotiq_85_driver) StderrLine: {'line': b'  warnings.warn(\n'}
[3.479561] (robotiq_85_driver) StdoutLine: {'line': b'running develop\n'}
[3.513899] (-) TimerEvent: {}
[3.614296] (-) TimerEvent: {}
[3.714721] (-) TimerEvent: {}
[3.753757] (robotiq_85_driver) StdoutLine: {'line': b'running egg_info\n'}
[3.754302] (robotiq_85_driver) StdoutLine: {'line': b'writing robotiq_85_driver.egg-info/PKG-INFO\n'}
[3.754910] (robotiq_85_driver) StdoutLine: {'line': b'writing dependency_links to robotiq_85_driver.egg-info/dependency_links.txt\n'}
[3.755313] (robotiq_85_driver) StdoutLine: {'line': b'writing entry points to robotiq_85_driver.egg-info/entry_points.txt\n'}
[3.755865] (robotiq_85_driver) StdoutLine: {'line': b'writing requirements to robotiq_85_driver.egg-info/requires.txt\n'}
[3.756056] (robotiq_85_driver) StdoutLine: {'line': b'writing top-level names to robotiq_85_driver.egg-info/top_level.txt\n'}
[3.760408] (robotiq_85_driver) StdoutLine: {'line': b"reading manifest file 'robotiq_85_driver.egg-info/SOURCES.txt'\n"}
[3.761931] (robotiq_85_driver) StdoutLine: {'line': b"writing manifest file 'robotiq_85_driver.egg-info/SOURCES.txt'\n"}
[3.763807] (robotiq_85_driver) StdoutLine: {'line': b'running build_ext\n'}
[3.764174] (robotiq_85_driver) StdoutLine: {'line': b'Creating /home/kishu/roboticslab-technical-project/ros2_ws/install/robotiq_85_driver/lib/python3.10/site-packages/robotiq-85-driver.egg-link (link to .)\n'}
[3.765446] (robotiq_85_driver) StdoutLine: {'line': b'Installing robotiq_85_driver script to /home/kishu/roboticslab-technical-project/ros2_ws/install/robotiq_85_driver/lib/robotiq_85_driver\n'}
[3.766395] (robotiq_85_driver) StdoutLine: {'line': b'Installing robotiq_85_test script to /home/kishu/roboticslab-technical-project/ros2_ws/install/robotiq_85_driver/lib/robotiq_85_driver\n'}
[3.766779] (robotiq_85_driver) StdoutLine: {'line': b'Installing robotiq_85_test_close script to /home/kishu/roboticslab-technical-project/ros2_ws/install/robotiq_85_driver/lib/robotiq_85_driver\n'}
[3.767122] (robotiq_85_driver) StdoutLine: {'line': b'Installing single_robotiq_85_action_server script to /home/kishu/roboticslab-technical-project/ros2_ws/install/robotiq_85_driver/lib/robotiq_85_driver\n'}
[3.767654] (robotiq_85_driver) StdoutLine: {'line': b'\n'}
[3.767966] (robotiq_85_driver) StdoutLine: {'line': b'Installed /home/kishu/roboticslab-technical-project/ros2_ws/build/robotiq_85_driver\n'}
[3.768103] (robotiq_85_driver) StdoutLine: {'line': b'running symlink_data\n'}
[3.810647] (robotiq_85_driver) CommandEnded: {'returncode': 0}
[3.815461] (-) TimerEvent: {}
[3.826333] (robotiq_85_driver) JobEnded: {'identifier': 'robotiq_85_driver', 'rc': 0}
[3.828920] (robotiq_85_gripper) JobStarted: {'identifier': 'robotiq_85_gripper'}
[3.915565] (-) TimerEvent: {}
[3.985458] (robotiq_85_gripper) JobProgress: {'identifier': 'robotiq_85_gripper', 'progress': 'cmake'}
[3.987685] (robotiq_85_gripper) JobProgress: {'identifier': 'robotiq_85_gripper', 'progress': 'build'}
[3.988183] (robotiq_85_gripper) Command: {'cmd': ['/usr/bin/cmake', '--build', '/home/kishu/roboticslab-technical-project/ros2_ws/build/robotiq_85_gripper', '--', '-j4', '-l4'], 'cwd': '/home/kishu/roboticslab-technical-project/ros2_ws/build/robotiq_85_gripper', 'env': OrderedDict([('LESSOPEN', '| /usr/bin/lesspipe %s'), ('USER', 'kishu'), ('SHLVL', '1'), ('LD_LIBRARY_PATH', '/home/kishu/roboticslab-technical-project/ros2_ws/install/robotiq_85_msgs/lib:/usr/lib/x86_64-linux-gnu/gazebo-11/plugins:/opt/ros/humble/opt/rviz_ogre_vendor/lib:/opt/ros/humble/lib/x86_64-linux-gnu:/opt/ros/humble/lib'), ('HOME', '/home/kishu'), ('OLDPWD', '/home/kishu'), ('ROS_PYTHON_VERSION', '3'), ('DBUS_SESSION_BUS_ADDRESS', 'unix:path=/run/user/1000/bus'), ('WSL_DISTRO_NAME', 'Ubuntu-22.04'), ('WAYLAND_DISPLAY', 'wayland-0'), ('ROS_DISTRO', 'humble'), ('LOGNAME', 'kishu'), ('NAME', 'DESKTOP-07TM2Q3'), ('WSL_INTEROP', '/run/WSL/347_interop'), ('PULSE_SERVER', 'unix:/mnt/wslg/PulseServer'), ('_', '/usr/bin/colcon'), ('ROS_VERSION', '2'), ('TERM', 'xterm-256color'), ('GAZEBO_MODEL_PATH', '/home/kishu/roboticslab-technical-project/models::/opt/ros/humble/share/turtlebot3_gazebo/models'), ('ROS_LOCALHOST_ONLY', '0'), ('PATH', '/home/kishu/.local/bin:/opt/ros/humble/bin:/usr/local/sbin:/usr/local/bin:/usr/sbin:/usr/bin:/sbin:/bin:/usr/games:/usr/local/games:/usr/lib/wsl/lib:/mnt/c/Program Files/WindowsApps/CanonicalGroupLimited.Ubuntu22.04LTS_2204.5.10021.0_x64__79rhkp1fndgsc:/mnt/c/Windows/system32:/mnt/c/Windows:/mnt/c/Windows/System32/Wbem:/mnt/c/Windows/System32/WindowsPowerShell/v1.0/:/mnt/c/Windows/System32/OpenSSH/:/mnt/c/Program Files/Git/cmd:/mnt/c/Users/Mohamad/AppData/Local/Microsoft/WindowsApps:/mnt/c/Users/Mohamad/AppData/Local/Programs/Microsoft VS Code/bin:/mnt/c/Users/Mohamad/AppData/Local/GitHubDesktop/bin:/snap/bin'), ('XDG_RUNTIME_DIR', '/run/user/1000/'), ('DISPLAY', ':0'), ('LANG', 'C.UTF-8'), ('LS_COLORS', 'rs=0:di=01;34:ln=01;36:mh=00:pi=40;33:so=01;35:do=01;35:bd=40;33;01:cd=40;33;01:or=40;31;01:mi=00:su=37;41:sg=30;43:ca=30;41:tw=30;42:ow=34;42:st=37;44:ex=01;32:*.tar=01;31:*.tgz=01;31:*.arc=01;31:*.arj=01;31:*.taz=01;31:*.lha=01;31:*.lz4=01;31:*.lzh=01;31:*.lzma=01;31:*.tlz=01;31:*.txz=01;31:*.tzo=01;31:*.t7z=01;31:*.zip=01;31:*.z=01;31:*.dz=01;31:*.gz=01;31:*.lrz=01;31:*.lz=01;31:*.lzo=01;31:*.xz=01;31:*.zst=01;31:*.tzst=01;31:*.bz2=01;31:*.bz=01;31:*.tbz=01;31:*.tbz2=01;31:*.tz=01;31:*.deb=01;31:*.rpm=01;31:*.jar=01;31:*.war=01;31:*.ear=01;31:*.sar=01;31:*.rar=01;31:*.alz=01;31:*.ace=01;31:*.zoo=01;31:*.cpio=01;31:*.7z=01;31:*.rz=01;31:*.cab=01;31:*.wim=01;31:*.swm=01;31:*.dwm=01;31:*.esd=01;31:*.jpg=01;35:*.jpeg=01;35:*.mjpg=01;35:*.mjpeg=01;35:*.gif=01;35:*.bmp=01;35:*.pbm=01;35:*.pgm=01;35:*.ppm=01;35:*.tga=01;35:*.xbm=01;35:*.xpm=01;35:*.tif=01;35:*.tiff=01;35:*.png=01;35:*.svg=01;35:*.svgz=01;35:*.mng=01;35:*.pcx=01;35:*.mov=01;35:*.mpg=01;35:*.mpeg=01;35:*.m2v=01;35:*.mkv=01;35:*.webm=01;35:*.webp=01;35:*.ogm=01;35:*.mp4=01;35:*.m4v=01;35:*.mp4v=01;35:*.vob=01;35:*.qt=01;35:*.nuv=01;35:*.wmv=01;35:*.asf=01;35:*.rm=01;35:*.rmvb=01;35:*.flc=01;35:*.avi=01;35:*.fli=01;35:*.flv=01;35:*.gl=01;35:*.dl=01;35:*.xcf=01;35:*.xwd=01;35:*.yuv=01;35:*.cgm=01;35:*.emf=01;35:*.ogv=01;35:*.ogx=01;35:*.aac=00;36:*.au=00;36:*.flac=00;36:*.m4a=00;36:*.mid=00;36:*.midi=00;36:*.mka=00;36:*.mp3=00;36:*.mpc=00;36:*.ogg=00;36:*.ra=00;36:*.wav=00;36:*.oga=00;36:*.opus=00;36:*.spx=00;36:*.xspf=00;36:'), ('AMENT_PREFIX_PATH', '/home/kishu/roboticslab-technical-project/ros2_ws/install/robotiq_85_driver:/home/kishu/roboticslab-technical-project/ros2_ws/install/robotiq_85_msgs:/home/kishu/roboticslab-technical-project/ros2_ws/install/robotiq_85_description:/opt/ros/humble'), ('SHELL', '/bin/bash'), ('LESSCLOSE', '/usr/bin/lesspipe %s %s'), ('PWD', '/home/kishu/roboticslab-technical-project/ros2_ws/build/robotiq_85_gripper'), ('TURTLEBOT3_MODEL', 'waffle_pi'), ('XDG_DATA_DIRS', '/usr/local/share:/usr/share:/var/lib/snapd/desktop'), ('PYTHONPATH', '/home/kishu/roboticslab-technical-project/ros2_ws/build/robotiq_85_driver:/home/kishu/roboticslab-technical-project/ros2_ws/install/robotiq_85_driver/lib/python3.10/site-packages:/home/kishu/roboticslab-technical-project/ros2_ws/install/robotiq_85_msgs/local/lib/python3.10/dist-packages:/opt/ros/humble/lib/python3.10/site-packages:/opt/ros/humble/local/lib/python3.10/dist-packages'), ('COLCON', '1'), ('WSL2_GUI_APPS_ENABLED', '1'), ('HOSTTYPE', 'x86_64'), ('WSLENV', ''), ('CMAKE_PREFIX_PATH', '/home/kishu/roboticslab-technical-project/ros2_ws/install/robotiq_85_msgs:/home/kishu/roboticslab-technical-project/ros2_ws/install/robotiq_85_description:/opt/ros/humble')]), 'shell': False}
[4.015716] (-) TimerEvent: {}
[4.049152] (robotiq_85_gripper) CommandEnded: {'returncode': 0}
[4.051649] (robotiq_85_gripper) JobProgress: {'identifier': 'robotiq_85_gripper', 'progress': 'install'}
[4.052907] (robotiq_85_gripper) Command: {'cmd': ['/usr/bin/cmake', '--install', '/home/kishu/roboticslab-technical-project/ros2_ws/build/robotiq_85_gripper'], 'cwd': '/home/kishu/roboticslab-technical-project/ros2_ws/build/robotiq_85_gripper', 'env': OrderedDict([('LESSOPEN', '| /usr/bin/lesspipe %s'), ('USER', 'kishu'), ('SHLVL', '1'), ('LD_LIBRARY_PATH', '/home/kishu/roboticslab-technical-project/ros2_ws/install/robotiq_85_msgs/lib:/usr/lib/x86_64-linux-gnu/gazebo-11/plugins:/opt/ros/humble/opt/rviz_ogre_vendor/lib:/opt/ros/humble/lib/x86_64-linux-gnu:/opt/ros/humble/lib'), ('HOME', '/home/kishu'), ('OLDPWD', '/home/kishu'), ('ROS_PYTHON_VERSION', '3'), ('DBUS_SESSION_BUS_ADDRESS', 'unix:path=/run/user/1000/bus'), ('WSL_DISTRO_NAME', 'Ubuntu-22.04'), ('WAYLAND_DISPLAY', 'wayland-0'), ('ROS_DISTRO', 'humble'), ('LOGNAME', 'kishu'), ('NAME', 'DESKTOP-07TM2Q3'), ('WSL_INTEROP', '/run/WSL/347_interop'), ('PULSE_SERVER', 'unix:/mnt/wslg/PulseServer'), ('_', '/usr/bin/colcon'), ('ROS_VERSION', '2'), ('TERM', 'xterm-256color'), ('GAZEBO_MODEL_PATH', '/home/kishu/roboticslab-technical-project/models::/opt/ros/humble/share/turtlebot3_gazebo/models'), ('ROS_LOCALHOST_ONLY', '0'), ('PATH', '/home/kishu/.local/bin:/opt/ros/humble/bin:/usr/local/sbin:/usr/local/bin:/usr/sbin:/usr/bin:/sbin:/bin:/usr/games:/usr/local/games:/usr/lib/wsl/lib:/mnt/c/Program Files/WindowsApps/CanonicalGroupLimited.Ubuntu22.04LTS_2204.5.10021.0_x64__79rhkp1fndgsc:/mnt/c/Windows/system32:/mnt/c/Windows:/mnt/c/Windows/System32/Wbem:/mnt/c/Windows/System32/WindowsPowerShell/v1.0/:/mnt/c/Windows/System32/OpenSSH/:/mnt/c/Program Files/Git/cmd:/mnt/c/Users/Mohamad/AppData/Local/Microsoft/WindowsApps:/mnt/c/Users/Mohamad/AppData/Local/Programs/Microsoft VS Code/bin:/mnt/c/Users/Mohamad/AppData/Local/GitHubDesktop/bin:/snap/bin'), ('XDG_RUNTIME_DIR', '/run/user/1000/'), ('DISPLAY', ':0'), ('LANG', 'C.UTF-8'), ('LS_COLORS', 'rs=0:di=01;34:ln=01;36:mh=00:pi=40;33:so=01;35:do=01;35:bd=40;33;01:cd=40;33;01:or=40;31;01:mi=00:su=37;41:sg=30;43:ca=30;41:tw=30;42:ow=34;42:st=37;44:ex=01;32:*.tar=01;31:*.tgz=01;31:*.arc=01;31:*.arj=01;31:*.taz=01;31:*.lha=01;31:*.lz4=01;31:*.lzh=01;31:*.lzma=01;31:*.tlz=01;31:*.txz=01;31:*.tzo=01;31:*.t7z=01;31:*.zip=01;31:*.z=01;31:*.dz=01;31:*.gz=01;31:*.lrz=01;31:*.lz=01;31:*.lzo=01;31:*.xz=01;31:*.zst=01;31:*.tzst=01;31:*.bz2=01;31:*.bz=01;31:*.tbz=01;31:*.tbz2=01;31:*.tz=01;31:*.deb=01;31:*.rpm=01;31:*.jar=01;31:*.war=01;31:*.ear=01;31:*.sar=01;31:*.rar=01;31:*.alz=01;31:*.ace=01;31:*.zoo=01;31:*.cpio=01;31:*.7z=01;31:*.rz=01;31:*.cab=01;31:*.wim=01;31:*.swm=01;31:*.dwm=01;31:*.esd=01;31:*.jpg=01;35:*.jpeg=01;35:*.mjpg=01;35:*.mjpeg=01;35:*.gif=01;35:*.bmp=01;35:*.pbm=01;35:*.pgm=01;35:*.ppm=01;35:*.tga=01;35:*.xbm=01;35:*.xpm=01;35:*.tif=01;35:*.tiff=01;35:*.png=01;35:*.svg=01;35:*.svgz=01;35:*.mng=01;35:*.pcx=01;35:*.mov=01;35:*.mpg=01;35:*.mpeg=01;35:*.m2v=01;35:*.mkv=01;35:*.webm=01;35:*.webp=01;35:*.ogm=01;35:*.mp4=01;35:*.m4v=01;35:*.mp4v=01;35:*.vob=01;35:*.qt=01;35:*.nuv=01;35:*.wmv=01;35:*.asf=01;35:*.rm=01;35:*.rmvb=01;35:*.flc=01;35:*.avi=01;35:*.fli=01;35:*.flv=01;35:*.gl=01;35:*.dl=01;35:*.xcf=01;35:*.xwd=01;35:*.yuv=01;35:*.cgm=01;35:*.emf=01;35:*.ogv=01;35:*.ogx=01;35:*.aac=00;36:*.au=00;36:*.flac=00;36:*.m4a=00;36:*.mid=00;36:*.midi=00;36:*.mka=00;36:*.mp3=00;36:*.mpc=00;36:*.ogg=00;36:*.ra=00;36:*.wav=00;36:*.oga=00;36:*.opus=00;36:*.spx=00;36:*.xspf=00;36:'), ('AMENT_PREFIX_PATH', '/home/kishu/roboticslab-technical-project/ros2_ws/install/robotiq_85_driver:/home/kishu/roboticslab-technical-project/ros2_ws/install/robotiq_85_msgs:/home/kishu/roboticslab-technical-project/ros2_ws/install/robotiq_85_description:/opt/ros/humble'), ('SHELL', '/bin/bash'), ('LESSCLOSE', '/usr/bin/lesspipe %s %s'), ('PWD', '/home/kishu/roboticslab-technical-project/ros2_ws/build/robotiq_85_gripper'), ('TURTLEBOT3_MODEL', 'waffle_pi'), ('XDG_DATA_DIRS', '/usr/local/share:/usr/share:/var/lib/snapd/desktop'), ('PYTHONPATH', '/home/kishu/roboticslab-technical-project/ros2_ws/build/robotiq_85_driver:/home/kishu/roboticslab-technical-project/ros2_ws/install/robotiq_85_driver/lib/python3.10/site-packages:/home/kishu/roboticslab-technical-project/ros2_ws/install/robotiq_85_msgs/local/lib/python3.10/dist-packages:/opt/ros/humble/lib/python3.10/site-packages:/opt/ros/humble/local/lib/python3.10/dist-packages'), ('COLCON', '1'), ('WSL2_GUI_APPS_ENABLED', '1'), ('HOSTTYPE', 'x86_64'), ('WSLENV', ''), ('CMAKE_PREFIX_PATH', '/home/kishu/roboticslab-technical-project/ros2_ws/install/robotiq_85_msgs:/home/kishu/roboticslab-technical-project/ros2_ws/install/robotiq_85_description:/opt/ros/humble')]), 'shell': False}
[4.063701] (robotiq_85_gripper) StdoutLine: {'line': b'-- Install configuration: ""\n'}
[4.065318] (robotiq_85_gripper) StdoutLine: {'line': b'-- Execute custom install script\n'}
[4.068781] (robotiq_85_gripper) StdoutLine: {'line': b'-- Up-to-date symlink: /home/kishu/roboticslab-technical-project/ros2_ws/install/robotiq_85_gripper/share/ament_index/resource_index/package_run_dependencies/robotiq_85_gripper\n'}
[4.070224] (robotiq_85_gripper) StdoutLine: {'line': b'-- Up-to-date symlink: /home/kishu/roboticslab-technical-project/ros2_ws/install/robotiq_85_gripper/share/ament_index/resource_index/parent_prefix_path/robotiq_85_gripper\n'}
[4.072168] (robotiq_85_gripper) StdoutLine: {'line': b'-- Up-to-date symlink: /home/kishu/roboticslab-technical-project/ros2_ws/install/robotiq_85_gripper/share/robotiq_85_gripper/environment/ament_prefix_path.sh\n'}
[4.073179] (robotiq_85_gripper) StdoutLine: {'line': b'-- Up-to-date symlink: /home/kishu/roboticslab-technical-project/ros2_ws/install/robotiq_85_gripper/share/robotiq_85_gripper/environment/ament_prefix_path.dsv\n'}
[4.074213] (robotiq_85_gripper) StdoutLine: {'line': b'-- Up-to-date symlink: /home/kishu/roboticslab-technical-project/ros2_ws/install/robotiq_85_gripper/share/robotiq_85_gripper/environment/path.sh\n'}
[4.075347] (robotiq_85_gripper) StdoutLine: {'line': b'-- Up-to-date symlink: /home/kishu/roboticslab-technical-project/ros2_ws/install/robotiq_85_gripper/share/robotiq_85_gripper/environment/path.dsv\n'}
[4.076325] (robotiq_85_gripper) StdoutLine: {'line': b'-- Up-to-date symlink: /home/kishu/roboticslab-technical-project/ros2_ws/install/robotiq_85_gripper/share/robotiq_85_gripper/local_setup.bash\n'}
[4.077291] (robotiq_85_gripper) StdoutLine: {'line': b'-- Up-to-date symlink: /home/kishu/roboticslab-technical-project/ros2_ws/install/robotiq_85_gripper/share/robotiq_85_gripper/local_setup.sh\n'}
[4.078259] (robotiq_85_gripper) StdoutLine: {'line': b'-- Up-to-date symlink: /home/kishu/roboticslab-technical-project/ros2_ws/install/robotiq_85_gripper/share/robotiq_85_gripper/local_setup.zsh\n'}
[4.079183] (robotiq_85_gripper) StdoutLine: {'line': b'-- Up-to-date symlink: /home/kishu/roboticslab-technical-project/ros2_ws/install/robotiq_85_gripper/share/robotiq_85_gripper/local_setup.dsv\n'}
[4.079509] (robotiq_85_gripper) StdoutLine: {'line': b'-- Symlinking: /home/kishu/roboticslab-technical-project/ros2_ws/install/robotiq_85_gripper/share/robotiq_85_gripper/package.dsv\n'}
[4.092759] (robotiq_85_gripper) StdoutLine: {'line': b'-- Up-to-date symlink: /home/kishu/roboticslab-technical-project/ros2_ws/install/robotiq_85_gripper/share/ament_index/resource_index/packages/robotiq_85_gripper\n'}
[4.094252] (robotiq_85_gripper) StdoutLine: {'line': b'-- Up-to-date symlink: /home/kishu/roboticslab-technical-project/ros2_ws/install/robotiq_85_gripper/share/robotiq_85_gripper/cmake/robotiq_85_gripperConfig.cmake\n'}
[4.095283] (robotiq_85_gripper) StdoutLine: {'line': b'-- Up-to-date symlink: /home/kishu/roboticslab-technical-project/ros2_ws/install/robotiq_85_gripper/share/robotiq_85_gripper/cmake/robotiq_85_gripperConfig-version.cmake\n'}
[4.096493] (robotiq_85_gripper) StdoutLine: {'line': b'-- Up-to-date symlink: /home/kishu/roboticslab-technical-project/ros2_ws/install/robotiq_85_gripper/share/robotiq_85_gripper/package.xml\n'}
[4.100014] (robotiq_85_gripper) CommandEnded: {'returncode': 0}
[4.116746] (-) TimerEvent: {}
[4.121867] (robotiq_85_gripper) JobEnded: {'identifier': 'robotiq_85_gripper', 'rc': 0}
[4.124336] (-) EventReactorShutdown: {}
